district,crop,season,yield,unit,year,source,source_page
Ariyalur,Arecanut,Combined,1951.0,kg/ha,2024-25,Tamil Nadu Department of Economics and Statistics - Districtwise Average Yield Rates of Crops 2024-25,7
Ariyalur,Bajra (Cumbu),Combined,1989.0,kg/ha,2024-25,Tamil Nadu Department of Economics and Statistics - Districtwise Average Yield Rates of Crops 2024-25,2
Ariyalur,Bajra (Cumbu),Kharif,1994.0,kg/ha,2024-25,Tamil Nadu Department of Economics and Statistics - Districtwise Average Yield Rates of Crops 2024-25,2
Ariyalur,Bajra (Cumbu),Rabi,1597.0,kg/ha,2024-25,Tamil Nadu Department of Economics and Statistics - Districtwise Average Yield Rates of Crops 2024-25,2
Ariyalur,Banana,Combined,39691.0,kg/ha,2024-25,Tamil Nadu Department of Economics and Statistics - Districtwise Average Yield Rates of Crops 2024-25,10
Ariyalur,Bengal Gram,Combined,0.0,kg/ha,2024-25,Tamil Nadu Department of Economics and Statistics - Districtwise Average Yield Rates of Crops 2024-25,4
Ariyalur,Black Gram,Combined,611.0,kg/ha,2024-25,Tamil Nadu Department of Economics and Statistics - Districtwise Average Yield Rates of Crops 2024-25,5
Ariyalur,Black Gram,Kharif,531.0,kg/ha,2024-25,Tamil Nadu Department of Economics and Statistics - Districtwise Average Yield Rates of Crops 2024-25,5
Ariyalur,Black Gram,Rabi,614.0,kg/ha,2024-25,Tamil Nadu Department of Economics and Statistics - Districtwise Average Yield Rates of Crops 2024-25,5
Ariyalur,Brinjal,Combined,13225.0,kg/ha,2024-25,Tamil Nadu Department of Economics and Statistics - Districtwise Average Yield Rates of Crops 2024-25,9
Ariyalur,Cabbage,Combined,71595.0,kg/ha,2024-25,Tamil Nadu Department of Economics and Statistics - Districtwise Average Yield Rates of Crops 2024-25,9
Ariyalur,Cardamom,Combined,0.0,kg/ha,2024-25,Tamil Nadu Department of Economics and Statistics - Districtwise Average Yield Rates of Crops 2024-25,8
Ariyalur,Cashew Nut,Combined,421.0,kg/ha,2024-25,Tamil Nadu Department of Economics and Statistics - Districtwise Average Yield Rates of Crops 2024-25,10
Ariyalur,Castor,Combined,312.0,kg/ha,2024-25,Tamil Nadu Department of Economics and Statistics - Districtwise Average Yield Rates of Crops 2024-25,12
Ariyalur,Chillies,Combined,528.0,kg/ha,2024-25,Tamil Nadu Department of Economics and Statistics - Districtwise Average Yield Rates of Crops 2024-25,7
Ariyalur,Cloves,Combined,0.0,kg/ha,2024-25,Tamil Nadu Department of Economics and Statistics - Districtwise Average Yield Rates of Crops 2024-25,7
Ariyalur,Coconut,Combined,13780.0,nuts/ha,2024-25,Tamil Nadu Department of Economics and Statistics - Districtwise Average Yield Rates of Crops 2024-25,13
Ariyalur,Coriander,Combined,444.0,kg/ha,2024-25,Tamil Nadu Department of Economics and Statistics - Districtwise Average Yield Rates of Crops 2024-25,8
Ariyalur,Cotton,Combined,1897.0,kg/ha,2024-25,Tamil Nadu Department of Economics and Statistics - Districtwise Average Yield Rates of Crops 2024-25,13
Ariyalur,Cotton,Kharif,304.0,kg/ha,2024-25,Tamil Nadu Department of Economics and Statistics - Districtwise Average Yield Rates of Crops 2024-25,13
Ariyalur,Cotton,Rabi,386.0,kg/ha,2024-25,Tamil Nadu Department of Economics and Statistics - Districtwise Average Yield Rates of Crops 2024-25,13
Ariyalur,Cowpea,Combined,564.0,kg/ha,2024-25,Tamil Nadu Department of Economics and Statistics - Districtwise Average Yield Rates of Crops 2024-25,6
Ariyalur,Cowpea,Kharif,604.0,kg/ha,2024-25,Tamil Nadu Department of Economics and Statistics - Districtwise Average Yield Rates of Crops 2024-25,6
Ariyalur,Cowpea,Rabi,0.0,kg/ha,2024-25,Tamil Nadu Department of Economics and Statistics - Districtwise Average Yield Rates of Crops 2024-25,6
Ariyalur,Garlic,Combined,0.0,kg/ha,2024-25,Tamil Nadu Department of Economics and Statistics - Districtwise Average Yield Rates of Crops 2024-25,7
Ariyalur,Gingelly,Combined,489.0,kg/ha,2024-25,Tamil Nadu Department of Economics and Statistics - Districtwise Average Yield Rates of Crops 2024-25,11
Ariyalur,Gingelly,Kharif,700.0,kg/ha,2024-25,Tamil Nadu Department of Economics and Statistics - Districtwise Average Yield Rates of Crops 2024-25,11
Ariyalur,Gingelly,Rabi,414.0,kg/ha,2024-25,Tamil Nadu Department of Economics and Statistics - Districtwise Average Yield Rates of Crops 2024-25,11
Ariyalur,Ginger,Combined,5488.0,kg/ha,2024-25,Tamil Nadu Department of Economics and Statistics - Districtwise Average Yield Rates of Crops 2024-25,7
Ariyalur,Grapes,Combined,0.0,kg/ha,2024-25,Tamil Nadu Department of Economics and Statistics - Districtwise Average Yield Rates of Crops 2024-25,11
Ariyalur,Green Gram,Combined,307.0,kg/ha,2024-25,Tamil Nadu Department of Economics and Statistics - Districtwise Average Yield Rates of Crops 2024-25,5
Ariyalur,Green Gram,Kharif,564.0,kg/ha,2024-25,Tamil Nadu Department of Economics and Statistics - Districtwise Average Yield Rates of Crops 2024-25,5
Ariyalur,Green Gram,Rabi,248.0,kg/ha,2024-25,Tamil Nadu Department of Economics and Statistics - Districtwise Average Yield Rates of Crops 2024-25,5
Ariyalur,Groundnut,Combined,3683.0,kg/ha,2024-25,Tamil Nadu Department of Economics and Statistics - Districtwise Average Yield Rates of Crops 2024-25,11
Ariyalur,Groundnut,Kharif,2681.0,kg/ha,2024-25,Tamil Nadu Department of Economics and Statistics - Districtwise Average Yield Rates of Crops 2024-25,11
Ariyalur,Groundnut,Rabi,4167.0,kg/ha,2024-25,Tamil Nadu Department of Economics and Statistics - Districtwise Average Yield Rates of Crops 2024-25,11
Ariyalur,Guava,Combined,7076.0,kg/ha,2024-25,Tamil Nadu Department of Economics and Statistics - Districtwise Average Yield Rates of Crops 2024-25,11
Ariyalur,Horse Gram,Combined,0.0,kg/ha,2024-25,Tamil Nadu Department of Economics and Statistics - Districtwise Average Yield Rates of Crops 2024-25,5
Ariyalur,Horse Gram,Kharif,0.0,kg/ha,2024-25,Tamil Nadu Department of Economics and Statistics - Districtwise Average Yield Rates of Crops 2024-25,5
Ariyalur,Horse Gram,Rabi,0.0,kg/ha,2024-25,Tamil Nadu Department of Economics and Statistics - Districtwise Average Yield Rates of Crops 2024-25,5
Ariyalur,Jack Fruit,Combined,4754.0,kg/ha,2024-25,Tamil Nadu Department of Economics and Statistics - Districtwise Average Yield Rates of Crops 2024-25,10
Ariyalur,Jowar (Cholam),Combined,1193.0,kg/ha,2024-25,Tamil Nadu Department of Economics and Statistics - Districtwise Average Yield Rates of Crops 2024-25,1
Ariyalur,Jowar (Cholam),Kharif,1293.0,kg/ha,2024-25,Tamil Nadu Department of Economics and Statistics - Districtwise Average Yield Rates of Crops 2024-25,1
Ariyalur,Jowar (Cholam),Rabi,1147.0,kg/ha,2024-25,Tamil Nadu Department of Economics and Statistics - Districtwise Average Yield Rates of Crops 2024-25,1
Ariyalur,Korra,Combined,0.0,kg/ha,2024-25,Tamil Nadu Department of Economics and Statistics - Districtwise Average Yield Rates of Crops 2024-25,3
Ariyalur,Lady's Finger,Combined,11366.0,kg/ha,2024-25,Tamil Nadu Department of Economics and Statistics - Districtwise Average Yield Rates of Crops 2024-25,9
Ariyalur,Lemon,Combined,6533.0,kg/ha,2024-25,Tamil Nadu Department of Economics and Statistics - Districtwise Average Yield Rates of Crops 2024-25,10
Ariyalur,Maize,Combined,4718.0,kg/ha,2024-25,Tamil Nadu Department of Economics and Statistics - Districtwise Average Yield Rates of Crops 2024-25,3
Ariyalur,Maize,Kharif,4231.0,kg/ha,2024-25,Tamil Nadu Department of Economics and Statistics - Districtwise Average Yield Rates of Crops 2024-25,3
Ariyalur,Maize,Rabi,5084.0,kg/ha,2024-25,Tamil Nadu Department of Economics and Statistics - Districtwise Average Yield Rates of Crops 2024-25,3
Ariyalur,Mango,Combined,5855.0,kg/ha,2024-25,Tamil Nadu Department of Economics and Statistics - Districtwise Average Yield Rates of Crops 2024-25,10
Ariyalur,Onion,Combined,8880.0,kg/ha,2024-25,Tamil Nadu Department of Economics and Statistics - Districtwise Average Yield Rates of Crops 2024-25,9
Ariyalur,Onion,Kharif,10529.0,kg/ha,2024-25,Tamil Nadu Department of Economics and Statistics - Districtwise Average Yield Rates of Crops 2024-25,9
Ariyalur,Onion,Rabi,7307.0,kg/ha,2024-25,Tamil Nadu Department of Economics and Statistics - Districtwise Average Yield Rates of Crops 2024-25,9
Ariyalur,Orange,Combined,3912.0,kg/ha,2024-25,Tamil Nadu Department of Economics and Statistics - Districtwise Average Yield Rates of Crops 2024-25,10
Ariyalur,Other Cereals,Combined,0.0,kg/ha,2024-25,Tamil Nadu Department of Economics and Statistics - Districtwise Average Yield Rates of Crops 2024-25,4
Ariyalur,Other Pulses,Combined,585.0,kg/ha,2024-25,Tamil Nadu Department of Economics and Statistics - Districtwise Average Yield Rates of Crops 2024-25,6
Ariyalur,Other Pulses,Kharif,585.0,kg/ha,2024-25,Tamil Nadu Department of Economics and Statistics - Districtwise Average Yield Rates of Crops 2024-25,6
Ariyalur,Other Pulses,Rabi,585.0,kg/ha,2024-25,Tamil Nadu Department of Economics and Statistics - Districtwise Average Yield Rates of Crops 2024-25,6
Ariyalur,Paddy,Combined,3538.0,kg/ha,2024-25,Tamil Nadu Department of Economics and Statistics - Districtwise Average Yield Rates of Crops 2024-25,1
Ariyalur,Paddy,Kar/Kuruvai/Sornavari,3696.0,kg/ha,2024-25,Tamil Nadu Department of Economics and Statistics - Districtwise Average Yield Rates of Crops 2024-25,1
Ariyalur,Paddy,Navarai/Kodai,3874.0,kg/ha,2024-25,Tamil Nadu Department of Economics and Statistics - Districtwise Average Yield Rates of Crops 2024-25,1
Ariyalur,Paddy,Samba/Thaladi/Pishanam,3485.0,kg/ha,2024-25,Tamil Nadu Department of Economics and Statistics - Districtwise Average Yield Rates of Crops 2024-25,1
Ariyalur,Pepper,Combined,0.0,kg/ha,2024-25,Tamil Nadu Department of Economics and Statistics - Districtwise Average Yield Rates of Crops 2024-25,7
Ariyalur,Pine Apple,Combined,0.0,kg/ha,2024-25,Tamil Nadu Department of Economics and Statistics - Districtwise Average Yield Rates of Crops 2024-25,10
Ariyalur,Potato,Combined,0.0,kg/ha,2024-25,Tamil Nadu Department of Economics and Statistics - Districtwise Average Yield Rates of Crops 2024-25,8
Ariyalur,Potato,Kharif,0.0,kg/ha,2024-25,Tamil Nadu Department of Economics and Statistics - Districtwise Average Yield Rates of Crops 2024-25,8
Ariyalur,Potato,Rabi,0.0,kg/ha,2024-25,Tamil Nadu Department of Economics and Statistics - Districtwise Average Yield Rates of Crops 2024-25,8
Ariyalur,Ragi,Combined,5390.0,kg/ha,2024-25,Tamil Nadu Department of Economics and Statistics - Districtwise Average Yield Rates of Crops 2024-25,2
Ariyalur,Ragi,Kharif,3922.0,kg/ha,2024-25,Tamil Nadu Department of Economics and Statistics - Districtwise Average Yield Rates of Crops 2024-25,2
Ariyalur,Ragi,Rabi,6942.0,kg/ha,2024-25,Tamil Nadu Department of Economics and Statistics - Districtwise Average Yield Rates of Crops 2024-25,2
Ariyalur,Rapeseed & Mustard,Combined,0.0,kg/ha,2024-25,Tamil Nadu Department of Economics and Statistics - Districtwise Average Yield Rates of Crops 2024-25,12
Ariyalur,Red Gram,Combined,1018.0,kg/ha,2024-25,Tamil Nadu Department of Economics and Statistics - Districtwise Average Yield Rates of Crops 2024-25,4
Ariyalur,Red Gram,Kharif,1015.0,kg/ha,2024-25,Tamil Nadu Department of Economics and Statistics - Districtwise Average Yield Rates of Crops 2024-25,4
Ariyalur,Red Gram,Rabi,1026.0,kg/ha,2024-25,Tamil Nadu Department of Economics and Statistics - Districtwise Average Yield Rates of Crops 2024-25,4
Ariyalur,Samai,Combined,0.0,kg/ha,2024-25,Tamil Nadu Department of Economics and Statistics - Districtwise Average Yield Rates of Crops 2024-25,4
Ariyalur,Samai,Kharif,0.0,kg/ha,2024-25,Tamil Nadu Department of Economics and Statistics - Districtwise Average Yield Rates of Crops 2024-25,4
Ariyalur,Samai,Rabi,0.0,kg/ha,2024-25,Tamil Nadu Department of Economics and Statistics - Districtwise Average Yield Rates of Crops 2024-25,4
Ariyalur,Sugar Cane,Combined,81.0,tonnes/ha,2024-25,Tamil Nadu Department of Economics and Statistics - Districtwise Average Yield Rates of Crops 2024-25,6
Ariyalur,Sun Flower,Combined,0.0,kg/ha,2024-25,Tamil Nadu Department of Economics and Statistics - Districtwise Average Yield Rates of Crops 2024-25,12
Ariyalur,Sun Flower,Kharif,0.0,kg/ha,2024-25,Tamil Nadu Department of Economics and Statistics - Districtwise Average Yield Rates of Crops 2024-25,12
Ariyalur,Sun Flower,Rabi,0.0,kg/ha,2024-25,Tamil Nadu Department of Economics and Statistics - Districtwise Average Yield Rates of Crops 2024-25,12
Ariyalur,Sweet Potato,Combined,19336.0,kg/ha,2024-25,Tamil Nadu Department of Economics and Statistics - Districtwise Average Yield Rates of Crops 2024-25,8
Ariyalur,Tamarind,Combined,2645.0,kg/ha,2024-25,Tamil Nadu Department of Economics and Statistics - Districtwise Average Yield Rates of Crops 2024-25,8
Ariyalur,Tapioca,Combined,40259.0,kg/ha,2024-25,Tamil Nadu Department of Economics and Statistics - Districtwise Average Yield Rates of Crops 2024-25,8
Ariyalur,Tobacco,Combined,0.0,kg/ha,2024-25,Tamil Nadu Department of Economics and Statistics - Districtwise Average Yield Rates of Crops 2024-25,13
Ariyalur,Tomato,Combined,19663.0,kg/ha,2024-25,Tamil Nadu Department of Economics and Statistics - Districtwise Average Yield Rates of Crops 2024-25,9
Ariyalur,Turmeric,Combined,0.0,kg/ha,2024-25,Tamil Nadu Department of Economics and Statistics - Districtwise Average Yield Rates of Crops 2024-25,7
Ariyalur,Varagu,Combined,1898.0,kg/ha,2024-25,Tamil Nadu Department of Economics and Statistics - Districtwise Average Yield Rates of Crops 2024-25,3
Ariyalur,Varagu,Kharif,1898.0,kg/ha,2024-25,Tamil Nadu Department of Economics and Statistics - Districtwise Average Yield Rates of Crops 2024-25,3
Ariyalur,Varagu,Rabi,1898.0,kg/ha,2024-25,Tamil Nadu Department of Economics and Statistics - Districtwise Average Yield Rates of Crops 2024-25,3
Chengalpattu,Arecanut,Combined,2066.0,kg/ha,2024-25,Tamil Nadu Department of Economics and Statistics - Districtwise Average Yield Rates of Crops 2024-25,7
Chengalpattu,Bajra (Cumbu),Combined,2652.0,kg/ha,2024-25,Tamil Nadu Department of Economics and Statistics - Districtwise Average Yield Rates of Crops 2024-25,2
Chengalpattu,Bajra (Cumbu),Kharif,2652.0,kg/ha,2024-25,Tamil Nadu Department of Economics and Statistics - Districtwise Average Yield Rates of Crops 2024-25,2
Chengalpattu,Bajra (Cumbu),Rabi,0.0,kg/ha,2024-25,Tamil Nadu Department of Economics and Statistics - Districtwise Average Yield Rates of Crops 2024-25,2
Chengalpattu,Banana,Combined,39691.0,kg/ha,2024-25,Tamil Nadu Department of Economics and Statistics - Districtwise Average Yield Rates of Crops 2024-25,10
Chengalpattu,Bengal Gram,Combined,0.0,kg/ha,2024-25,Tamil Nadu Department of Economics and Statistics - Districtwise Average Yield Rates of Crops 2024-25,4
Chengalpattu,Black Gram,Combined,472.0,kg/ha,2024-25,Tamil Nadu Department of Economics and Statistics - Districtwise Average Yield Rates of Crops 2024-25,5
Chengalpattu,Black Gram,Kharif,531.0,kg/ha,2024-25,Tamil Nadu Department of Economics and Statistics - Districtwise Average Yield Rates of Crops 2024-25,5
Chengalpattu,Black Gram,Rabi,456.0,kg/ha,2024-25,Tamil Nadu Department of Economics and Statistics - Districtwise Average Yield Rates of Crops 2024-25,5
Chengalpattu,Brinjal,Combined,13225.0,kg/ha,2024-25,Tamil Nadu Department of Economics and Statistics - Districtwise Average Yield Rates of Crops 2024-25,9
Chengalpattu,Cabbage,Combined,0.0,kg/ha,2024-25,Tamil Nadu Department of Economics and Statistics - Districtwise Average Yield Rates of Crops 2024-25,9
Chengalpattu,Cardamom,Combined,0.0,kg/ha,2024-25,Tamil Nadu Department of Economics and Statistics - Districtwise Average Yield Rates of Crops 2024-25,8
Chengalpattu,Cashew Nut,Combined,364.0,kg/ha,2024-25,Tamil Nadu Department of Economics and Statistics - Districtwise Average Yield Rates of Crops 2024-25,10
Chengalpattu,Castor,Combined,0.0,kg/ha,2024-25,Tamil Nadu Department of Economics and Statistics - Districtwise Average Yield Rates of Crops 2024-25,12
Chengalpattu,Chillies,Combined,528.0,kg/ha,2024-25,Tamil Nadu Department of Economics and Statistics - Districtwise Average Yield Rates of Crops 2024-25,7
Chengalpattu,Cloves,Combined,0.0,kg/ha,2024-25,Tamil Nadu Department of Economics and Statistics - Districtwise Average Yield Rates of Crops 2024-25,7
Chengalpattu,Coconut,Combined,14367.0,nuts/ha,2024-25,Tamil Nadu Department of Economics and Statistics - Districtwise Average Yield Rates of Crops 2024-25,13
Chengalpattu,Coriander,Combined,0.0,kg/ha,2024-25,Tamil Nadu Department of Economics and Statistics - Districtwise Average Yield Rates of Crops 2024-25,8
Chengalpattu,Cotton,Combined,1659.0,kg/ha,2024-25,Tamil Nadu Department of Economics and Statistics - Districtwise Average Yield Rates of Crops 2024-25,13
Chengalpattu,Cotton,Kharif,282.0,kg/ha,2024-25,Tamil Nadu Department of Economics and Statistics - Districtwise Average Yield Rates of Crops 2024-25,13
Chengalpattu,Cotton,Rabi,0.0,kg/ha,2024-25,Tamil Nadu Department of Economics and Statistics - Districtwise Average Yield Rates of Crops 2024-25,13
Chengalpattu,Cowpea,Combined,410.0,kg/ha,2024-25,Tamil Nadu Department of Economics and Statistics - Districtwise Average Yield Rates of Crops 2024-25,6
Chengalpattu,Cowpea,Kharif,604.0,kg/ha,2024-25,Tamil Nadu Department of Economics and Statistics - Districtwise Average Yield Rates of Crops 2024-25,6
Chengalpattu,Cowpea,Rabi,0.0,kg/ha,2024-25,Tamil Nadu Department of Economics and Statistics - Districtwise Average Yield Rates of Crops 2024-25,6
Chengalpattu,Garlic,Combined,0.0,kg/ha,2024-25,Tamil Nadu Department of Economics and Statistics - Districtwise Average Yield Rates of Crops 2024-25,7
Chengalpattu,Gingelly,Combined,379.0,kg/ha,2024-25,Tamil Nadu Department of Economics and Statistics - Districtwise Average Yield Rates of Crops 2024-25,11
Chengalpattu,Gingelly,Kharif,333.0,kg/ha,2024-25,Tamil Nadu Department of Economics and Statistics - Districtwise Average Yield Rates of Crops 2024-25,11
Chengalpattu,Gingelly,Rabi,414.0,kg/ha,2024-25,Tamil Nadu Department of Economics and Statistics - Districtwise Average Yield Rates of Crops 2024-25,11
Chengalpattu,Ginger,Combined,5488.0,kg/ha,2024-25,Tamil Nadu Department of Economics and Statistics - Districtwise Average Yield Rates of Crops 2024-25,7
Chengalpattu,Grapes,Combined,0.0,kg/ha,2024-25,Tamil Nadu Department of Economics and Statistics - Districtwise Average Yield Rates of Crops 2024-25,11
Chengalpattu,Green Gram,Combined,341.0,kg/ha,2024-25,Tamil Nadu Department of Economics and Statistics - Districtwise Average Yield Rates of Crops 2024-25,5
Chengalpattu,Green Gram,Kharif,564.0,kg/ha,2024-25,Tamil Nadu Department of Economics and Statistics - Districtwise Average Yield Rates of Crops 2024-25,5
Chengalpattu,Green Gram,Rabi,248.0,kg/ha,2024-25,Tamil Nadu Department of Economics and Statistics - Districtwise Average Yield Rates of Crops 2024-25,5
Chengalpattu,Groundnut,Combined,4255.0,kg/ha,2024-25,Tamil Nadu Department of Economics and Statistics - Districtwise Average Yield Rates of Crops 2024-25,11
Chengalpattu,Groundnut,Kharif,2799.0,kg/ha,2024-25,Tamil Nadu Department of Economics and Statistics - Districtwise Average Yield Rates of Crops 2024-25,11
Chengalpattu,Groundnut,Rabi,4414.0,kg/ha,2024-25,Tamil Nadu Department of Economics and Statistics - Districtwise Average Yield Rates of Crops 2024-25,11
Chengalpattu,Guava,Combined,7076.0,kg/ha,2024-25,Tamil Nadu Department of Economics and Statistics - Districtwise Average Yield Rates of Crops 2024-25,11
Chengalpattu,Horse Gram,Combined,0.0,kg/ha,2024-25,Tamil Nadu Department of Economics and Statistics - Districtwise Average Yield Rates of Crops 2024-25,5
Chengalpattu,Horse Gram,Kharif,0.0,kg/ha,2024-25,Tamil Nadu Department of Economics and Statistics - Districtwise Average Yield Rates of Crops 2024-25,5
Chengalpattu,Horse Gram,Rabi,0.0,kg/ha,2024-25,Tamil Nadu Department of Economics and Statistics - Districtwise Average Yield Rates of Crops 2024-25,5
Chengalpattu,Jack Fruit,Combined,2820.0,kg/ha,2024-25,Tamil Nadu Department of Economics and Statistics - Districtwise Average Yield Rates of Crops 2024-25,10
Chengalpattu,Jowar (Cholam),Combined,1242.0,kg/ha,2024-25,Tamil Nadu Department of Economics and Statistics - Districtwise Average Yield Rates of Crops 2024-25,1
Chengalpattu,Jowar (Cholam),Kharif,1293.0,kg/ha,2024-25,Tamil Nadu Department of Economics and Statistics - Districtwise Average Yield Rates of Crops 2024-25,1
Chengalpattu,Jowar (Cholam),Rabi,1147.0,kg/ha,2024-25,Tamil Nadu Department of Economics and Statistics - Districtwise Average Yield Rates of Crops 2024-25,1
Chengalpattu,Korra,Combined,0.0,kg/ha,2024-25,Tamil Nadu Department of Economics and Statistics - Districtwise Average Yield Rates of Crops 2024-25,3
Chengalpattu,Lady's Finger,Combined,11366.0,kg/ha,2024-25,Tamil Nadu Department of Economics and Statistics - Districtwise Average Yield Rates of Crops 2024-25,9
Chengalpattu,Lemon,Combined,6533.0,kg/ha,2024-25,Tamil Nadu Department of Economics and Statistics - Districtwise Average Yield Rates of Crops 2024-25,10
Chengalpattu,Maize,Combined,5544.0,kg/ha,2024-25,Tamil Nadu Department of Economics and Statistics - Districtwise Average Yield Rates of Crops 2024-25,3
Chengalpattu,Maize,Kharif,5923.0,kg/ha,2024-25,Tamil Nadu Department of Economics and Statistics - Districtwise Average Yield Rates of Crops 2024-25,3
Chengalpattu,Maize,Rabi,5084.0,kg/ha,2024-25,Tamil Nadu Department of Economics and Statistics - Districtwise Average Yield Rates of Crops 2024-25,3
Chengalpattu,Mango,Combined,7559.0,kg/ha,2024-25,Tamil Nadu Department of Economics and Statistics - Districtwise Average Yield Rates of Crops 2024-25,10
Chengalpattu,Onion,Combined,9290.0,kg/ha,2024-25,Tamil Nadu Department of Economics and Statistics - Districtwise Average Yield Rates of Crops 2024-25,9
Chengalpattu,Onion,Kharif,10529.0,kg/ha,2024-25,Tamil Nadu Department of Economics and Statistics - Districtwise Average Yield Rates of Crops 2024-25,9
Chengalpattu,Onion,Rabi,7307.0,kg/ha,2024-25,Tamil Nadu Department of Economics and Statistics - Districtwise Average Yield Rates of Crops 2024-25,9
Chengalpattu,Orange,Combined,0.0,kg/ha,2024-25,Tamil Nadu Department of Economics and Statistics - Districtwise Average Yield Rates of Crops 2024-25,10
Chengalpattu,Other Cereals,Combined,0.0,kg/ha,2024-25,Tamil Nadu Department of Economics and Statistics - Districtwise Average Yield Rates of Crops 2024-25,4
Chengalpattu,Other Pulses,Combined,585.0,kg/ha,2024-25,Tamil Nadu Department of Economics and Statistics - Districtwise Average Yield Rates of Crops 2024-25,6
Chengalpattu,Other Pulses,Kharif,585.0,kg/ha,2024-25,Tamil Nadu Department of Economics and Statistics - Districtwise Average Yield Rates of Crops 2024-25,6
Chengalpattu,Other Pulses,Rabi,0.0,kg/ha,2024-25,Tamil Nadu Department of Economics and Statistics - Districtwise Average Yield Rates of Crops 2024-25,6
Chengalpattu,Paddy,Combined,3865.0,kg/ha,2024-25,Tamil Nadu Department of Economics and Statistics - Districtwise Average Yield Rates of Crops 2024-25,1
Chengalpattu,Paddy,Kar/Kuruvai/Sornavari,4026.0,kg/ha,2024-25,Tamil Nadu Department of Economics and Statistics - Districtwise Average Yield Rates of Crops 2024-25,1
Chengalpattu,Paddy,Navarai/Kodai,3938.0,kg/ha,2024-25,Tamil Nadu Department of Economics and Statistics - Districtwise Average Yield Rates of Crops 2024-25,1
Chengalpattu,Paddy,Samba/Thaladi/Pishanam,3602.0,kg/ha,2024-25,Tamil Nadu Department of Economics and Statistics - Districtwise Average Yield Rates of Crops 2024-25,1
Chengalpattu,Pepper,Combined,0.0,kg/ha,2024-25,Tamil Nadu Department of Economics and Statistics - Districtwise Average Yield Rates of Crops 2024-25,7
Chengalpattu,Pine Apple,Combined,41249.0,kg/ha,2024-25,Tamil Nadu Department of Economics and Statistics - Districtwise Average Yield Rates of Crops 2024-25,10
Chengalpattu,Potato,Combined,0.0,kg/ha,2024-25,Tamil Nadu Department of Economics and Statistics - Districtwise Average Yield Rates of Crops 2024-25,8
Chengalpattu,Potato,Kharif,0.0,kg/ha,2024-25,Tamil Nadu Department of Economics and Statistics - Districtwise Average Yield Rates of Crops 2024-25,8
Chengalpattu,Potato,Rabi,0.0,kg/ha,2024-25,Tamil Nadu Department of Economics and Statistics - Districtwise Average Yield Rates of Crops 2024-25,8
Chengalpattu,Ragi,Combined,4647.0,kg/ha,2024-25,Tamil Nadu Department of Economics and Statistics - Districtwise Average Yield Rates of Crops 2024-25,2
Chengalpattu,Ragi,Kharif,3922.0,kg/ha,2024-25,Tamil Nadu Department of Economics and Statistics - Districtwise Average Yield Rates of Crops 2024-25,2
Chengalpattu,Ragi,Rabi,6942.0,kg/ha,2024-25,Tamil Nadu Department of Economics and Statistics - Districtwise Average Yield Rates of Crops 2024-25,2
Chengalpattu,Rapeseed & Mustard,Combined,0.0,kg/ha,2024-25,Tamil Nadu Department of Economics and Statistics - Districtwise Average Yield Rates of Crops 2024-25,12
Chengalpattu,Red Gram,Combined,0.0,kg/ha,2024-25,Tamil Nadu Department of Economics and Statistics - Districtwise Average Yield Rates of Crops 2024-25,4
Chengalpattu,Red Gram,Kharif,0.0,kg/ha,2024-25,Tamil Nadu Department of Economics and Statistics - Districtwise Average Yield Rates of Crops 2024-25,4
Chengalpattu,Red Gram,Rabi,0.0,kg/ha,2024-25,Tamil Nadu Department of Economics and Statistics - Districtwise Average Yield Rates of Crops 2024-25,4
Chengalpattu,Samai,Combined,0.0,kg/ha,2024-25,Tamil Nadu Department of Economics and Statistics - Districtwise Average Yield Rates of Crops 2024-25,4
Chengalpattu,Samai,Kharif,0.0,kg/ha,2024-25,Tamil Nadu Department of Economics and Statistics - Districtwise Average Yield Rates of Crops 2024-25,4
Chengalpattu,Samai,Rabi,0.0,kg/ha,2024-25,Tamil Nadu Department of Economics and Statistics - Districtwise Average Yield Rates of Crops 2024-25,4
Chengalpattu,Sugar Cane,Combined,68.0,tonnes/ha,2024-25,Tamil Nadu Department of Economics and Statistics - Districtwise Average Yield Rates of Crops 2024-25,6
Chengalpattu,Sun Flower,Combined,0.0,kg/ha,2024-25,Tamil Nadu Department of Economics and Statistics - Districtwise Average Yield Rates of Crops 2024-25,12
Chengalpattu,Sun Flower,Kharif,0.0,kg/ha,2024-25,Tamil Nadu Department of Economics and Statistics - Districtwise Average Yield Rates of Crops 2024-25,12
Chengalpattu,Sun Flower,Rabi,0.0,kg/ha,2024-25,Tamil Nadu Department of Economics and Statistics - Districtwise Average Yield Rates of Crops 2024-25,12
Chengalpattu,Sweet Potato,Combined,0.0,kg/ha,2024-25,Tamil Nadu Department of Economics and Statistics - Districtwise Average Yield Rates of Crops 2024-25,8
Chengalpattu,Tamarind,Combined,3288.0,kg/ha,2024-25,Tamil Nadu Department of Economics and Statistics - Districtwise Average Yield Rates of Crops 2024-25,8
Chengalpattu,Tapioca,Combined,40259.0,kg/ha,2024-25,Tamil Nadu Department of Economics and Statistics - Districtwise Average Yield Rates of Crops 2024-25,8
Chengalpattu,Tobacco,Combined,0.0,kg/ha,2024-25,Tamil Nadu Department of Economics and Statistics - Districtwise Average Yield Rates of Crops 2024-25,13
Chengalpattu,Tomato,Combined,19663.0,kg/ha,2024-25,Tamil Nadu Department of Economics and Statistics - Districtwise Average Yield Rates of Crops 2024-25,9
Chengalpattu,Turmeric,Combined,0.0,kg/ha,2024-25,Tamil Nadu Department of Economics and Statistics - Districtwise Average Yield Rates of Crops 2024-25,7
Chengalpattu,Varagu,Combined,1400.0,kg/ha,2024-25,Tamil Nadu Department of Economics and Statistics - Districtwise Average Yield Rates of Crops 2024-25,3
Chengalpattu,Varagu,Kharif,1323.0,kg/ha,2024-25,Tamil Nadu Department of Economics and Statistics - Districtwise Average Yield Rates of Crops 2024-25,3
Chengalpattu,Varagu,Rabi,1415.0,kg/ha,2024-25,Tamil Nadu Department of Economics and Statistics - Districtwise Average Yield Rates of Crops 2024-25,3
Chennai,Arecanut,Combined,0.0,kg/ha,2024-25,Tamil Nadu Department of Economics and Statistics - Districtwise Average Yield Rates of Crops 2024-25,7
Chennai,Bajra (Cumbu),Combined,0.0,kg/ha,2024-25,Tamil Nadu Department of Economics and Statistics - Districtwise Average Yield Rates of Crops 2024-25,2
Chennai,Bajra (Cumbu),Kharif,0.0,kg/ha,2024-25,Tamil Nadu Department of Economics and Statistics - Districtwise Average Yield Rates of Crops 2024-25,2
Chennai,Bajra (Cumbu),Rabi,0.0,kg/ha,2024-25,Tamil Nadu Department of Economics and Statistics - Districtwise Average Yield Rates of Crops 2024-25,2
Chennai,Banana,Combined,39691.0,kg/ha,2024-25,Tamil Nadu Department of Economics and Statistics - Districtwise Average Yield Rates of Crops 2024-25,10
Chennai,Bengal Gram,Combined,0.0,kg/ha,2024-25,Tamil Nadu Department of Economics and Statistics - Districtwise Average Yield Rates of Crops 2024-25,4
Chennai,Black Gram,Combined,0.0,kg/ha,2024-25,Tamil Nadu Department of Economics and Statistics - Districtwise Average Yield Rates of Crops 2024-25,5
Chennai,Black Gram,Kharif,0.0,kg/ha,2024-25,Tamil Nadu Department of Economics and Statistics - Districtwise Average Yield Rates of Crops 2024-25,5
Chennai,Black Gram,Rabi,0.0,kg/ha,2024-25,Tamil Nadu Department of Economics and Statistics - Districtwise Average Yield Rates of Crops 2024-25,5
Chennai,Brinjal,Combined,13225.0,kg/ha,2024-25,Tamil Nadu Department of Economics and Statistics - Districtwise Average Yield Rates of Crops 2024-25,9
Chennai,Cabbage,Combined,0.0,kg/ha,2024-25,Tamil Nadu Department of Economics and Statistics - Districtwise Average Yield Rates of Crops 2024-25,9
Chennai,Cardamom,Combined,0.0,kg/ha,2024-25,Tamil Nadu Department of Economics and Statistics - Districtwise Average Yield Rates of Crops 2024-25,8
Chennai,Cashew Nut,Combined,364.0,kg/ha,2024-25,Tamil Nadu Department of Economics and Statistics - Districtwise Average Yield Rates of Crops 2024-25,10
Chennai,Castor,Combined,0.0,kg/ha,2024-25,Tamil Nadu Department of Economics and Statistics - Districtwise Average Yield Rates of Crops 2024-25,12
Chennai,Chillies,Combined,0.0,kg/ha,2024-25,Tamil Nadu Department of Economics and Statistics - Districtwise Average Yield Rates of Crops 2024-25,7
Chennai,Cloves,Combined,0.0,kg/ha,2024-25,Tamil Nadu Department of Economics and Statistics - Districtwise Average Yield Rates of Crops 2024-25,7
Chennai,Coconut,Combined,14525.0,nuts/ha,2024-25,Tamil Nadu Department of Economics and Statistics - Districtwise Average Yield Rates of Crops 2024-25,13
Chennai,Coriander,Combined,0.0,kg/ha,2024-25,Tamil Nadu Department of Economics and Statistics - Districtwise Average Yield Rates of Crops 2024-25,8
Chennai,Cotton,Combined,0.0,kg/ha,2024-25,Tamil Nadu Department of Economics and Statistics - Districtwise Average Yield Rates of Crops 2024-25,13
Chennai,Cotton,Kharif,0.0,kg/ha,2024-25,Tamil Nadu Department of Economics and Statistics - Districtwise Average Yield Rates of Crops 2024-25,13
Chennai,Cotton,Rabi,0.0,kg/ha,2024-25,Tamil Nadu Department of Economics and Statistics - Districtwise Average Yield Rates of Crops 2024-25,13
Chennai,Cowpea,Combined,0.0,kg/ha,2024-25,Tamil Nadu Department of Economics and Statistics - Districtwise Average Yield Rates of Crops 2024-25,6
Chennai,Cowpea,Kharif,0.0,kg/ha,2024-25,Tamil Nadu Department of Economics and Statistics - Districtwise Average Yield Rates of Crops 2024-25,6
Chennai,Cowpea,Rabi,0.0,kg/ha,2024-25,Tamil Nadu Department of Economics and Statistics - Districtwise Average Yield Rates of Crops 2024-25,6
Chennai,Garlic,Combined,0.0,kg/ha,2024-25,Tamil Nadu Department of Economics and Statistics - Districtwise Average Yield Rates of Crops 2024-25,7
Chennai,Gingelly,Combined,414.0,kg/ha,2024-25,Tamil Nadu Department of Economics and Statistics - Districtwise Average Yield Rates of Crops 2024-25,11
Chennai,Gingelly,Kharif,0.0,kg/ha,2024-25,Tamil Nadu Department of Economics and Statistics - Districtwise Average Yield Rates of Crops 2024-25,11
Chennai,Gingelly,Rabi,414.0,kg/ha,2024-25,Tamil Nadu Department of Economics and Statistics - Districtwise Average Yield Rates of Crops 2024-25,11
Chennai,Ginger,Combined,0.0,kg/ha,2024-25,Tamil Nadu Department of Economics and Statistics - Districtwise Average Yield Rates of Crops 2024-25,7
Chennai,Grapes,Combined,0.0,kg/ha,2024-25,Tamil Nadu Department of Economics and Statistics - Districtwise Average Yield Rates of Crops 2024-25,11
Chennai,Green Gram,Combined,0.0,kg/ha,2024-25,Tamil Nadu Department of Economics and Statistics - Districtwise Average Yield Rates of Crops 2024-25,5
Chennai,Green Gram,Kharif,0.0,kg/ha,2024-25,Tamil Nadu Department of Economics and Statistics - Districtwise Average Yield Rates of Crops 2024-25,5
Chennai,Green Gram,Rabi,0.0,kg/ha,2024-25,Tamil Nadu Department of Economics and Statistics - Districtwise Average Yield Rates of Crops 2024-25,5
Chennai,Groundnut,Combined,0.0,kg/ha,2024-25,Tamil Nadu Department of Economics and Statistics - Districtwise Average Yield Rates of Crops 2024-25,11
Chennai,Groundnut,Kharif,0.0,kg/ha,2024-25,Tamil Nadu Department of Economics and Statistics - Districtwise Average Yield Rates of Crops 2024-25,11
Chennai,Groundnut,Rabi,0.0,kg/ha,2024-25,Tamil Nadu Department of Economics and Statistics - Districtwise Average Yield Rates of Crops 2024-25,11
Chennai,Guava,Combined,7076.0,kg/ha,2024-25,Tamil Nadu Department of Economics and Statistics - Districtwise Average Yield Rates of Crops 2024-25,11
Chennai,Horse Gram,Combined,0.0,kg/ha,2024-25,Tamil Nadu Department of Economics and Statistics - Districtwise Average Yield Rates of Crops 2024-25,5
Chennai,Horse Gram,Kharif,0.0,kg/ha,2024-25,Tamil Nadu Department of Economics and Statistics - Districtwise Average Yield Rates of Crops 2024-25,5
Chennai,Horse Gram,Rabi,0.0,kg/ha,2024-25,Tamil Nadu Department of Economics and Statistics - Districtwise Average Yield Rates of Crops 2024-25,5
Chennai,Jack Fruit,Combined,0.0,kg/ha,2024-25,Tamil Nadu Department of Economics and Statistics - Districtwise Average Yield Rates of Crops 2024-25,10
Chennai,Jowar (Cholam),Combined,0.0,kg/ha,2024-25,Tamil Nadu Department of Economics and Statistics - Districtwise Average Yield Rates of Crops 2024-25,1
Chennai,Jowar (Cholam),Kharif,0.0,kg/ha,2024-25,Tamil Nadu Department of Economics and Statistics - Districtwise Average Yield Rates of Crops 2024-25,1
Chennai,Jowar (Cholam),Rabi,0.0,kg/ha,2024-25,Tamil Nadu Department of Economics and Statistics - Districtwise Average Yield Rates of Crops 2024-25,1
Chennai,Korra,Combined,0.0,kg/ha,2024-25,Tamil Nadu Department of Economics and Statistics - Districtwise Average Yield Rates of Crops 2024-25,3
Chennai,Lady's Finger,Combined,11366.0,kg/ha,2024-25,Tamil Nadu Department of Economics and Statistics - Districtwise Average Yield Rates of Crops 2024-25,9
Chennai,Lemon,Combined,6533.0,kg/ha,2024-25,Tamil Nadu Department of Economics and Statistics - Districtwise Average Yield Rates of Crops 2024-25,10
Chennai,Maize,Combined,0.0,kg/ha,2024-25,Tamil Nadu Department of Economics and Statistics - Districtwise Average Yield Rates of Crops 2024-25,3
Chennai,Maize,Kharif,0.0,kg/ha,2024-25,Tamil Nadu Department of Economics and Statistics - Districtwise Average Yield Rates of Crops 2024-25,3
Chennai,Maize,Rabi,0.0,kg/ha,2024-25,Tamil Nadu Department of Economics and Statistics - Districtwise Average Yield Rates of Crops 2024-25,3
Chennai,Mango,Combined,5855.0,kg/ha,2024-25,Tamil Nadu Department of Economics and Statistics - Districtwise Average Yield Rates of Crops 2024-25,10
Chennai,Onion,Combined,0.0,kg/ha,2024-25,Tamil Nadu Department of Economics and Statistics - Districtwise Average Yield Rates of Crops 2024-25,9
Chennai,Onion,Kharif,0.0,kg/ha,2024-25,Tamil Nadu Department of Economics and Statistics - Districtwise Average Yield Rates of Crops 2024-25,9
Chennai,Onion,Rabi,0.0,kg/ha,2024-25,Tamil Nadu Department of Economics and Statistics - Districtwise Average Yield Rates of Crops 2024-25,9
Chennai,Orange,Combined,0.0,kg/ha,2024-25,Tamil Nadu Department of Economics and Statistics - Districtwise Average Yield Rates of Crops 2024-25,10
Chennai,Other Cereals,Combined,0.0,kg/ha,2024-25,Tamil Nadu Department of Economics and Statistics - Districtwise Average Yield Rates of Crops 2024-25,4
Chennai,Other Pulses,Combined,0.0,kg/ha,2024-25,Tamil Nadu Department of Economics and Statistics - Districtwise Average Yield Rates of Crops 2024-25,6
Chennai,Other Pulses,Kharif,0.0,kg/ha,2024-25,Tamil Nadu Department of Economics and Statistics - Districtwise Average Yield Rates of Crops 2024-25,6
Chennai,Other Pulses,Rabi,0.0,kg/ha,2024-25,Tamil Nadu Department of Economics and Statistics - Districtwise Average Yield Rates of Crops 2024-25,6
Chennai,Paddy,Combined,3267.0,kg/ha,2024-25,Tamil Nadu Department of Economics and Statistics - Districtwise Average Yield Rates of Crops 2024-25,1
Chennai,Paddy,Kar/Kuruvai/Sornavari,3689.0,kg/ha,2024-25,Tamil Nadu Department of Economics and Statistics - Districtwise Average Yield Rates of Crops 2024-25,1
Chennai,Paddy,Navarai/Kodai,3874.0,kg/ha,2024-25,Tamil Nadu Department of Economics and Statistics - Districtwise Average Yield Rates of Crops 2024-25,1
Chennai,Paddy,Samba/Thaladi/Pishanam,3008.0,kg/ha,2024-25,Tamil Nadu Department of Economics and Statistics - Districtwise Average Yield Rates of Crops 2024-25,1
Chennai,Pepper,Combined,0.0,kg/ha,2024-25,Tamil Nadu Department of Economics and Statistics - Districtwise Average Yield Rates of Crops 2024-25,7
Chennai,Pine Apple,Combined,0.0,kg/ha,2024-25,Tamil Nadu Department of Economics and Statistics - Districtwise Average Yield Rates of Crops 2024-25,10
Chennai,Potato,Combined,0.0,kg/ha,2024-25,Tamil Nadu Department of Economics and Statistics - Districtwise Average Yield Rates of Crops 2024-25,8
Chennai,Potato,Kharif,0.0,kg/ha,2024-25,Tamil Nadu Department of Economics and Statistics - Districtwise Average Yield Rates of Crops 2024-25,8
Chennai,Potato,Rabi,0.0,kg/ha,2024-25,Tamil Nadu Department of Economics and Statistics - Districtwise Average Yield Rates of Crops 2024-25,8
Chennai,Ragi,Combined,0.0,kg/ha,2024-25,Tamil Nadu Department of Economics and Statistics - Districtwise Average Yield Rates of Crops 2024-25,2
Chennai,Ragi,Kharif,0.0,kg/ha,2024-25,Tamil Nadu Department of Economics and Statistics - Districtwise Average Yield Rates of Crops 2024-25,2
Chennai,Ragi,Rabi,0.0,kg/ha,2024-25,Tamil Nadu Department of Economics and Statistics - Districtwise Average Yield Rates of Crops 2024-25,2
Chennai,Rapeseed & Mustard,Combined,0.0,kg/ha,2024-25,Tamil Nadu Department of Economics and Statistics - Districtwise Average Yield Rates of Crops 2024-25,12
Chennai,Red Gram,Combined,0.0,kg/ha,2024-25,Tamil Nadu Department of Economics and Statistics - Districtwise Average Yield Rates of Crops 2024-25,4
Chennai,Red Gram,Kharif,0.0,kg/ha,2024-25,Tamil Nadu Department of Economics and Statistics - Districtwise Average Yield Rates of Crops 2024-25,4
Chennai,Red Gram,Rabi,0.0,kg/ha,2024-25,Tamil Nadu Department of Economics and Statistics - Districtwise Average Yield Rates of Crops 2024-25,4
Chennai,Samai,Combined,0.0,kg/ha,2024-25,Tamil Nadu Department of Economics and Statistics - Districtwise Average Yield Rates of Crops 2024-25,4
Chennai,Samai,Kharif,0.0,kg/ha,2024-25,Tamil Nadu Department of Economics and Statistics - Districtwise Average Yield Rates of Crops 2024-25,4
Chennai,Samai,Rabi,0.0,kg/ha,2024-25,Tamil Nadu Department of Economics and Statistics - Districtwise Average Yield Rates of Crops 2024-25,4
Chennai,Sugar Cane,Combined,0.0,tonnes/ha,2024-25,Tamil Nadu Department of Economics and Statistics - Districtwise Average Yield Rates of Crops 2024-25,6
Chennai,Sun Flower,Combined,0.0,kg/ha,2024-25,Tamil Nadu Department of Economics and Statistics - Districtwise Average Yield Rates of Crops 2024-25,12
Chennai,Sun Flower,Kharif,0.0,kg/ha,2024-25,Tamil Nadu Department of Economics and Statistics - Districtwise Average Yield Rates of Crops 2024-25,12
Chennai,Sun Flower,Rabi,0.0,kg/ha,2024-25,Tamil Nadu Department of Economics and Statistics - Districtwise Average Yield Rates of Crops 2024-25,12
Chennai,Sweet Potato,Combined,0.0,kg/ha,2024-25,Tamil Nadu Department of Economics and Statistics - Districtwise Average Yield Rates of Crops 2024-25,8
Chennai,Tamarind,Combined,0.0,kg/ha,2024-25,Tamil Nadu Department of Economics and Statistics - Districtwise Average Yield Rates of Crops 2024-25,8
Chennai,Tapioca,Combined,0.0,kg/ha,2024-25,Tamil Nadu Department of Economics and Statistics - Districtwise Average Yield Rates of Crops 2024-25,8
Chennai,Tobacco,Combined,0.0,kg/ha,2024-25,Tamil Nadu Department of Economics and Statistics - Districtwise Average Yield Rates of Crops 2024-25,13
Chennai,Tomato,Combined,0.0,kg/ha,2024-25,Tamil Nadu Department of Economics and Statistics - Districtwise Average Yield Rates of Crops 2024-25,9
Chennai,Turmeric,Combined,0.0,kg/ha,2024-25,Tamil Nadu Department of Economics and Statistics - Districtwise Average Yield Rates of Crops 2024-25,7
Chennai,Varagu,Combined,0.0,kg/ha,2024-25,Tamil Nadu Department of Economics and Statistics - Districtwise Average Yield Rates of Crops 2024-25,3
Chennai,Varagu,Kharif,0.0,kg/ha,2024-25,Tamil Nadu Department of Economics and Statistics - Districtwise Average Yield Rates of Crops 2024-25,3
Chennai,Varagu,Rabi,0.0,kg/ha,2024-25,Tamil Nadu Department of Economics and Statistics - Districtwise Average Yield Rates of Crops 2024-25,3
Coimbatore,Arecanut,Combined,1581.0,kg/ha,2024-25,Tamil Nadu Department of Economics and Statistics - Districtwise Average Yield Rates of Crops 2024-25,7
Coimbatore,Bajra (Cumbu),Combined,2427.0,kg/ha,2024-25,Tamil Nadu Department of Economics and Statistics - Districtwise Average Yield Rates of Crops 2024-25,2
Coimbatore,Bajra (Cumbu),Kharif,2652.0,kg/ha,2024-25,Tamil Nadu Department of Economics and Statistics - Districtwise Average Yield Rates of Crops 2024-25,2
Coimbatore,Bajra (Cumbu),Rabi,1404.0,kg/ha,2024-25,Tamil Nadu Department of Economics and Statistics - Districtwise Average Yield Rates of Crops 2024-25,2
Coimbatore,Banana,Combined,39037.0,kg/ha,2024-25,Tamil Nadu Department of Economics and Statistics - Districtwise Average Yield Rates of Crops 2024-25,10
Coimbatore,Bengal Gram,Combined,926.0,kg/ha,2024-25,Tamil Nadu Department of Economics and Statistics - Districtwise Average Yield Rates of Crops 2024-25,4
Coimbatore,Black Gram,Combined,469.0,kg/ha,2024-25,Tamil Nadu Department of Economics and Statistics - Districtwise Average Yield Rates of Crops 2024-25,5
Coimbatore,Black Gram,Kharif,531.0,kg/ha,2024-25,Tamil Nadu Department of Economics and Statistics - Districtwise Average Yield Rates of Crops 2024-25,5
Coimbatore,Black Gram,Rabi,456.0,kg/ha,2024-25,Tamil Nadu Department of Economics and Statistics - Districtwise Average Yield Rates of Crops 2024-25,5
Coimbatore,Brinjal,Combined,13225.0,kg/ha,2024-25,Tamil Nadu Department of Economics and Statistics - Districtwise Average Yield Rates of Crops 2024-25,9
Coimbatore,Cabbage,Combined,71595.0,kg/ha,2024-25,Tamil Nadu Department of Economics and Statistics - Districtwise Average Yield Rates of Crops 2024-25,9
Coimbatore,Cardamom,Combined,82.0,kg/ha,2024-25,Tamil Nadu Department of Economics and Statistics - Districtwise Average Yield Rates of Crops 2024-25,8
Coimbatore,Cashew Nut,Combined,364.0,kg/ha,2024-25,Tamil Nadu Department of Economics and Statistics - Districtwise Average Yield Rates of Crops 2024-25,10
Coimbatore,Castor,Combined,312.0,kg/ha,2024-25,Tamil Nadu Department of Economics and Statistics - Districtwise Average Yield Rates of Crops 2024-25,12
Coimbatore,Chillies,Combined,528.0,kg/ha,2024-25,Tamil Nadu Department of Economics and Statistics - Districtwise Average Yield Rates of Crops 2024-25,7
Coimbatore,Cloves,Combined,0.0,kg/ha,2024-25,Tamil Nadu Department of Economics and Statistics - Districtwise Average Yield Rates of Crops 2024-25,7
Coimbatore,Coconut,Combined,12940.0,nuts/ha,2024-25,Tamil Nadu Department of Economics and Statistics - Districtwise Average Yield Rates of Crops 2024-25,13
Coimbatore,Coriander,Combined,444.0,kg/ha,2024-25,Tamil Nadu Department of Economics and Statistics - Districtwise Average Yield Rates of Crops 2024-25,8
Coimbatore,Cotton,Combined,1809.0,kg/ha,2024-25,Tamil Nadu Department of Economics and Statistics - Districtwise Average Yield Rates of Crops 2024-25,13
Coimbatore,Cotton,Kharif,282.0,kg/ha,2024-25,Tamil Nadu Department of Economics and Statistics - Districtwise Average Yield Rates of Crops 2024-25,13
Coimbatore,Cotton,Rabi,386.0,kg/ha,2024-25,Tamil Nadu Department of Economics and Statistics - Districtwise Average Yield Rates of Crops 2024-25,13
Coimbatore,Cowpea,Combined,380.0,kg/ha,2024-25,Tamil Nadu Department of Economics and Statistics - Districtwise Average Yield Rates of Crops 2024-25,6
Coimbatore,Cowpea,Kharif,400.0,kg/ha,2024-25,Tamil Nadu Department of Economics and Statistics - Districtwise Average Yield Rates of Crops 2024-25,6
Coimbatore,Cowpea,Rabi,369.0,kg/ha,2024-25,Tamil Nadu Department of Economics and Statistics - Districtwise Average Yield Rates of Crops 2024-25,6
Coimbatore,Garlic,Combined,0.0,kg/ha,2024-25,Tamil Nadu Department of Economics and Statistics - Districtwise Average Yield Rates of Crops 2024-25,7
Coimbatore,Gingelly,Combined,474.0,kg/ha,2024-25,Tamil Nadu Department of Economics and Statistics - Districtwise Average Yield Rates of Crops 2024-25,11
Coimbatore,Gingelly,Kharif,487.0,kg/ha,2024-25,Tamil Nadu Department of Economics and Statistics - Districtwise Average Yield Rates of Crops 2024-25,11
Coimbatore,Gingelly,Rabi,414.0,kg/ha,2024-25,Tamil Nadu Department of Economics and Statistics - Districtwise Average Yield Rates of Crops 2024-25,11
Coimbatore,Ginger,Combined,8321.0,kg/ha,2024-25,Tamil Nadu Department of Economics and Statistics - Districtwise Average Yield Rates of Crops 2024-25,7
Coimbatore,Grapes,Combined,9235.0,kg/ha,2024-25,Tamil Nadu Department of Economics and Statistics - Districtwise Average Yield Rates of Crops 2024-25,11
Coimbatore,Green Gram,Combined,364.0,kg/ha,2024-25,Tamil Nadu Department of Economics and Statistics - Districtwise Average Yield Rates of Crops 2024-25,5
Coimbatore,Green Gram,Kharif,564.0,kg/ha,2024-25,Tamil Nadu Department of Economics and Statistics - Districtwise Average Yield Rates of Crops 2024-25,5
Coimbatore,Green Gram,Rabi,248.0,kg/ha,2024-25,Tamil Nadu Department of Economics and Statistics - Districtwise Average Yield Rates of Crops 2024-25,5
Coimbatore,Groundnut,Combined,2646.0,kg/ha,2024-25,Tamil Nadu Department of Economics and Statistics - Districtwise Average Yield Rates of Crops 2024-25,11
Coimbatore,Groundnut,Kharif,2546.0,kg/ha,2024-25,Tamil Nadu Department of Economics and Statistics - Districtwise Average Yield Rates of Crops 2024-25,11
Coimbatore,Groundnut,Rabi,3202.0,kg/ha,2024-25,Tamil Nadu Department of Economics and Statistics - Districtwise Average Yield Rates of Crops 2024-25,11
Coimbatore,Guava,Combined,7076.0,kg/ha,2024-25,Tamil Nadu Department of Economics and Statistics - Districtwise Average Yield Rates of Crops 2024-25,11
Coimbatore,Horse Gram,Combined,730.0,kg/ha,2024-25,Tamil Nadu Department of Economics and Statistics - Districtwise Average Yield Rates of Crops 2024-25,5
Coimbatore,Horse Gram,Kharif,730.0,kg/ha,2024-25,Tamil Nadu Department of Economics and Statistics - Districtwise Average Yield Rates of Crops 2024-25,5
Coimbatore,Horse Gram,Rabi,730.0,kg/ha,2024-25,Tamil Nadu Department of Economics and Statistics - Districtwise Average Yield Rates of Crops 2024-25,5
Coimbatore,Jack Fruit,Combined,20056.0,kg/ha,2024-25,Tamil Nadu Department of Economics and Statistics - Districtwise Average Yield Rates of Crops 2024-25,10
Coimbatore,Jowar (Cholam),Combined,992.0,kg/ha,2024-25,Tamil Nadu Department of Economics and Statistics - Districtwise Average Yield Rates of Crops 2024-25,1
Coimbatore,Jowar (Cholam),Kharif,1005.0,kg/ha,2024-25,Tamil Nadu Department of Economics and Statistics - Districtwise Average Yield Rates of Crops 2024-25,1
Coimbatore,Jowar (Cholam),Rabi,984.0,kg/ha,2024-25,Tamil Nadu Department of Economics and Statistics - Districtwise Average Yield Rates of Crops 2024-25,1
Coimbatore,Korra,Combined,0.0,kg/ha,2024-25,Tamil Nadu Department of Economics and Statistics - Districtwise Average Yield Rates of Crops 2024-25,3
Coimbatore,Lady's Finger,Combined,22078.0,kg/ha,2024-25,Tamil Nadu Department of Economics and Statistics - Districtwise Average Yield Rates of Crops 2024-25,9
Coimbatore,Lemon,Combined,6533.0,kg/ha,2024-25,Tamil Nadu Department of Economics and Statistics - Districtwise Average Yield Rates of Crops 2024-25,10
Coimbatore,Maize,Combined,5288.0,kg/ha,2024-25,Tamil Nadu Department of Economics and Statistics - Districtwise Average Yield Rates of Crops 2024-25,3
Coimbatore,Maize,Kharif,5923.0,kg/ha,2024-25,Tamil Nadu Department of Economics and Statistics - Districtwise Average Yield Rates of Crops 2024-25,3
Coimbatore,Maize,Rabi,5084.0,kg/ha,2024-25,Tamil Nadu Department of Economics and Statistics - Districtwise Average Yield Rates of Crops 2024-25,3
Coimbatore,Mango,Combined,2992.0,kg/ha,2024-25,Tamil Nadu Department of Economics and Statistics - Districtwise Average Yield Rates of Crops 2024-25,10
Coimbatore,Onion,Combined,17140.0,kg/ha,2024-25,Tamil Nadu Department of Economics and Statistics - Districtwise Average Yield Rates of Crops 2024-25,9
Coimbatore,Onion,Kharif,19126.0,kg/ha,2024-25,Tamil Nadu Department of Economics and Statistics - Districtwise Average Yield Rates of Crops 2024-25,9
Coimbatore,Onion,Rabi,7307.0,kg/ha,2024-25,Tamil Nadu Department of Economics and Statistics - Districtwise Average Yield Rates of Crops 2024-25,9
Coimbatore,Orange,Combined,3912.0,kg/ha,2024-25,Tamil Nadu Department of Economics and Statistics - Districtwise Average Yield Rates of Crops 2024-25,10
Coimbatore,Other Cereals,Combined,0.0,kg/ha,2024-25,Tamil Nadu Department of Economics and Statistics - Districtwise Average Yield Rates of Crops 2024-25,4
Coimbatore,Other Pulses,Combined,585.0,kg/ha,2024-25,Tamil Nadu Department of Economics and Statistics - Districtwise Average Yield Rates of Crops 2024-25,6
Coimbatore,Other Pulses,Kharif,585.0,kg/ha,2024-25,Tamil Nadu Department of Economics and Statistics - Districtwise Average Yield Rates of Crops 2024-25,6
Coimbatore,Other Pulses,Rabi,585.0,kg/ha,2024-25,Tamil Nadu Department of Economics and Statistics - Districtwise Average Yield Rates of Crops 2024-25,6
Coimbatore,Paddy,Combined,3469.0,kg/ha,2024-25,Tamil Nadu Department of Economics and Statistics - Districtwise Average Yield Rates of Crops 2024-25,1
Coimbatore,Paddy,Kar/Kuruvai/Sornavari,3689.0,kg/ha,2024-25,Tamil Nadu Department of Economics and Statistics - Districtwise Average Yield Rates of Crops 2024-25,1
Coimbatore,Paddy,Navarai/Kodai,3874.0,kg/ha,2024-25,Tamil Nadu Department of Economics and Statistics - Districtwise Average Yield Rates of Crops 2024-25,1
Coimbatore,Paddy,Samba/Thaladi/Pishanam,3008.0,kg/ha,2024-25,Tamil Nadu Department of Economics and Statistics - Districtwise Average Yield Rates of Crops 2024-25,1
Coimbatore,Pepper,Combined,211.0,kg/ha,2024-25,Tamil Nadu Department of Economics and Statistics - Districtwise Average Yield Rates of Crops 2024-25,7
Coimbatore,Pine Apple,Combined,0.0,kg/ha,2024-25,Tamil Nadu Department of Economics and Statistics - Districtwise Average Yield Rates of Crops 2024-25,10
Coimbatore,Potato,Combined,17979.0,kg/ha,2024-25,Tamil Nadu Department of Economics and Statistics - Districtwise Average Yield Rates of Crops 2024-25,8
Coimbatore,Potato,Kharif,17979.0,kg/ha,2024-25,Tamil Nadu Department of Economics and Statistics - Districtwise Average Yield Rates of Crops 2024-25,8
Coimbatore,Potato,Rabi,0.0,kg/ha,2024-25,Tamil Nadu Department of Economics and Statistics - Districtwise Average Yield Rates of Crops 2024-25,8
Coimbatore,Ragi,Combined,6661.0,kg/ha,2024-25,Tamil Nadu Department of Economics and Statistics - Districtwise Average Yield Rates of Crops 2024-25,2
Coimbatore,Ragi,Kharif,3922.0,kg/ha,2024-25,Tamil Nadu Department of Economics and Statistics - Districtwise Average Yield Rates of Crops 2024-25,2
Coimbatore,Ragi,Rabi,6942.0,kg/ha,2024-25,Tamil Nadu Department of Economics and Statistics - Districtwise Average Yield Rates of Crops 2024-25,2
Coimbatore,Rapeseed & Mustard,Combined,0.0,kg/ha,2024-25,Tamil Nadu Department of Economics and Statistics - Districtwise Average Yield Rates of Crops 2024-25,12
Coimbatore,Red Gram,Combined,1019.0,kg/ha,2024-25,Tamil Nadu Department of Economics and Statistics - Districtwise Average Yield Rates of Crops 2024-25,4
Coimbatore,Red Gram,Kharif,1015.0,kg/ha,2024-25,Tamil Nadu Department of Economics and Statistics - Districtwise Average Yield Rates of Crops 2024-25,4
Coimbatore,Red Gram,Rabi,1026.0,kg/ha,2024-25,Tamil Nadu Department of Economics and Statistics - Districtwise Average Yield Rates of Crops 2024-25,4
Coimbatore,Samai,Combined,0.0,kg/ha,2024-25,Tamil Nadu Department of Economics and Statistics - Districtwise Average Yield Rates of Crops 2024-25,4
Coimbatore,Samai,Kharif,0.0,kg/ha,2024-25,Tamil Nadu Department of Economics and Statistics - Districtwise Average Yield Rates of Crops 2024-25,4
Coimbatore,Samai,Rabi,0.0,kg/ha,2024-25,Tamil Nadu Department of Economics and Statistics - Districtwise Average Yield Rates of Crops 2024-25,4
Coimbatore,Sugar Cane,Combined,101.0,tonnes/ha,2024-25,Tamil Nadu Department of Economics and Statistics - Districtwise Average Yield Rates of Crops 2024-25,6
Coimbatore,Sun Flower,Combined,902.0,kg/ha,2024-25,Tamil Nadu Department of Economics and Statistics - Districtwise Average Yield Rates of Crops 2024-25,12
Coimbatore,Sun Flower,Kharif,0.0,kg/ha,2024-25,Tamil Nadu Department of Economics and Statistics - Districtwise Average Yield Rates of Crops 2024-25,12
Coimbatore,Sun Flower,Rabi,902.0,kg/ha,2024-25,Tamil Nadu Department of Economics and Statistics - Districtwise Average Yield Rates of Crops 2024-25,12
Coimbatore,Sweet Potato,Combined,0.0,kg/ha,2024-25,Tamil Nadu Department of Economics and Statistics - Districtwise Average Yield Rates of Crops 2024-25,8
Coimbatore,Tamarind,Combined,5061.0,kg/ha,2024-25,Tamil Nadu Department of Economics and Statistics - Districtwise Average Yield Rates of Crops 2024-25,8
Coimbatore,Tapioca,Combined,51359.0,kg/ha,2024-25,Tamil Nadu Department of Economics and Statistics - Districtwise Average Yield Rates of Crops 2024-25,8
Coimbatore,Tobacco,Combined,1525.0,kg/ha,2024-25,Tamil Nadu Department of Economics and Statistics - Districtwise Average Yield Rates of Crops 2024-25,13
Coimbatore,Tomato,Combined,19226.0,kg/ha,2024-25,Tamil Nadu Department of Economics and Statistics - Districtwise Average Yield Rates of Crops 2024-25,9
Coimbatore,Turmeric,Combined,39275.0,kg/ha,2024-25,Tamil Nadu Department of Economics and Statistics - Districtwise Average Yield Rates of Crops 2024-25,7
Coimbatore,Varagu,Combined,0.0,kg/ha,2024-25,Tamil Nadu Department of Economics and Statistics - Districtwise Average Yield Rates of Crops 2024-25,3
Coimbatore,Varagu,Kharif,0.0,kg/ha,2024-25,Tamil Nadu Department of Economics and Statistics - Districtwise Average Yield Rates of Crops 2024-25,3
Coimbatore,Varagu,Rabi,0.0,kg/ha,2024-25,Tamil Nadu Department of Economics and Statistics - Districtwise Average Yield Rates of Crops 2024-25,3
Cuddalore,Arecanut,Combined,1721.0,kg/ha,2024-25,Tamil Nadu Department of Economics and Statistics - Districtwise Average Yield Rates of Crops 2024-25,7
Cuddalore,Bajra (Cumbu),Combined,3512.0,kg/ha,2024-25,Tamil Nadu Department of Economics and Statistics - Districtwise Average Yield Rates of Crops 2024-25,2
Cuddalore,Bajra (Cumbu),Kharif,3513.0,kg/ha,2024-25,Tamil Nadu Department of Economics and Statistics - Districtwise Average Yield Rates of Crops 2024-25,2
Cuddalore,Bajra (Cumbu),Rabi,1597.0,kg/ha,2024-25,Tamil Nadu Department of Economics and Statistics - Districtwise Average Yield Rates of Crops 2024-25,2
Cuddalore,Banana,Combined,46866.0,kg/ha,2024-25,Tamil Nadu Department of Economics and Statistics - Districtwise Average Yield Rates of Crops 2024-25,10
Cuddalore,Bengal Gram,Combined,0.0,kg/ha,2024-25,Tamil Nadu Department of Economics and Statistics - Districtwise Average Yield Rates of Crops 2024-25,4
Cuddalore,Black Gram,Combined,338.0,kg/ha,2024-25,Tamil Nadu Department of Economics and Statistics - Districtwise Average Yield Rates of Crops 2024-25,5
Cuddalore,Black Gram,Kharif,531.0,kg/ha,2024-25,Tamil Nadu Department of Economics and Statistics - Districtwise Average Yield Rates of Crops 2024-25,5
Cuddalore,Black Gram,Rabi,330.0,kg/ha,2024-25,Tamil Nadu Department of Economics and Statistics - Districtwise Average Yield Rates of Crops 2024-25,5
Cuddalore,Brinjal,Combined,10753.0,kg/ha,2024-25,Tamil Nadu Department of Economics and Statistics - Districtwise Average Yield Rates of Crops 2024-25,9
Cuddalore,Cabbage,Combined,0.0,kg/ha,2024-25,Tamil Nadu Department of Economics and Statistics - Districtwise Average Yield Rates of Crops 2024-25,9
Cuddalore,Cardamom,Combined,0.0,kg/ha,2024-25,Tamil Nadu Department of Economics and Statistics - Districtwise Average Yield Rates of Crops 2024-25,8
Cuddalore,Cashew Nut,Combined,341.0,kg/ha,2024-25,Tamil Nadu Department of Economics and Statistics - Districtwise Average Yield Rates of Crops 2024-25,10
Cuddalore,Castor,Combined,312.0,kg/ha,2024-25,Tamil Nadu Department of Economics and Statistics - Districtwise Average Yield Rates of Crops 2024-25,12
Cuddalore,Chillies,Combined,528.0,kg/ha,2024-25,Tamil Nadu Department of Economics and Statistics - Districtwise Average Yield Rates of Crops 2024-25,7
Cuddalore,Cloves,Combined,0.0,kg/ha,2024-25,Tamil Nadu Department of Economics and Statistics - Districtwise Average Yield Rates of Crops 2024-25,7
Cuddalore,Coconut,Combined,29243.0,nuts/ha,2024-25,Tamil Nadu Department of Economics and Statistics - Districtwise Average Yield Rates of Crops 2024-25,13
Cuddalore,Coriander,Combined,444.0,kg/ha,2024-25,Tamil Nadu Department of Economics and Statistics - Districtwise Average Yield Rates of Crops 2024-25,8
Cuddalore,Cotton,Combined,1447.0,kg/ha,2024-25,Tamil Nadu Department of Economics and Statistics - Districtwise Average Yield Rates of Crops 2024-25,13
Cuddalore,Cotton,Kharif,148.0,kg/ha,2024-25,Tamil Nadu Department of Economics and Statistics - Districtwise Average Yield Rates of Crops 2024-25,13
Cuddalore,Cotton,Rabi,386.0,kg/ha,2024-25,Tamil Nadu Department of Economics and Statistics - Districtwise Average Yield Rates of Crops 2024-25,13
Cuddalore,Cowpea,Combined,604.0,kg/ha,2024-25,Tamil Nadu Department of Economics and Statistics - Districtwise Average Yield Rates of Crops 2024-25,6
Cuddalore,Cowpea,Kharif,604.0,kg/ha,2024-25,Tamil Nadu Department of Economics and Statistics - Districtwise Average Yield Rates of Crops 2024-25,6
Cuddalore,Cowpea,Rabi,0.0,kg/ha,2024-25,Tamil Nadu Department of Economics and Statistics - Districtwise Average Yield Rates of Crops 2024-25,6
Cuddalore,Garlic,Combined,0.0,kg/ha,2024-25,Tamil Nadu Department of Economics and Statistics - Districtwise Average Yield Rates of Crops 2024-25,7
Cuddalore,Gingelly,Combined,481.0,kg/ha,2024-25,Tamil Nadu Department of Economics and Statistics - Districtwise Average Yield Rates of Crops 2024-25,11
Cuddalore,Gingelly,Kharif,333.0,kg/ha,2024-25,Tamil Nadu Department of Economics and Statistics - Districtwise Average Yield Rates of Crops 2024-25,11
Cuddalore,Gingelly,Rabi,544.0,kg/ha,2024-25,Tamil Nadu Department of Economics and Statistics - Districtwise Average Yield Rates of Crops 2024-25,11
Cuddalore,Ginger,Combined,5488.0,kg/ha,2024-25,Tamil Nadu Department of Economics and Statistics - Districtwise Average Yield Rates of Crops 2024-25,7
Cuddalore,Grapes,Combined,0.0,kg/ha,2024-25,Tamil Nadu Department of Economics and Statistics - Districtwise Average Yield Rates of Crops 2024-25,11
Cuddalore,Green Gram,Combined,249.0,kg/ha,2024-25,Tamil Nadu Department of Economics and Statistics - Districtwise Average Yield Rates of Crops 2024-25,5
Cuddalore,Green Gram,Kharif,564.0,kg/ha,2024-25,Tamil Nadu Department of Economics and Statistics - Districtwise Average Yield Rates of Crops 2024-25,5
Cuddalore,Green Gram,Rabi,241.0,kg/ha,2024-25,Tamil Nadu Department of Economics and Statistics - Districtwise Average Yield Rates of Crops 2024-25,5
Cuddalore,Groundnut,Combined,4059.0,kg/ha,2024-25,Tamil Nadu Department of Economics and Statistics - Districtwise Average Yield Rates of Crops 2024-25,11
Cuddalore,Groundnut,Kharif,3784.0,kg/ha,2024-25,Tamil Nadu Department of Economics and Statistics - Districtwise Average Yield Rates of Crops 2024-25,11
Cuddalore,Groundnut,Rabi,4111.0,kg/ha,2024-25,Tamil Nadu Department of Economics and Statistics - Districtwise Average Yield Rates of Crops 2024-25,11
Cuddalore,Guava,Combined,3080.0,kg/ha,2024-25,Tamil Nadu Department of Economics and Statistics - Districtwise Average Yield Rates of Crops 2024-25,11
Cuddalore,Horse Gram,Combined,0.0,kg/ha,2024-25,Tamil Nadu Department of Economics and Statistics - Districtwise Average Yield Rates of Crops 2024-25,5
Cuddalore,Horse Gram,Kharif,0.0,kg/ha,2024-25,Tamil Nadu Department of Economics and Statistics - Districtwise Average Yield Rates of Crops 2024-25,5
Cuddalore,Horse Gram,Rabi,0.0,kg/ha,2024-25,Tamil Nadu Department of Economics and Statistics - Districtwise Average Yield Rates of Crops 2024-25,5
Cuddalore,Jack Fruit,Combined,16177.0,kg/ha,2024-25,Tamil Nadu Department of Economics and Statistics - Districtwise Average Yield Rates of Crops 2024-25,10
Cuddalore,Jowar (Cholam),Combined,1293.0,kg/ha,2024-25,Tamil Nadu Department of Economics and Statistics - Districtwise Average Yield Rates of Crops 2024-25,1
Cuddalore,Jowar (Cholam),Kharif,1293.0,kg/ha,2024-25,Tamil Nadu Department of Economics and Statistics - Districtwise Average Yield Rates of Crops 2024-25,1
Cuddalore,Jowar (Cholam),Rabi,0.0,kg/ha,2024-25,Tamil Nadu Department of Economics and Statistics - Districtwise Average Yield Rates of Crops 2024-25,1
Cuddalore,Korra,Combined,470.0,kg/ha,2024-25,Tamil Nadu Department of Economics and Statistics - Districtwise Average Yield Rates of Crops 2024-25,3
Cuddalore,Lady's Finger,Combined,11366.0,kg/ha,2024-25,Tamil Nadu Department of Economics and Statistics - Districtwise Average Yield Rates of Crops 2024-25,9
Cuddalore,Lemon,Combined,6533.0,kg/ha,2024-25,Tamil Nadu Department of Economics and Statistics - Districtwise Average Yield Rates of Crops 2024-25,10
Cuddalore,Maize,Combined,1954.0,kg/ha,2024-25,Tamil Nadu Department of Economics and Statistics - Districtwise Average Yield Rates of Crops 2024-25,3
Cuddalore,Maize,Kharif,1816.0,kg/ha,2024-25,Tamil Nadu Department of Economics and Statistics - Districtwise Average Yield Rates of Crops 2024-25,3
Cuddalore,Maize,Rabi,5084.0,kg/ha,2024-25,Tamil Nadu Department of Economics and Statistics - Districtwise Average Yield Rates of Crops 2024-25,3
Cuddalore,Mango,Combined,5855.0,kg/ha,2024-25,Tamil Nadu Department of Economics and Statistics - Districtwise Average Yield Rates of Crops 2024-25,10
Cuddalore,Onion,Combined,10049.0,kg/ha,2024-25,Tamil Nadu Department of Economics and Statistics - Districtwise Average Yield Rates of Crops 2024-25,9
Cuddalore,Onion,Kharif,10529.0,kg/ha,2024-25,Tamil Nadu Department of Economics and Statistics - Districtwise Average Yield Rates of Crops 2024-25,9
Cuddalore,Onion,Rabi,7307.0,kg/ha,2024-25,Tamil Nadu Department of Economics and Statistics - Districtwise Average Yield Rates of Crops 2024-25,9
Cuddalore,Orange,Combined,3912.0,kg/ha,2024-25,Tamil Nadu Department of Economics and Statistics - Districtwise Average Yield Rates of Crops 2024-25,10
Cuddalore,Other Cereals,Combined,0.0,kg/ha,2024-25,Tamil Nadu Department of Economics and Statistics - Districtwise Average Yield Rates of Crops 2024-25,4
Cuddalore,Other Pulses,Combined,0.0,kg/ha,2024-25,Tamil Nadu Department of Economics and Statistics - Districtwise Average Yield Rates of Crops 2024-25,6
Cuddalore,Other Pulses,Kharif,0.0,kg/ha,2024-25,Tamil Nadu Department of Economics and Statistics - Districtwise Average Yield Rates of Crops 2024-25,6
Cuddalore,Other Pulses,Rabi,0.0,kg/ha,2024-25,Tamil Nadu Department of Economics and Statistics - Districtwise Average Yield Rates of Crops 2024-25,6
Cuddalore,Paddy,Combined,2760.0,kg/ha,2024-25,Tamil Nadu Department of Economics and Statistics - Districtwise Average Yield Rates of Crops 2024-25,1
Cuddalore,Paddy,Kar/Kuruvai/Sornavari,3680.0,kg/ha,2024-25,Tamil Nadu Department of Economics and Statistics - Districtwise Average Yield Rates of Crops 2024-25,1
Cuddalore,Paddy,Navarai/Kodai,3783.0,kg/ha,2024-25,Tamil Nadu Department of Economics and Statistics - Districtwise Average Yield Rates of Crops 2024-25,1
Cuddalore,Paddy,Samba/Thaladi/Pishanam,2243.0,kg/ha,2024-25,Tamil Nadu Department of Economics and Statistics - Districtwise Average Yield Rates of Crops 2024-25,1
Cuddalore,Pepper,Combined,223.0,kg/ha,2024-25,Tamil Nadu Department of Economics and Statistics - Districtwise Average Yield Rates of Crops 2024-25,7
Cuddalore,Pine Apple,Combined,41249.0,kg/ha,2024-25,Tamil Nadu Department of Economics and Statistics - Districtwise Average Yield Rates of Crops 2024-25,10
Cuddalore,Potato,Combined,0.0,kg/ha,2024-25,Tamil Nadu Department of Economics and Statistics - Districtwise Average Yield Rates of Crops 2024-25,8
Cuddalore,Potato,Kharif,0.0,kg/ha,2024-25,Tamil Nadu Department of Economics and Statistics - Districtwise Average Yield Rates of Crops 2024-25,8
Cuddalore,Potato,Rabi,0.0,kg/ha,2024-25,Tamil Nadu Department of Economics and Statistics - Districtwise Average Yield Rates of Crops 2024-25,8
Cuddalore,Ragi,Combined,4664.0,kg/ha,2024-25,Tamil Nadu Department of Economics and Statistics - Districtwise Average Yield Rates of Crops 2024-25,2
Cuddalore,Ragi,Kharif,3922.0,kg/ha,2024-25,Tamil Nadu Department of Economics and Statistics - Districtwise Average Yield Rates of Crops 2024-25,2
Cuddalore,Ragi,Rabi,6942.0,kg/ha,2024-25,Tamil Nadu Department of Economics and Statistics - Districtwise Average Yield Rates of Crops 2024-25,2
Cuddalore,Rapeseed & Mustard,Combined,0.0,kg/ha,2024-25,Tamil Nadu Department of Economics and Statistics - Districtwise Average Yield Rates of Crops 2024-25,12
Cuddalore,Red Gram,Combined,1023.0,kg/ha,2024-25,Tamil Nadu Department of Economics and Statistics - Districtwise Average Yield Rates of Crops 2024-25,4
Cuddalore,Red Gram,Kharif,1015.0,kg/ha,2024-25,Tamil Nadu Department of Economics and Statistics - Districtwise Average Yield Rates of Crops 2024-25,4
Cuddalore,Red Gram,Rabi,1026.0,kg/ha,2024-25,Tamil Nadu Department of Economics and Statistics - Districtwise Average Yield Rates of Crops 2024-25,4
Cuddalore,Samai,Combined,0.0,kg/ha,2024-25,Tamil Nadu Department of Economics and Statistics - Districtwise Average Yield Rates of Crops 2024-25,4
Cuddalore,Samai,Kharif,0.0,kg/ha,2024-25,Tamil Nadu Department of Economics and Statistics - Districtwise Average Yield Rates of Crops 2024-25,4
Cuddalore,Samai,Rabi,0.0,kg/ha,2024-25,Tamil Nadu Department of Economics and Statistics - Districtwise Average Yield Rates of Crops 2024-25,4
Cuddalore,Sugar Cane,Combined,95.0,tonnes/ha,2024-25,Tamil Nadu Department of Economics and Statistics - Districtwise Average Yield Rates of Crops 2024-25,6
Cuddalore,Sun Flower,Combined,1935.0,kg/ha,2024-25,Tamil Nadu Department of Economics and Statistics - Districtwise Average Yield Rates of Crops 2024-25,12
Cuddalore,Sun Flower,Kharif,1935.0,kg/ha,2024-25,Tamil Nadu Department of Economics and Statistics - Districtwise Average Yield Rates of Crops 2024-25,12
Cuddalore,Sun Flower,Rabi,0.0,kg/ha,2024-25,Tamil Nadu Department of Economics and Statistics - Districtwise Average Yield Rates of Crops 2024-25,12
Cuddalore,Sweet Potato,Combined,7984.0,kg/ha,2024-25,Tamil Nadu Department of Economics and Statistics - Districtwise Average Yield Rates of Crops 2024-25,8
Cuddalore,Tamarind,Combined,4314.0,kg/ha,2024-25,Tamil Nadu Department of Economics and Statistics - Districtwise Average Yield Rates of Crops 2024-25,8
Cuddalore,Tapioca,Combined,21338.0,kg/ha,2024-25,Tamil Nadu Department of Economics and Statistics - Districtwise Average Yield Rates of Crops 2024-25,8
Cuddalore,Tobacco,Combined,0.0,kg/ha,2024-25,Tamil Nadu Department of Economics and Statistics - Districtwise Average Yield Rates of Crops 2024-25,13
Cuddalore,Tomato,Combined,19663.0,kg/ha,2024-25,Tamil Nadu Department of Economics and Statistics - Districtwise Average Yield Rates of Crops 2024-25,9
Cuddalore,Turmeric,Combined,46519.0,kg/ha,2024-25,Tamil Nadu Department of Economics and Statistics - Districtwise Average Yield Rates of Crops 2024-25,7
Cuddalore,Varagu,Combined,1264.0,kg/ha,2024-25,Tamil Nadu Department of Economics and Statistics - Districtwise Average Yield Rates of Crops 2024-25,3
Cuddalore,Varagu,Kharif,1264.0,kg/ha,2024-25,Tamil Nadu Department of Economics and Statistics - Districtwise Average Yield Rates of Crops 2024-25,3
Cuddalore,Varagu,Rabi,1264.0,kg/ha,2024-25,Tamil Nadu Department of Economics and Statistics - Districtwise Average Yield Rates of Crops 2024-25,3
Dharmapuri,Arecanut,Combined,1594.0,kg/ha,2024-25,Tamil Nadu Department of Economics and Statistics - Districtwise Average Yield Rates of Crops 2024-25,7
Dharmapuri,Bajra (Cumbu),Combined,2640.0,kg/ha,2024-25,Tamil Nadu Department of Economics and Statistics - Districtwise Average Yield Rates of Crops 2024-25,2
Dharmapuri,Bajra (Cumbu),Kharif,2652.0,kg/ha,2024-25,Tamil Nadu Department of Economics and Statistics - Districtwise Average Yield Rates of Crops 2024-25,2
Dharmapuri,Bajra (Cumbu),Rabi,1597.0,kg/ha,2024-25,Tamil Nadu Department of Economics and Statistics - Districtwise Average Yield Rates of Crops 2024-25,2
Dharmapuri,Banana,Combined,39691.0,kg/ha,2024-25,Tamil Nadu Department of Economics and Statistics - Districtwise Average Yield Rates of Crops 2024-25,10
Dharmapuri,Bengal Gram,Combined,926.0,kg/ha,2024-25,Tamil Nadu Department of Economics and Statistics - Districtwise Average Yield Rates of Crops 2024-25,4
Dharmapuri,Black Gram,Combined,498.0,kg/ha,2024-25,Tamil Nadu Department of Economics and Statistics - Districtwise Average Yield Rates of Crops 2024-25,5
Dharmapuri,Black Gram,Kharif,508.0,kg/ha,2024-25,Tamil Nadu Department of Economics and Statistics - Districtwise Average Yield Rates of Crops 2024-25,5
Dharmapuri,Black Gram,Rabi,456.0,kg/ha,2024-25,Tamil Nadu Department of Economics and Statistics - Districtwise Average Yield Rates of Crops 2024-25,5
Dharmapuri,Brinjal,Combined,18393.0,kg/ha,2024-25,Tamil Nadu Department of Economics and Statistics - Districtwise Average Yield Rates of Crops 2024-25,9
Dharmapuri,Cabbage,Combined,71595.0,kg/ha,2024-25,Tamil Nadu Department of Economics and Statistics - Districtwise Average Yield Rates of Crops 2024-25,9
Dharmapuri,Cardamom,Combined,0.0,kg/ha,2024-25,Tamil Nadu Department of Economics and Statistics - Districtwise Average Yield Rates of Crops 2024-25,8
Dharmapuri,Cashew Nut,Combined,0.0,kg/ha,2024-25,Tamil Nadu Department of Economics and Statistics - Districtwise Average Yield Rates of Crops 2024-25,10
Dharmapuri,Castor,Combined,312.0,kg/ha,2024-25,Tamil Nadu Department of Economics and Statistics - Districtwise Average Yield Rates of Crops 2024-25,12
Dharmapuri,Chillies,Combined,558.0,kg/ha,2024-25,Tamil Nadu Department of Economics and Statistics - Districtwise Average Yield Rates of Crops 2024-25,7
Dharmapuri,Cloves,Combined,0.0,kg/ha,2024-25,Tamil Nadu Department of Economics and Statistics - Districtwise Average Yield Rates of Crops 2024-25,7
Dharmapuri,Coconut,Combined,12650.0,nuts/ha,2024-25,Tamil Nadu Department of Economics and Statistics - Districtwise Average Yield Rates of Crops 2024-25,13
Dharmapuri,Coriander,Combined,649.0,kg/ha,2024-25,Tamil Nadu Department of Economics and Statistics - Districtwise Average Yield Rates of Crops 2024-25,8
Dharmapuri,Cotton,Combined,1952.0,kg/ha,2024-25,Tamil Nadu Department of Economics and Statistics - Districtwise Average Yield Rates of Crops 2024-25,13
Dharmapuri,Cotton,Kharif,330.0,kg/ha,2024-25,Tamil Nadu Department of Economics and Statistics - Districtwise Average Yield Rates of Crops 2024-25,13
Dharmapuri,Cotton,Rabi,386.0,kg/ha,2024-25,Tamil Nadu Department of Economics and Statistics - Districtwise Average Yield Rates of Crops 2024-25,13
Dharmapuri,Cowpea,Combined,634.0,kg/ha,2024-25,Tamil Nadu Department of Economics and Statistics - Districtwise Average Yield Rates of Crops 2024-25,6
Dharmapuri,Cowpea,Kharif,640.0,kg/ha,2024-25,Tamil Nadu Department of Economics and Statistics - Districtwise Average Yield Rates of Crops 2024-25,6
Dharmapuri,Cowpea,Rabi,549.0,kg/ha,2024-25,Tamil Nadu Department of Economics and Statistics - Districtwise Average Yield Rates of Crops 2024-25,6
Dharmapuri,Garlic,Combined,0.0,kg/ha,2024-25,Tamil Nadu Department of Economics and Statistics - Districtwise Average Yield Rates of Crops 2024-25,7
Dharmapuri,Gingelly,Combined,546.0,kg/ha,2024-25,Tamil Nadu Department of Economics and Statistics - Districtwise Average Yield Rates of Crops 2024-25,11
Dharmapuri,Gingelly,Kharif,546.0,kg/ha,2024-25,Tamil Nadu Department of Economics and Statistics - Districtwise Average Yield Rates of Crops 2024-25,11
Dharmapuri,Gingelly,Rabi,0.0,kg/ha,2024-25,Tamil Nadu Department of Economics and Statistics - Districtwise Average Yield Rates of Crops 2024-25,11
Dharmapuri,Ginger,Combined,5839.0,kg/ha,2024-25,Tamil Nadu Department of Economics and Statistics - Districtwise Average Yield Rates of Crops 2024-25,7
Dharmapuri,Grapes,Combined,41573.0,kg/ha,2024-25,Tamil Nadu Department of Economics and Statistics - Districtwise Average Yield Rates of Crops 2024-25,11
Dharmapuri,Green Gram,Combined,642.0,kg/ha,2024-25,Tamil Nadu Department of Economics and Statistics - Districtwise Average Yield Rates of Crops 2024-25,5
Dharmapuri,Green Gram,Kharif,654.0,kg/ha,2024-25,Tamil Nadu Department of Economics and Statistics - Districtwise Average Yield Rates of Crops 2024-25,5
Dharmapuri,Green Gram,Rabi,248.0,kg/ha,2024-25,Tamil Nadu Department of Economics and Statistics - Districtwise Average Yield Rates of Crops 2024-25,5
Dharmapuri,Groundnut,Combined,1948.0,kg/ha,2024-25,Tamil Nadu Department of Economics and Statistics - Districtwise Average Yield Rates of Crops 2024-25,11
Dharmapuri,Groundnut,Kharif,1729.0,kg/ha,2024-25,Tamil Nadu Department of Economics and Statistics - Districtwise Average Yield Rates of Crops 2024-25,11
Dharmapuri,Groundnut,Rabi,3018.0,kg/ha,2024-25,Tamil Nadu Department of Economics and Statistics - Districtwise Average Yield Rates of Crops 2024-25,11
Dharmapuri,Guava,Combined,5781.0,kg/ha,2024-25,Tamil Nadu Department of Economics and Statistics - Districtwise Average Yield Rates of Crops 2024-25,11
Dharmapuri,Horse Gram,Combined,917.0,kg/ha,2024-25,Tamil Nadu Department of Economics and Statistics - Districtwise Average Yield Rates of Crops 2024-25,5
Dharmapuri,Horse Gram,Kharif,0.0,kg/ha,2024-25,Tamil Nadu Department of Economics and Statistics - Districtwise Average Yield Rates of Crops 2024-25,5
Dharmapuri,Horse Gram,Rabi,917.0,kg/ha,2024-25,Tamil Nadu Department of Economics and Statistics - Districtwise Average Yield Rates of Crops 2024-25,5
Dharmapuri,Jack Fruit,Combined,20056.0,kg/ha,2024-25,Tamil Nadu Department of Economics and Statistics - Districtwise Average Yield Rates of Crops 2024-25,10
Dharmapuri,Jowar (Cholam),Combined,1938.0,kg/ha,2024-25,Tamil Nadu Department of Economics and Statistics - Districtwise Average Yield Rates of Crops 2024-25,1
Dharmapuri,Jowar (Cholam),Kharif,1953.0,kg/ha,2024-25,Tamil Nadu Department of Economics and Statistics - Districtwise Average Yield Rates of Crops 2024-25,1
Dharmapuri,Jowar (Cholam),Rabi,1147.0,kg/ha,2024-25,Tamil Nadu Department of Economics and Statistics - Districtwise Average Yield Rates of Crops 2024-25,1
Dharmapuri,Korra,Combined,470.0,kg/ha,2024-25,Tamil Nadu Department of Economics and Statistics - Districtwise Average Yield Rates of Crops 2024-25,3
Dharmapuri,Lady's Finger,Combined,12620.0,kg/ha,2024-25,Tamil Nadu Department of Economics and Statistics - Districtwise Average Yield Rates of Crops 2024-25,9
Dharmapuri,Lemon,Combined,6533.0,kg/ha,2024-25,Tamil Nadu Department of Economics and Statistics - Districtwise Average Yield Rates of Crops 2024-25,10
Dharmapuri,Maize,Combined,6264.0,kg/ha,2024-25,Tamil Nadu Department of Economics and Statistics - Districtwise Average Yield Rates of Crops 2024-25,3
Dharmapuri,Maize,Kharif,6718.0,kg/ha,2024-25,Tamil Nadu Department of Economics and Statistics - Districtwise Average Yield Rates of Crops 2024-25,3
Dharmapuri,Maize,Rabi,5084.0,kg/ha,2024-25,Tamil Nadu Department of Economics and Statistics - Districtwise Average Yield Rates of Crops 2024-25,3
Dharmapuri,Mango,Combined,3192.0,kg/ha,2024-25,Tamil Nadu Department of Economics and Statistics - Districtwise Average Yield Rates of Crops 2024-25,10
Dharmapuri,Onion,Combined,10546.0,kg/ha,2024-25,Tamil Nadu Department of Economics and Statistics - Districtwise Average Yield Rates of Crops 2024-25,9
Dharmapuri,Onion,Kharif,11685.0,kg/ha,2024-25,Tamil Nadu Department of Economics and Statistics - Districtwise Average Yield Rates of Crops 2024-25,9
Dharmapuri,Onion,Rabi,7307.0,kg/ha,2024-25,Tamil Nadu Department of Economics and Statistics - Districtwise Average Yield Rates of Crops 2024-25,9
Dharmapuri,Orange,Combined,3912.0,kg/ha,2024-25,Tamil Nadu Department of Economics and Statistics - Districtwise Average Yield Rates of Crops 2024-25,10
Dharmapuri,Other Cereals,Combined,0.0,kg/ha,2024-25,Tamil Nadu Department of Economics and Statistics - Districtwise Average Yield Rates of Crops 2024-25,4
Dharmapuri,Other Pulses,Combined,585.0,kg/ha,2024-25,Tamil Nadu Department of Economics and Statistics - Districtwise Average Yield Rates of Crops 2024-25,6
Dharmapuri,Other Pulses,Kharif,0.0,kg/ha,2024-25,Tamil Nadu Department of Economics and Statistics - Districtwise Average Yield Rates of Crops 2024-25,6
Dharmapuri,Other Pulses,Rabi,585.0,kg/ha,2024-25,Tamil Nadu Department of Economics and Statistics - Districtwise Average Yield Rates of Crops 2024-25,6
Dharmapuri,Paddy,Combined,4054.0,kg/ha,2024-25,Tamil Nadu Department of Economics and Statistics - Districtwise Average Yield Rates of Crops 2024-25,1
Dharmapuri,Paddy,Kar/Kuruvai/Sornavari,3689.0,kg/ha,2024-25,Tamil Nadu Department of Economics and Statistics - Districtwise Average Yield Rates of Crops 2024-25,1
Dharmapuri,Paddy,Navarai/Kodai,4256.0,kg/ha,2024-25,Tamil Nadu Department of Economics and Statistics - Districtwise Average Yield Rates of Crops 2024-25,1
Dharmapuri,Paddy,Samba/Thaladi/Pishanam,3937.0,kg/ha,2024-25,Tamil Nadu Department of Economics and Statistics - Districtwise Average Yield Rates of Crops 2024-25,1
Dharmapuri,Pepper,Combined,187.0,kg/ha,2024-25,Tamil Nadu Department of Economics and Statistics - Districtwise Average Yield Rates of Crops 2024-25,7
Dharmapuri,Pine Apple,Combined,0.0,kg/ha,2024-25,Tamil Nadu Department of Economics and Statistics - Districtwise Average Yield Rates of Crops 2024-25,10
Dharmapuri,Potato,Combined,0.0,kg/ha,2024-25,Tamil Nadu Department of Economics and Statistics - Districtwise Average Yield Rates of Crops 2024-25,8
Dharmapuri,Potato,Kharif,0.0,kg/ha,2024-25,Tamil Nadu Department of Economics and Statistics - Districtwise Average Yield Rates of Crops 2024-25,8
Dharmapuri,Potato,Rabi,0.0,kg/ha,2024-25,Tamil Nadu Department of Economics and Statistics - Districtwise Average Yield Rates of Crops 2024-25,8
Dharmapuri,Ragi,Combined,4489.0,kg/ha,2024-25,Tamil Nadu Department of Economics and Statistics - Districtwise Average Yield Rates of Crops 2024-25,2
Dharmapuri,Ragi,Kharif,3404.0,kg/ha,2024-25,Tamil Nadu Department of Economics and Statistics - Districtwise Average Yield Rates of Crops 2024-25,2
Dharmapuri,Ragi,Rabi,7839.0,kg/ha,2024-25,Tamil Nadu Department of Economics and Statistics - Districtwise Average Yield Rates of Crops 2024-25,2
Dharmapuri,Rapeseed & Mustard,Combined,0.0,kg/ha,2024-25,Tamil Nadu Department of Economics and Statistics - Districtwise Average Yield Rates of Crops 2024-25,12
Dharmapuri,Red Gram,Combined,957.0,kg/ha,2024-25,Tamil Nadu Department of Economics and Statistics - Districtwise Average Yield Rates of Crops 2024-25,4
Dharmapuri,Red Gram,Kharif,957.0,kg/ha,2024-25,Tamil Nadu Department of Economics and Statistics - Districtwise Average Yield Rates of Crops 2024-25,4
Dharmapuri,Red Gram,Rabi,957.0,kg/ha,2024-25,Tamil Nadu Department of Economics and Statistics - Districtwise Average Yield Rates of Crops 2024-25,4
Dharmapuri,Samai,Combined,1328.0,kg/ha,2024-25,Tamil Nadu Department of Economics and Statistics - Districtwise Average Yield Rates of Crops 2024-25,4
Dharmapuri,Samai,Kharif,1328.0,kg/ha,2024-25,Tamil Nadu Department of Economics and Statistics - Districtwise Average Yield Rates of Crops 2024-25,4
Dharmapuri,Samai,Rabi,0.0,kg/ha,2024-25,Tamil Nadu Department of Economics and Statistics - Districtwise Average Yield Rates of Crops 2024-25,4
Dharmapuri,Sugar Cane,Combined,112.0,tonnes/ha,2024-25,Tamil Nadu Department of Economics and Statistics - Districtwise Average Yield Rates of Crops 2024-25,6
Dharmapuri,Sun Flower,Combined,0.0,kg/ha,2024-25,Tamil Nadu Department of Economics and Statistics - Districtwise Average Yield Rates of Crops 2024-25,12
Dharmapuri,Sun Flower,Kharif,0.0,kg/ha,2024-25,Tamil Nadu Department of Economics and Statistics - Districtwise Average Yield Rates of Crops 2024-25,12
Dharmapuri,Sun Flower,Rabi,0.0,kg/ha,2024-25,Tamil Nadu Department of Economics and Statistics - Districtwise Average Yield Rates of Crops 2024-25,12
Dharmapuri,Sweet Potato,Combined,38768.0,kg/ha,2024-25,Tamil Nadu Department of Economics and Statistics - Districtwise Average Yield Rates of Crops 2024-25,8
Dharmapuri,Tamarind,Combined,2185.0,kg/ha,2024-25,Tamil Nadu Department of Economics and Statistics - Districtwise Average Yield Rates of Crops 2024-25,8
Dharmapuri,Tapioca,Combined,29733.0,kg/ha,2024-25,Tamil Nadu Department of Economics and Statistics - Districtwise Average Yield Rates of Crops 2024-25,8
Dharmapuri,Tobacco,Combined,0.0,kg/ha,2024-25,Tamil Nadu Department of Economics and Statistics - Districtwise Average Yield Rates of Crops 2024-25,13
Dharmapuri,Tomato,Combined,21627.0,kg/ha,2024-25,Tamil Nadu Department of Economics and Statistics - Districtwise Average Yield Rates of Crops 2024-25,9
Dharmapuri,Turmeric,Combined,0.0,kg/ha,2024-25,Tamil Nadu Department of Economics and Statistics - Districtwise Average Yield Rates of Crops 2024-25,7
Dharmapuri,Varagu,Combined,1323.0,kg/ha,2024-25,Tamil Nadu Department of Economics and Statistics - Districtwise Average Yield Rates of Crops 2024-25,3
Dharmapuri,Varagu,Kharif,1323.0,kg/ha,2024-25,Tamil Nadu Department of Economics and Statistics - Districtwise Average Yield Rates of Crops 2024-25,3
Dharmapuri,Varagu,Rabi,0.0,kg/ha,2024-25,Tamil Nadu Department of Economics and Statistics - Districtwise Average Yield Rates of Crops 2024-25,3
Dindigul,Arecanut,Combined,1562.0,kg/ha,2024-25,Tamil Nadu Department of Economics and Statistics - Districtwise Average Yield Rates of Crops 2024-25,7
Dindigul,Bajra (Cumbu),Combined,1435.0,kg/ha,2024-25,Tamil Nadu Department of Economics and Statistics - Districtwise Average Yield Rates of Crops 2024-25,2
Dindigul,Bajra (Cumbu),Kharif,2652.0,kg/ha,2024-25,Tamil Nadu Department of Economics and Statistics - Districtwise Average Yield Rates of Crops 2024-25,2
Dindigul,Bajra (Cumbu),Rabi,699.0,kg/ha,2024-25,Tamil Nadu Department of Economics and Statistics - Districtwise Average Yield Rates of Crops 2024-25,2
Dindigul,Banana,Combined,13666.0,kg/ha,2024-25,Tamil Nadu Department of Economics and Statistics - Districtwise Average Yield Rates of Crops 2024-25,10
Dindigul,Bengal Gram,Combined,926.0,kg/ha,2024-25,Tamil Nadu Department of Economics and Statistics - Districtwise Average Yield Rates of Crops 2024-25,4
Dindigul,Black Gram,Combined,710.0,kg/ha,2024-25,Tamil Nadu Department of Economics and Statistics - Districtwise Average Yield Rates of Crops 2024-25,5
Dindigul,Black Gram,Kharif,531.0,kg/ha,2024-25,Tamil Nadu Department of Economics and Statistics - Districtwise Average Yield Rates of Crops 2024-25,5
Dindigul,Black Gram,Rabi,717.0,kg/ha,2024-25,Tamil Nadu Department of Economics and Statistics - Districtwise Average Yield Rates of Crops 2024-25,5
Dindigul,Brinjal,Combined,21018.0,kg/ha,2024-25,Tamil Nadu Department of Economics and Statistics - Districtwise Average Yield Rates of Crops 2024-25,9
Dindigul,Cabbage,Combined,71595.0,kg/ha,2024-25,Tamil Nadu Department of Economics and Statistics - Districtwise Average Yield Rates of Crops 2024-25,9
Dindigul,Cardamom,Combined,97.0,kg/ha,2024-25,Tamil Nadu Department of Economics and Statistics - Districtwise Average Yield Rates of Crops 2024-25,8
Dindigul,Cashew Nut,Combined,364.0,kg/ha,2024-25,Tamil Nadu Department of Economics and Statistics - Districtwise Average Yield Rates of Crops 2024-25,10
Dindigul,Castor,Combined,312.0,kg/ha,2024-25,Tamil Nadu Department of Economics and Statistics - Districtwise Average Yield Rates of Crops 2024-25,12
Dindigul,Chillies,Combined,1569.0,kg/ha,2024-25,Tamil Nadu Department of Economics and Statistics - Districtwise Average Yield Rates of Crops 2024-25,7
Dindigul,Cloves,Combined,959.0,kg/ha,2024-25,Tamil Nadu Department of Economics and Statistics - Districtwise Average Yield Rates of Crops 2024-25,7
Dindigul,Coconut,Combined,13384.0,nuts/ha,2024-25,Tamil Nadu Department of Economics and Statistics - Districtwise Average Yield Rates of Crops 2024-25,13
Dindigul,Coriander,Combined,444.0,kg/ha,2024-25,Tamil Nadu Department of Economics and Statistics - Districtwise Average Yield Rates of Crops 2024-25,8
Dindigul,Cotton,Combined,3519.0,kg/ha,2024-25,Tamil Nadu Department of Economics and Statistics - Districtwise Average Yield Rates of Crops 2024-25,13
Dindigul,Cotton,Kharif,282.0,kg/ha,2024-25,Tamil Nadu Department of Economics and Statistics - Districtwise Average Yield Rates of Crops 2024-25,13
Dindigul,Cotton,Rabi,622.0,kg/ha,2024-25,Tamil Nadu Department of Economics and Statistics - Districtwise Average Yield Rates of Crops 2024-25,13
Dindigul,Cowpea,Combined,552.0,kg/ha,2024-25,Tamil Nadu Department of Economics and Statistics - Districtwise Average Yield Rates of Crops 2024-25,6
Dindigul,Cowpea,Kharif,389.0,kg/ha,2024-25,Tamil Nadu Department of Economics and Statistics - Districtwise Average Yield Rates of Crops 2024-25,6
Dindigul,Cowpea,Rabi,612.0,kg/ha,2024-25,Tamil Nadu Department of Economics and Statistics - Districtwise Average Yield Rates of Crops 2024-25,6
Dindigul,Garlic,Combined,6022.0,kg/ha,2024-25,Tamil Nadu Department of Economics and Statistics - Districtwise Average Yield Rates of Crops 2024-25,7
Dindigul,Gingelly,Combined,464.0,kg/ha,2024-25,Tamil Nadu Department of Economics and Statistics - Districtwise Average Yield Rates of Crops 2024-25,11
Dindigul,Gingelly,Kharif,487.0,kg/ha,2024-25,Tamil Nadu Department of Economics and Statistics - Districtwise Average Yield Rates of Crops 2024-25,11
Dindigul,Gingelly,Rabi,414.0,kg/ha,2024-25,Tamil Nadu Department of Economics and Statistics - Districtwise Average Yield Rates of Crops 2024-25,11
Dindigul,Ginger,Combined,5488.0,kg/ha,2024-25,Tamil Nadu Department of Economics and Statistics - Districtwise Average Yield Rates of Crops 2024-25,7
Dindigul,Grapes,Combined,16130.0,kg/ha,2024-25,Tamil Nadu Department of Economics and Statistics - Districtwise Average Yield Rates of Crops 2024-25,11
Dindigul,Green Gram,Combined,621.0,kg/ha,2024-25,Tamil Nadu Department of Economics and Statistics - Districtwise Average Yield Rates of Crops 2024-25,5
Dindigul,Green Gram,Kharif,564.0,kg/ha,2024-25,Tamil Nadu Department of Economics and Statistics - Districtwise Average Yield Rates of Crops 2024-25,5
Dindigul,Green Gram,Rabi,625.0,kg/ha,2024-25,Tamil Nadu Department of Economics and Statistics - Districtwise Average Yield Rates of Crops 2024-25,5
Dindigul,Groundnut,Combined,3011.0,kg/ha,2024-25,Tamil Nadu Department of Economics and Statistics - Districtwise Average Yield Rates of Crops 2024-25,11
Dindigul,Groundnut,Kharif,1763.0,kg/ha,2024-25,Tamil Nadu Department of Economics and Statistics - Districtwise Average Yield Rates of Crops 2024-25,11
Dindigul,Groundnut,Rabi,3532.0,kg/ha,2024-25,Tamil Nadu Department of Economics and Statistics - Districtwise Average Yield Rates of Crops 2024-25,11
Dindigul,Guava,Combined,9084.0,kg/ha,2024-25,Tamil Nadu Department of Economics and Statistics - Districtwise Average Yield Rates of Crops 2024-25,11
Dindigul,Horse Gram,Combined,574.0,kg/ha,2024-25,Tamil Nadu Department of Economics and Statistics - Districtwise Average Yield Rates of Crops 2024-25,5
Dindigul,Horse Gram,Kharif,574.0,kg/ha,2024-25,Tamil Nadu Department of Economics and Statistics - Districtwise Average Yield Rates of Crops 2024-25,5
Dindigul,Horse Gram,Rabi,574.0,kg/ha,2024-25,Tamil Nadu Department of Economics and Statistics - Districtwise Average Yield Rates of Crops 2024-25,5
Dindigul,Jack Fruit,Combined,12408.0,kg/ha,2024-25,Tamil Nadu Department of Economics and Statistics - Districtwise Average Yield Rates of Crops 2024-25,10
Dindigul,Jowar (Cholam),Combined,791.0,kg/ha,2024-25,Tamil Nadu Department of Economics and Statistics - Districtwise Average Yield Rates of Crops 2024-25,1
Dindigul,Jowar (Cholam),Kharif,866.0,kg/ha,2024-25,Tamil Nadu Department of Economics and Statistics - Districtwise Average Yield Rates of Crops 2024-25,1
Dindigul,Jowar (Cholam),Rabi,784.0,kg/ha,2024-25,Tamil Nadu Department of Economics and Statistics - Districtwise Average Yield Rates of Crops 2024-25,1
Dindigul,Korra,Combined,0.0,kg/ha,2024-25,Tamil Nadu Department of Economics and Statistics - Districtwise Average Yield Rates of Crops 2024-25,3
Dindigul,Lady's Finger,Combined,7278.0,kg/ha,2024-25,Tamil Nadu Department of Economics and Statistics - Districtwise Average Yield Rates of Crops 2024-25,9
Dindigul,Lemon,Combined,1787.0,kg/ha,2024-25,Tamil Nadu Department of Economics and Statistics - Districtwise Average Yield Rates of Crops 2024-25,10
Dindigul,Maize,Combined,6618.0,kg/ha,2024-25,Tamil Nadu Department of Economics and Statistics - Districtwise Average Yield Rates of Crops 2024-25,3
Dindigul,Maize,Kharif,5923.0,kg/ha,2024-25,Tamil Nadu Department of Economics and Statistics - Districtwise Average Yield Rates of Crops 2024-25,3
Dindigul,Maize,Rabi,6722.0,kg/ha,2024-25,Tamil Nadu Department of Economics and Statistics - Districtwise Average Yield Rates of Crops 2024-25,3
Dindigul,Mango,Combined,3078.0,kg/ha,2024-25,Tamil Nadu Department of Economics and Statistics - Districtwise Average Yield Rates of Crops 2024-25,10
Dindigul,Onion,Combined,8818.0,kg/ha,2024-25,Tamil Nadu Department of Economics and Statistics - Districtwise Average Yield Rates of Crops 2024-25,9
Dindigul,Onion,Kharif,8681.0,kg/ha,2024-25,Tamil Nadu Department of Economics and Statistics - Districtwise Average Yield Rates of Crops 2024-25,9
Dindigul,Onion,Rabi,8904.0,kg/ha,2024-25,Tamil Nadu Department of Economics and Statistics - Districtwise Average Yield Rates of Crops 2024-25,9
Dindigul,Orange,Combined,4191.0,kg/ha,2024-25,Tamil Nadu Department of Economics and Statistics - Districtwise Average Yield Rates of Crops 2024-25,10
Dindigul,Other Cereals,Combined,1415.0,kg/ha,2024-25,Tamil Nadu Department of Economics and Statistics - Districtwise Average Yield Rates of Crops 2024-25,4
Dindigul,Other Pulses,Combined,585.0,kg/ha,2024-25,Tamil Nadu Department of Economics and Statistics - Districtwise Average Yield Rates of Crops 2024-25,6
Dindigul,Other Pulses,Kharif,585.0,kg/ha,2024-25,Tamil Nadu Department of Economics and Statistics - Districtwise Average Yield Rates of Crops 2024-25,6
Dindigul,Other Pulses,Rabi,585.0,kg/ha,2024-25,Tamil Nadu Department of Economics and Statistics - Districtwise Average Yield Rates of Crops 2024-25,6
Dindigul,Paddy,Combined,3408.0,kg/ha,2024-25,Tamil Nadu Department of Economics and Statistics - Districtwise Average Yield Rates of Crops 2024-25,1
Dindigul,Paddy,Kar/Kuruvai/Sornavari,3689.0,kg/ha,2024-25,Tamil Nadu Department of Economics and Statistics - Districtwise Average Yield Rates of Crops 2024-25,1
Dindigul,Paddy,Navarai/Kodai,3546.0,kg/ha,2024-25,Tamil Nadu Department of Economics and Statistics - Districtwise Average Yield Rates of Crops 2024-25,1
Dindigul,Paddy,Samba/Thaladi/Pishanam,3237.0,kg/ha,2024-25,Tamil Nadu Department of Economics and Statistics - Districtwise Average Yield Rates of Crops 2024-25,1
Dindigul,Pepper,Combined,328.0,kg/ha,2024-25,Tamil Nadu Department of Economics and Statistics - Districtwise Average Yield Rates of Crops 2024-25,7
Dindigul,Pine Apple,Combined,41249.0,kg/ha,2024-25,Tamil Nadu Department of Economics and Statistics - Districtwise Average Yield Rates of Crops 2024-25,10
Dindigul,Potato,Combined,16032.0,kg/ha,2024-25,Tamil Nadu Department of Economics and Statistics - Districtwise Average Yield Rates of Crops 2024-25,8
Dindigul,Potato,Kharif,12447.0,kg/ha,2024-25,Tamil Nadu Department of Economics and Statistics - Districtwise Average Yield Rates of Crops 2024-25,8
Dindigul,Potato,Rabi,23559.0,kg/ha,2024-25,Tamil Nadu Department of Economics and Statistics - Districtwise Average Yield Rates of Crops 2024-25,8
Dindigul,Ragi,Combined,3922.0,kg/ha,2024-25,Tamil Nadu Department of Economics and Statistics - Districtwise Average Yield Rates of Crops 2024-25,2
Dindigul,Ragi,Kharif,3922.0,kg/ha,2024-25,Tamil Nadu Department of Economics and Statistics - Districtwise Average Yield Rates of Crops 2024-25,2
Dindigul,Ragi,Rabi,6942.0,kg/ha,2024-25,Tamil Nadu Department of Economics and Statistics - Districtwise Average Yield Rates of Crops 2024-25,2
Dindigul,Rapeseed & Mustard,Combined,0.0,kg/ha,2024-25,Tamil Nadu Department of Economics and Statistics - Districtwise Average Yield Rates of Crops 2024-25,12
Dindigul,Red Gram,Combined,1019.0,kg/ha,2024-25,Tamil Nadu Department of Economics and Statistics - Districtwise Average Yield Rates of Crops 2024-25,4
Dindigul,Red Gram,Kharif,1015.0,kg/ha,2024-25,Tamil Nadu Department of Economics and Statistics - Districtwise Average Yield Rates of Crops 2024-25,4
Dindigul,Red Gram,Rabi,1026.0,kg/ha,2024-25,Tamil Nadu Department of Economics and Statistics - Districtwise Average Yield Rates of Crops 2024-25,4
Dindigul,Samai,Combined,1456.0,kg/ha,2024-25,Tamil Nadu Department of Economics and Statistics - Districtwise Average Yield Rates of Crops 2024-25,4
Dindigul,Samai,Kharif,0.0,kg/ha,2024-25,Tamil Nadu Department of Economics and Statistics - Districtwise Average Yield Rates of Crops 2024-25,4
Dindigul,Samai,Rabi,1456.0,kg/ha,2024-25,Tamil Nadu Department of Economics and Statistics - Districtwise Average Yield Rates of Crops 2024-25,4
Dindigul,Sugar Cane,Combined,71.0,tonnes/ha,2024-25,Tamil Nadu Department of Economics and Statistics - Districtwise Average Yield Rates of Crops 2024-25,6
Dindigul,Sun Flower,Combined,1146.0,kg/ha,2024-25,Tamil Nadu Department of Economics and Statistics - Districtwise Average Yield Rates of Crops 2024-25,12
Dindigul,Sun Flower,Kharif,1935.0,kg/ha,2024-25,Tamil Nadu Department of Economics and Statistics - Districtwise Average Yield Rates of Crops 2024-25,12
Dindigul,Sun Flower,Rabi,1110.0,kg/ha,2024-25,Tamil Nadu Department of Economics and Statistics - Districtwise Average Yield Rates of Crops 2024-25,12
Dindigul,Sweet Potato,Combined,19336.0,kg/ha,2024-25,Tamil Nadu Department of Economics and Statistics - Districtwise Average Yield Rates of Crops 2024-25,8
Dindigul,Tamarind,Combined,3033.0,kg/ha,2024-25,Tamil Nadu Department of Economics and Statistics - Districtwise Average Yield Rates of Crops 2024-25,8
Dindigul,Tapioca,Combined,40259.0,kg/ha,2024-25,Tamil Nadu Department of Economics and Statistics - Districtwise Average Yield Rates of Crops 2024-25,8
Dindigul,Tobacco,Combined,1525.0,kg/ha,2024-25,Tamil Nadu Department of Economics and Statistics - Districtwise Average Yield Rates of Crops 2024-25,13
Dindigul,Tomato,Combined,7057.0,kg/ha,2024-25,Tamil Nadu Department of Economics and Statistics - Districtwise Average Yield Rates of Crops 2024-25,9
Dindigul,Turmeric,Combined,46519.0,kg/ha,2024-25,Tamil Nadu Department of Economics and Statistics - Districtwise Average Yield Rates of Crops 2024-25,7
Dindigul,Varagu,Combined,1376.0,kg/ha,2024-25,Tamil Nadu Department of Economics and Statistics - Districtwise Average Yield Rates of Crops 2024-25,3
Dindigul,Varagu,Kharif,1323.0,kg/ha,2024-25,Tamil Nadu Department of Economics and Statistics - Districtwise Average Yield Rates of Crops 2024-25,3
Dindigul,Varagu,Rabi,1415.0,kg/ha,2024-25,Tamil Nadu Department of Economics and Statistics - Districtwise Average Yield Rates of Crops 2024-25,3
Erode,Arecanut,Combined,2041.0,kg/ha,2024-25,Tamil Nadu Department of Economics and Statistics - Districtwise Average Yield Rates of Crops 2024-25,7
Erode,Bajra (Cumbu),Combined,2274.0,kg/ha,2024-25,Tamil Nadu Department of Economics and Statistics - Districtwise Average Yield Rates of Crops 2024-25,2
Erode,Bajra (Cumbu),Kharif,2652.0,kg/ha,2024-25,Tamil Nadu Department of Economics and Statistics - Districtwise Average Yield Rates of Crops 2024-25,2
Erode,Bajra (Cumbu),Rabi,1597.0,kg/ha,2024-25,Tamil Nadu Department of Economics and Statistics - Districtwise Average Yield Rates of Crops 2024-25,2
Erode,Banana,Combined,38015.0,kg/ha,2024-25,Tamil Nadu Department of Economics and Statistics - Districtwise Average Yield Rates of Crops 2024-25,10
Erode,Bengal Gram,Combined,926.0,kg/ha,2024-25,Tamil Nadu Department of Economics and Statistics - Districtwise Average Yield Rates of Crops 2024-25,4
Erode,Black Gram,Combined,510.0,kg/ha,2024-25,Tamil Nadu Department of Economics and Statistics - Districtwise Average Yield Rates of Crops 2024-25,5
Erode,Black Gram,Kharif,531.0,kg/ha,2024-25,Tamil Nadu Department of Economics and Statistics - Districtwise Average Yield Rates of Crops 2024-25,5
Erode,Black Gram,Rabi,456.0,kg/ha,2024-25,Tamil Nadu Department of Economics and Statistics - Districtwise Average Yield Rates of Crops 2024-25,5
Erode,Brinjal,Combined,13225.0,kg/ha,2024-25,Tamil Nadu Department of Economics and Statistics - Districtwise Average Yield Rates of Crops 2024-25,9
Erode,Cabbage,Combined,43823.0,kg/ha,2024-25,Tamil Nadu Department of Economics and Statistics - Districtwise Average Yield Rates of Crops 2024-25,9
Erode,Cardamom,Combined,82.0,kg/ha,2024-25,Tamil Nadu Department of Economics and Statistics - Districtwise Average Yield Rates of Crops 2024-25,8
Erode,Cashew Nut,Combined,364.0,kg/ha,2024-25,Tamil Nadu Department of Economics and Statistics - Districtwise Average Yield Rates of Crops 2024-25,10
Erode,Castor,Combined,312.0,kg/ha,2024-25,Tamil Nadu Department of Economics and Statistics - Districtwise Average Yield Rates of Crops 2024-25,12
Erode,Chillies,Combined,528.0,kg/ha,2024-25,Tamil Nadu Department of Economics and Statistics - Districtwise Average Yield Rates of Crops 2024-25,7
Erode,Cloves,Combined,0.0,kg/ha,2024-25,Tamil Nadu Department of Economics and Statistics - Districtwise Average Yield Rates of Crops 2024-25,7
Erode,Coconut,Combined,12291.0,nuts/ha,2024-25,Tamil Nadu Department of Economics and Statistics - Districtwise Average Yield Rates of Crops 2024-25,13
Erode,Coriander,Combined,0.0,kg/ha,2024-25,Tamil Nadu Department of Economics and Statistics - Districtwise Average Yield Rates of Crops 2024-25,8
Erode,Cotton,Combined,2137.0,kg/ha,2024-25,Tamil Nadu Department of Economics and Statistics - Districtwise Average Yield Rates of Crops 2024-25,13
Erode,Cotton,Kharif,282.0,kg/ha,2024-25,Tamil Nadu Department of Economics and Statistics - Districtwise Average Yield Rates of Crops 2024-25,13
Erode,Cotton,Rabi,386.0,kg/ha,2024-25,Tamil Nadu Department of Economics and Statistics - Districtwise Average Yield Rates of Crops 2024-25,13
Erode,Cowpea,Combined,597.0,kg/ha,2024-25,Tamil Nadu Department of Economics and Statistics - Districtwise Average Yield Rates of Crops 2024-25,6
Erode,Cowpea,Kharif,604.0,kg/ha,2024-25,Tamil Nadu Department of Economics and Statistics - Districtwise Average Yield Rates of Crops 2024-25,6
Erode,Cowpea,Rabi,549.0,kg/ha,2024-25,Tamil Nadu Department of Economics and Statistics - Districtwise Average Yield Rates of Crops 2024-25,6
Erode,Garlic,Combined,5782.0,kg/ha,2024-25,Tamil Nadu Department of Economics and Statistics - Districtwise Average Yield Rates of Crops 2024-25,7
Erode,Gingelly,Combined,880.0,kg/ha,2024-25,Tamil Nadu Department of Economics and Statistics - Districtwise Average Yield Rates of Crops 2024-25,11
Erode,Gingelly,Kharif,487.0,kg/ha,2024-25,Tamil Nadu Department of Economics and Statistics - Districtwise Average Yield Rates of Crops 2024-25,11
Erode,Gingelly,Rabi,922.0,kg/ha,2024-25,Tamil Nadu Department of Economics and Statistics - Districtwise Average Yield Rates of Crops 2024-25,11
Erode,Ginger,Combined,7037.0,kg/ha,2024-25,Tamil Nadu Department of Economics and Statistics - Districtwise Average Yield Rates of Crops 2024-25,7
Erode,Grapes,Combined,41573.0,kg/ha,2024-25,Tamil Nadu Department of Economics and Statistics - Districtwise Average Yield Rates of Crops 2024-25,11
Erode,Green Gram,Combined,545.0,kg/ha,2024-25,Tamil Nadu Department of Economics and Statistics - Districtwise Average Yield Rates of Crops 2024-25,5
Erode,Green Gram,Kharif,564.0,kg/ha,2024-25,Tamil Nadu Department of Economics and Statistics - Districtwise Average Yield Rates of Crops 2024-25,5
Erode,Green Gram,Rabi,248.0,kg/ha,2024-25,Tamil Nadu Department of Economics and Statistics - Districtwise Average Yield Rates of Crops 2024-25,5
Erode,Groundnut,Combined,1946.0,kg/ha,2024-25,Tamil Nadu Department of Economics and Statistics - Districtwise Average Yield Rates of Crops 2024-25,11
Erode,Groundnut,Kharif,1779.0,kg/ha,2024-25,Tamil Nadu Department of Economics and Statistics - Districtwise Average Yield Rates of Crops 2024-25,11
Erode,Groundnut,Rabi,2924.0,kg/ha,2024-25,Tamil Nadu Department of Economics and Statistics - Districtwise Average Yield Rates of Crops 2024-25,11
Erode,Guava,Combined,7076.0,kg/ha,2024-25,Tamil Nadu Department of Economics and Statistics - Districtwise Average Yield Rates of Crops 2024-25,11
Erode,Horse Gram,Combined,697.0,kg/ha,2024-25,Tamil Nadu Department of Economics and Statistics - Districtwise Average Yield Rates of Crops 2024-25,5
Erode,Horse Gram,Kharif,604.0,kg/ha,2024-25,Tamil Nadu Department of Economics and Statistics - Districtwise Average Yield Rates of Crops 2024-25,5
Erode,Horse Gram,Rabi,710.0,kg/ha,2024-25,Tamil Nadu Department of Economics and Statistics - Districtwise Average Yield Rates of Crops 2024-25,5
Erode,Jack Fruit,Combined,20056.0,kg/ha,2024-25,Tamil Nadu Department of Economics and Statistics - Districtwise Average Yield Rates of Crops 2024-25,10
Erode,Jowar (Cholam),Combined,1293.0,kg/ha,2024-25,Tamil Nadu Department of Economics and Statistics - Districtwise Average Yield Rates of Crops 2024-25,1
Erode,Jowar (Cholam),Kharif,1293.0,kg/ha,2024-25,Tamil Nadu Department of Economics and Statistics - Districtwise Average Yield Rates of Crops 2024-25,1
Erode,Jowar (Cholam),Rabi,0.0,kg/ha,2024-25,Tamil Nadu Department of Economics and Statistics - Districtwise Average Yield Rates of Crops 2024-25,1
Erode,Korra,Combined,0.0,kg/ha,2024-25,Tamil Nadu Department of Economics and Statistics - Districtwise Average Yield Rates of Crops 2024-25,3
Erode,Lady's Finger,Combined,13540.0,kg/ha,2024-25,Tamil Nadu Department of Economics and Statistics - Districtwise Average Yield Rates of Crops 2024-25,9
Erode,Lemon,Combined,6533.0,kg/ha,2024-25,Tamil Nadu Department of Economics and Statistics - Districtwise Average Yield Rates of Crops 2024-25,10
Erode,Maize,Combined,8244.0,kg/ha,2024-25,Tamil Nadu Department of Economics and Statistics - Districtwise Average Yield Rates of Crops 2024-25,3
Erode,Maize,Kharif,7780.0,kg/ha,2024-25,Tamil Nadu Department of Economics and Statistics - Districtwise Average Yield Rates of Crops 2024-25,3
Erode,Maize,Rabi,9672.0,kg/ha,2024-25,Tamil Nadu Department of Economics and Statistics - Districtwise Average Yield Rates of Crops 2024-25,3
Erode,Mango,Combined,5855.0,kg/ha,2024-25,Tamil Nadu Department of Economics and Statistics - Districtwise Average Yield Rates of Crops 2024-25,10
Erode,Onion,Combined,8270.0,kg/ha,2024-25,Tamil Nadu Department of Economics and Statistics - Districtwise Average Yield Rates of Crops 2024-25,9
Erode,Onion,Kharif,6225.0,kg/ha,2024-25,Tamil Nadu Department of Economics and Statistics - Districtwise Average Yield Rates of Crops 2024-25,9
Erode,Onion,Rabi,7307.0,kg/ha,2024-25,Tamil Nadu Department of Economics and Statistics - Districtwise Average Yield Rates of Crops 2024-25,9
Erode,Orange,Combined,3912.0,kg/ha,2024-25,Tamil Nadu Department of Economics and Statistics - Districtwise Average Yield Rates of Crops 2024-25,10
Erode,Other Cereals,Combined,0.0,kg/ha,2024-25,Tamil Nadu Department of Economics and Statistics - Districtwise Average Yield Rates of Crops 2024-25,4
Erode,Other Pulses,Combined,585.0,kg/ha,2024-25,Tamil Nadu Department of Economics and Statistics - Districtwise Average Yield Rates of Crops 2024-25,6
Erode,Other Pulses,Kharif,585.0,kg/ha,2024-25,Tamil Nadu Department of Economics and Statistics - Districtwise Average Yield Rates of Crops 2024-25,6
Erode,Other Pulses,Rabi,585.0,kg/ha,2024-25,Tamil Nadu Department of Economics and Statistics - Districtwise Average Yield Rates of Crops 2024-25,6
Erode,Paddy,Combined,4018.0,kg/ha,2024-25,Tamil Nadu Department of Economics and Statistics - Districtwise Average Yield Rates of Crops 2024-25,1
Erode,Paddy,Kar/Kuruvai/Sornavari,3689.0,kg/ha,2024-25,Tamil Nadu Department of Economics and Statistics - Districtwise Average Yield Rates of Crops 2024-25,1
Erode,Paddy,Navarai/Kodai,3874.0,kg/ha,2024-25,Tamil Nadu Department of Economics and Statistics - Districtwise Average Yield Rates of Crops 2024-25,1
Erode,Paddy,Samba/Thaladi/Pishanam,4070.0,kg/ha,2024-25,Tamil Nadu Department of Economics and Statistics - Districtwise Average Yield Rates of Crops 2024-25,1
Erode,Pepper,Combined,215.0,kg/ha,2024-25,Tamil Nadu Department of Economics and Statistics - Districtwise Average Yield Rates of Crops 2024-25,7
Erode,Pine Apple,Combined,0.0,kg/ha,2024-25,Tamil Nadu Department of Economics and Statistics - Districtwise Average Yield Rates of Crops 2024-25,10
Erode,Potato,Combined,26515.0,kg/ha,2024-25,Tamil Nadu Department of Economics and Statistics - Districtwise Average Yield Rates of Crops 2024-25,8
Erode,Potato,Kharif,26461.0,kg/ha,2024-25,Tamil Nadu Department of Economics and Statistics - Districtwise Average Yield Rates of Crops 2024-25,8
Erode,Potato,Rabi,27187.0,kg/ha,2024-25,Tamil Nadu Department of Economics and Statistics - Districtwise Average Yield Rates of Crops 2024-25,8
Erode,Ragi,Combined,3801.0,kg/ha,2024-25,Tamil Nadu Department of Economics and Statistics - Districtwise Average Yield Rates of Crops 2024-25,2
Erode,Ragi,Kharif,3798.0,kg/ha,2024-25,Tamil Nadu Department of Economics and Statistics - Districtwise Average Yield Rates of Crops 2024-25,2
Erode,Ragi,Rabi,6942.0,kg/ha,2024-25,Tamil Nadu Department of Economics and Statistics - Districtwise Average Yield Rates of Crops 2024-25,2
Erode,Rapeseed & Mustard,Combined,0.0,kg/ha,2024-25,Tamil Nadu Department of Economics and Statistics - Districtwise Average Yield Rates of Crops 2024-25,12
Erode,Red Gram,Combined,1302.0,kg/ha,2024-25,Tamil Nadu Department of Economics and Statistics - Districtwise Average Yield Rates of Crops 2024-25,4
Erode,Red Gram,Kharif,1302.0,kg/ha,2024-25,Tamil Nadu Department of Economics and Statistics - Districtwise Average Yield Rates of Crops 2024-25,4
Erode,Red Gram,Rabi,1302.0,kg/ha,2024-25,Tamil Nadu Department of Economics and Statistics - Districtwise Average Yield Rates of Crops 2024-25,4
Erode,Samai,Combined,1285.0,kg/ha,2024-25,Tamil Nadu Department of Economics and Statistics - Districtwise Average Yield Rates of Crops 2024-25,4
Erode,Samai,Kharif,1285.0,kg/ha,2024-25,Tamil Nadu Department of Economics and Statistics - Districtwise Average Yield Rates of Crops 2024-25,4
Erode,Samai,Rabi,0.0,kg/ha,2024-25,Tamil Nadu Department of Economics and Statistics - Districtwise Average Yield Rates of Crops 2024-25,4
Erode,Sugar Cane,Combined,113.0,tonnes/ha,2024-25,Tamil Nadu Department of Economics and Statistics - Districtwise Average Yield Rates of Crops 2024-25,6
Erode,Sun Flower,Combined,1935.0,kg/ha,2024-25,Tamil Nadu Department of Economics and Statistics - Districtwise Average Yield Rates of Crops 2024-25,12
Erode,Sun Flower,Kharif,1935.0,kg/ha,2024-25,Tamil Nadu Department of Economics and Statistics - Districtwise Average Yield Rates of Crops 2024-25,12
Erode,Sun Flower,Rabi,0.0,kg/ha,2024-25,Tamil Nadu Department of Economics and Statistics - Districtwise Average Yield Rates of Crops 2024-25,12
Erode,Sweet Potato,Combined,19336.0,kg/ha,2024-25,Tamil Nadu Department of Economics and Statistics - Districtwise Average Yield Rates of Crops 2024-25,8
Erode,Tamarind,Combined,5007.0,kg/ha,2024-25,Tamil Nadu Department of Economics and Statistics - Districtwise Average Yield Rates of Crops 2024-25,8
Erode,Tapioca,Combined,45575.0,kg/ha,2024-25,Tamil Nadu Department of Economics and Statistics - Districtwise Average Yield Rates of Crops 2024-25,8
Erode,Tobacco,Combined,1525.0,kg/ha,2024-25,Tamil Nadu Department of Economics and Statistics - Districtwise Average Yield Rates of Crops 2024-25,13
Erode,Tomato,Combined,19663.0,kg/ha,2024-25,Tamil Nadu Department of Economics and Statistics - Districtwise Average Yield Rates of Crops 2024-25,9
Erode,Turmeric,Combined,72500.0,kg/ha,2024-25,Tamil Nadu Department of Economics and Statistics - Districtwise Average Yield Rates of Crops 2024-25,7
Erode,Varagu,Combined,1323.0,kg/ha,2024-25,Tamil Nadu Department of Economics and Statistics - Districtwise Average Yield Rates of Crops 2024-25,3
Erode,Varagu,Kharif,1323.0,kg/ha,2024-25,Tamil Nadu Department of Economics and Statistics - Districtwise Average Yield Rates of Crops 2024-25,3
Erode,Varagu,Rabi,0.0,kg/ha,2024-25,Tamil Nadu Department of Economics and Statistics - Districtwise Average Yield Rates of Crops 2024-25,3
Kallakurichi,Arecanut,Combined,2829.0,kg/ha,2024-25,Tamil Nadu Department of Economics and Statistics - Districtwise Average Yield Rates of Crops 2024-25,7
Kallakurichi,Bajra (Cumbu),Combined,2138.0,kg/ha,2024-25,Tamil Nadu Department of Economics and Statistics - Districtwise Average Yield Rates of Crops 2024-25,2
Kallakurichi,Bajra (Cumbu),Kharif,2140.0,kg/ha,2024-25,Tamil Nadu Department of Economics and Statistics - Districtwise Average Yield Rates of Crops 2024-25,2
Kallakurichi,Bajra (Cumbu),Rabi,1597.0,kg/ha,2024-25,Tamil Nadu Department of Economics and Statistics - Districtwise Average Yield Rates of Crops 2024-25,2
Kallakurichi,Banana,Combined,39691.0,kg/ha,2024-25,Tamil Nadu Department of Economics and Statistics - Districtwise Average Yield Rates of Crops 2024-25,10
Kallakurichi,Bengal Gram,Combined,0.0,kg/ha,2024-25,Tamil Nadu Department of Economics and Statistics - Districtwise Average Yield Rates of Crops 2024-25,4
Kallakurichi,Black Gram,Combined,541.0,kg/ha,2024-25,Tamil Nadu Department of Economics and Statistics - Districtwise Average Yield Rates of Crops 2024-25,5
Kallakurichi,Black Gram,Kharif,531.0,kg/ha,2024-25,Tamil Nadu Department of Economics and Statistics - Districtwise Average Yield Rates of Crops 2024-25,5
Kallakurichi,Black Gram,Rabi,542.0,kg/ha,2024-25,Tamil Nadu Department of Economics and Statistics - Districtwise Average Yield Rates of Crops 2024-25,5
Kallakurichi,Brinjal,Combined,14759.0,kg/ha,2024-25,Tamil Nadu Department of Economics and Statistics - Districtwise Average Yield Rates of Crops 2024-25,9
Kallakurichi,Cabbage,Combined,0.0,kg/ha,2024-25,Tamil Nadu Department of Economics and Statistics - Districtwise Average Yield Rates of Crops 2024-25,9
Kallakurichi,Cardamom,Combined,0.0,kg/ha,2024-25,Tamil Nadu Department of Economics and Statistics - Districtwise Average Yield Rates of Crops 2024-25,8
Kallakurichi,Cashew Nut,Combined,624.0,kg/ha,2024-25,Tamil Nadu Department of Economics and Statistics - Districtwise Average Yield Rates of Crops 2024-25,10
Kallakurichi,Castor,Combined,312.0,kg/ha,2024-25,Tamil Nadu Department of Economics and Statistics - Districtwise Average Yield Rates of Crops 2024-25,12
Kallakurichi,Chillies,Combined,528.0,kg/ha,2024-25,Tamil Nadu Department of Economics and Statistics - Districtwise Average Yield Rates of Crops 2024-25,7
Kallakurichi,Cloves,Combined,0.0,kg/ha,2024-25,Tamil Nadu Department of Economics and Statistics - Districtwise Average Yield Rates of Crops 2024-25,7
Kallakurichi,Coconut,Combined,14266.0,nuts/ha,2024-25,Tamil Nadu Department of Economics and Statistics - Districtwise Average Yield Rates of Crops 2024-25,13
Kallakurichi,Coriander,Combined,444.0,kg/ha,2024-25,Tamil Nadu Department of Economics and Statistics - Districtwise Average Yield Rates of Crops 2024-25,8
Kallakurichi,Cotton,Combined,1455.0,kg/ha,2024-25,Tamil Nadu Department of Economics and Statistics - Districtwise Average Yield Rates of Crops 2024-25,13
Kallakurichi,Cotton,Kharif,221.0,kg/ha,2024-25,Tamil Nadu Department of Economics and Statistics - Districtwise Average Yield Rates of Crops 2024-25,13
Kallakurichi,Cotton,Rabi,386.0,kg/ha,2024-25,Tamil Nadu Department of Economics and Statistics - Districtwise Average Yield Rates of Crops 2024-25,13
Kallakurichi,Cowpea,Combined,0.0,kg/ha,2024-25,Tamil Nadu Department of Economics and Statistics - Districtwise Average Yield Rates of Crops 2024-25,6
Kallakurichi,Cowpea,Kharif,0.0,kg/ha,2024-25,Tamil Nadu Department of Economics and Statistics - Districtwise Average Yield Rates of Crops 2024-25,6
Kallakurichi,Cowpea,Rabi,0.0,kg/ha,2024-25,Tamil Nadu Department of Economics and Statistics - Districtwise Average Yield Rates of Crops 2024-25,6
Kallakurichi,Garlic,Combined,0.0,kg/ha,2024-25,Tamil Nadu Department of Economics and Statistics - Districtwise Average Yield Rates of Crops 2024-25,7
Kallakurichi,Gingelly,Combined,778.0,kg/ha,2024-25,Tamil Nadu Department of Economics and Statistics - Districtwise Average Yield Rates of Crops 2024-25,11
Kallakurichi,Gingelly,Kharif,487.0,kg/ha,2024-25,Tamil Nadu Department of Economics and Statistics - Districtwise Average Yield Rates of Crops 2024-25,11
Kallakurichi,Gingelly,Rabi,817.0,kg/ha,2024-25,Tamil Nadu Department of Economics and Statistics - Districtwise Average Yield Rates of Crops 2024-25,11
Kallakurichi,Ginger,Combined,3399.0,kg/ha,2024-25,Tamil Nadu Department of Economics and Statistics - Districtwise Average Yield Rates of Crops 2024-25,7
Kallakurichi,Grapes,Combined,0.0,kg/ha,2024-25,Tamil Nadu Department of Economics and Statistics - Districtwise Average Yield Rates of Crops 2024-25,11
Kallakurichi,Green Gram,Combined,0.0,kg/ha,2024-25,Tamil Nadu Department of Economics and Statistics - Districtwise Average Yield Rates of Crops 2024-25,5
Kallakurichi,Green Gram,Kharif,0.0,kg/ha,2024-25,Tamil Nadu Department of Economics and Statistics - Districtwise Average Yield Rates of Crops 2024-25,5
Kallakurichi,Green Gram,Rabi,0.0,kg/ha,2024-25,Tamil Nadu Department of Economics and Statistics - Districtwise Average Yield Rates of Crops 2024-25,5
Kallakurichi,Groundnut,Combined,2503.0,kg/ha,2024-25,Tamil Nadu Department of Economics and Statistics - Districtwise Average Yield Rates of Crops 2024-25,11
Kallakurichi,Groundnut,Kharif,2596.0,kg/ha,2024-25,Tamil Nadu Department of Economics and Statistics - Districtwise Average Yield Rates of Crops 2024-25,11
Kallakurichi,Groundnut,Rabi,2383.0,kg/ha,2024-25,Tamil Nadu Department of Economics and Statistics - Districtwise Average Yield Rates of Crops 2024-25,11
Kallakurichi,Guava,Combined,7076.0,kg/ha,2024-25,Tamil Nadu Department of Economics and Statistics - Districtwise Average Yield Rates of Crops 2024-25,11
Kallakurichi,Horse Gram,Combined,0.0,kg/ha,2024-25,Tamil Nadu Department of Economics and Statistics - Districtwise Average Yield Rates of Crops 2024-25,5
Kallakurichi,Horse Gram,Kharif,0.0,kg/ha,2024-25,Tamil Nadu Department of Economics and Statistics - Districtwise Average Yield Rates of Crops 2024-25,5
Kallakurichi,Horse Gram,Rabi,0.0,kg/ha,2024-25,Tamil Nadu Department of Economics and Statistics - Districtwise Average Yield Rates of Crops 2024-25,5
Kallakurichi,Jack Fruit,Combined,20056.0,kg/ha,2024-25,Tamil Nadu Department of Economics and Statistics - Districtwise Average Yield Rates of Crops 2024-25,10
Kallakurichi,Jowar (Cholam),Combined,0.0,kg/ha,2024-25,Tamil Nadu Department of Economics and Statistics - Districtwise Average Yield Rates of Crops 2024-25,1
Kallakurichi,Jowar (Cholam),Kharif,0.0,kg/ha,2024-25,Tamil Nadu Department of Economics and Statistics - Districtwise Average Yield Rates of Crops 2024-25,1
Kallakurichi,Jowar (Cholam),Rabi,0.0,kg/ha,2024-25,Tamil Nadu Department of Economics and Statistics - Districtwise Average Yield Rates of Crops 2024-25,1
Kallakurichi,Korra,Combined,470.0,kg/ha,2024-25,Tamil Nadu Department of Economics and Statistics - Districtwise Average Yield Rates of Crops 2024-25,3
Kallakurichi,Lady's Finger,Combined,20508.0,kg/ha,2024-25,Tamil Nadu Department of Economics and Statistics - Districtwise Average Yield Rates of Crops 2024-25,9
Kallakurichi,Lemon,Combined,6533.0,kg/ha,2024-25,Tamil Nadu Department of Economics and Statistics - Districtwise Average Yield Rates of Crops 2024-25,10
Kallakurichi,Maize,Combined,7885.0,kg/ha,2024-25,Tamil Nadu Department of Economics and Statistics - Districtwise Average Yield Rates of Crops 2024-25,3
Kallakurichi,Maize,Kharif,7645.0,kg/ha,2024-25,Tamil Nadu Department of Economics and Statistics - Districtwise Average Yield Rates of Crops 2024-25,3
Kallakurichi,Maize,Rabi,8284.0,kg/ha,2024-25,Tamil Nadu Department of Economics and Statistics - Districtwise Average Yield Rates of Crops 2024-25,3
Kallakurichi,Mango,Combined,5855.0,kg/ha,2024-25,Tamil Nadu Department of Economics and Statistics - Districtwise Average Yield Rates of Crops 2024-25,10
Kallakurichi,Onion,Combined,5635.0,kg/ha,2024-25,Tamil Nadu Department of Economics and Statistics - Districtwise Average Yield Rates of Crops 2024-25,9
Kallakurichi,Onion,Kharif,5137.0,kg/ha,2024-25,Tamil Nadu Department of Economics and Statistics - Districtwise Average Yield Rates of Crops 2024-25,9
Kallakurichi,Onion,Rabi,5971.0,kg/ha,2024-25,Tamil Nadu Department of Economics and Statistics - Districtwise Average Yield Rates of Crops 2024-25,9
Kallakurichi,Orange,Combined,0.0,kg/ha,2024-25,Tamil Nadu Department of Economics and Statistics - Districtwise Average Yield Rates of Crops 2024-25,10
Kallakurichi,Other Cereals,Combined,0.0,kg/ha,2024-25,Tamil Nadu Department of Economics and Statistics - Districtwise Average Yield Rates of Crops 2024-25,4
Kallakurichi,Other Pulses,Combined,0.0,kg/ha,2024-25,Tamil Nadu Department of Economics and Statistics - Districtwise Average Yield Rates of Crops 2024-25,6
Kallakurichi,Other Pulses,Kharif,0.0,kg/ha,2024-25,Tamil Nadu Department of Economics and Statistics - Districtwise Average Yield Rates of Crops 2024-25,6
Kallakurichi,Other Pulses,Rabi,0.0,kg/ha,2024-25,Tamil Nadu Department of Economics and Statistics - Districtwise Average Yield Rates of Crops 2024-25,6
Kallakurichi,Paddy,Combined,3835.0,kg/ha,2024-25,Tamil Nadu Department of Economics and Statistics - Districtwise Average Yield Rates of Crops 2024-25,1
Kallakurichi,Paddy,Kar/Kuruvai/Sornavari,4023.0,kg/ha,2024-25,Tamil Nadu Department of Economics and Statistics - Districtwise Average Yield Rates of Crops 2024-25,1
Kallakurichi,Paddy,Navarai/Kodai,3822.0,kg/ha,2024-25,Tamil Nadu Department of Economics and Statistics - Districtwise Average Yield Rates of Crops 2024-25,1
Kallakurichi,Paddy,Samba/Thaladi/Pishanam,3792.0,kg/ha,2024-25,Tamil Nadu Department of Economics and Statistics - Districtwise Average Yield Rates of Crops 2024-25,1
Kallakurichi,Pepper,Combined,208.0,kg/ha,2024-25,Tamil Nadu Department of Economics and Statistics - Districtwise Average Yield Rates of Crops 2024-25,7
Kallakurichi,Pine Apple,Combined,0.0,kg/ha,2024-25,Tamil Nadu Department of Economics and Statistics - Districtwise Average Yield Rates of Crops 2024-25,10
Kallakurichi,Potato,Combined,0.0,kg/ha,2024-25,Tamil Nadu Department of Economics and Statistics - Districtwise Average Yield Rates of Crops 2024-25,8
Kallakurichi,Potato,Kharif,0.0,kg/ha,2024-25,Tamil Nadu Department of Economics and Statistics - Districtwise Average Yield Rates of Crops 2024-25,8
Kallakurichi,Potato,Rabi,0.0,kg/ha,2024-25,Tamil Nadu Department of Economics and Statistics - Districtwise Average Yield Rates of Crops 2024-25,8
Kallakurichi,Ragi,Combined,6021.0,kg/ha,2024-25,Tamil Nadu Department of Economics and Statistics - Districtwise Average Yield Rates of Crops 2024-25,2
Kallakurichi,Ragi,Kharif,3922.0,kg/ha,2024-25,Tamil Nadu Department of Economics and Statistics - Districtwise Average Yield Rates of Crops 2024-25,2
Kallakurichi,Ragi,Rabi,6942.0,kg/ha,2024-25,Tamil Nadu Department of Economics and Statistics - Districtwise Average Yield Rates of Crops 2024-25,2
Kallakurichi,Rapeseed & Mustard,Combined,0.0,kg/ha,2024-25,Tamil Nadu Department of Economics and Statistics - Districtwise Average Yield Rates of Crops 2024-25,12
Kallakurichi,Red Gram,Combined,0.0,kg/ha,2024-25,Tamil Nadu Department of Economics and Statistics - Districtwise Average Yield Rates of Crops 2024-25,4
Kallakurichi,Red Gram,Kharif,0.0,kg/ha,2024-25,Tamil Nadu Department of Economics and Statistics - Districtwise Average Yield Rates of Crops 2024-25,4
Kallakurichi,Red Gram,Rabi,0.0,kg/ha,2024-25,Tamil Nadu Department of Economics and Statistics - Districtwise Average Yield Rates of Crops 2024-25,4
Kallakurichi,Samai,Combined,0.0,kg/ha,2024-25,Tamil Nadu Department of Economics and Statistics - Districtwise Average Yield Rates of Crops 2024-25,4
Kallakurichi,Samai,Kharif,0.0,kg/ha,2024-25,Tamil Nadu Department of Economics and Statistics - Districtwise Average Yield Rates of Crops 2024-25,4
Kallakurichi,Samai,Rabi,0.0,kg/ha,2024-25,Tamil Nadu Department of Economics and Statistics - Districtwise Average Yield Rates of Crops 2024-25,4
Kallakurichi,Sugar Cane,Combined,108.0,tonnes/ha,2024-25,Tamil Nadu Department of Economics and Statistics - Districtwise Average Yield Rates of Crops 2024-25,6
Kallakurichi,Sun Flower,Combined,0.0,kg/ha,2024-25,Tamil Nadu Department of Economics and Statistics - Districtwise Average Yield Rates of Crops 2024-25,12
Kallakurichi,Sun Flower,Kharif,0.0,kg/ha,2024-25,Tamil Nadu Department of Economics and Statistics - Districtwise Average Yield Rates of Crops 2024-25,12
Kallakurichi,Sun Flower,Rabi,0.0,kg/ha,2024-25,Tamil Nadu Department of Economics and Statistics - Districtwise Average Yield Rates of Crops 2024-25,12
Kallakurichi,Sweet Potato,Combined,11129.0,kg/ha,2024-25,Tamil Nadu Department of Economics and Statistics - Districtwise Average Yield Rates of Crops 2024-25,8
Kallakurichi,Tamarind,Combined,3420.0,kg/ha,2024-25,Tamil Nadu Department of Economics and Statistics - Districtwise Average Yield Rates of Crops 2024-25,8
Kallakurichi,Tapioca,Combined,54948.0,kg/ha,2024-25,Tamil Nadu Department of Economics and Statistics - Districtwise Average Yield Rates of Crops 2024-25,8
Kallakurichi,Tobacco,Combined,0.0,kg/ha,2024-25,Tamil Nadu Department of Economics and Statistics - Districtwise Average Yield Rates of Crops 2024-25,13
Kallakurichi,Tomato,Combined,19663.0,kg/ha,2024-25,Tamil Nadu Department of Economics and Statistics - Districtwise Average Yield Rates of Crops 2024-25,9
Kallakurichi,Turmeric,Combined,0.0,kg/ha,2024-25,Tamil Nadu Department of Economics and Statistics - Districtwise Average Yield Rates of Crops 2024-25,7
Kallakurichi,Varagu,Combined,1535.0,kg/ha,2024-25,Tamil Nadu Department of Economics and Statistics - Districtwise Average Yield Rates of Crops 2024-25,3
Kallakurichi,Varagu,Kharif,1535.0,kg/ha,2024-25,Tamil Nadu Department of Economics and Statistics - Districtwise Average Yield Rates of Crops 2024-25,3
Kallakurichi,Varagu,Rabi,1535.0,kg/ha,2024-25,Tamil Nadu Department of Economics and Statistics - Districtwise Average Yield Rates of Crops 2024-25,3
Kancheepuram,Arecanut,Combined,0.0,kg/ha,2024-25,Tamil Nadu Department of Economics and Statistics - Districtwise Average Yield Rates of Crops 2024-25,7
Kancheepuram,Bajra (Cumbu),Combined,2652.0,kg/ha,2024-25,Tamil Nadu Department of Economics and Statistics - Districtwise Average Yield Rates of Crops 2024-25,2
Kancheepuram,Bajra (Cumbu),Kharif,2652.0,kg/ha,2024-25,Tamil Nadu Department of Economics and Statistics - Districtwise Average Yield Rates of Crops 2024-25,2
Kancheepuram,Bajra (Cumbu),Rabi,0.0,kg/ha,2024-25,Tamil Nadu Department of Economics and Statistics - Districtwise Average Yield Rates of Crops 2024-25,2
Kancheepuram,Banana,Combined,39691.0,kg/ha,2024-25,Tamil Nadu Department of Economics and Statistics - Districtwise Average Yield Rates of Crops 2024-25,10
Kancheepuram,Bengal Gram,Combined,0.0,kg/ha,2024-25,Tamil Nadu Department of Economics and Statistics - Districtwise Average Yield Rates of Crops 2024-25,4
Kancheepuram,Black Gram,Combined,487.0,kg/ha,2024-25,Tamil Nadu Department of Economics and Statistics - Districtwise Average Yield Rates of Crops 2024-25,5
Kancheepuram,Black Gram,Kharif,531.0,kg/ha,2024-25,Tamil Nadu Department of Economics and Statistics - Districtwise Average Yield Rates of Crops 2024-25,5
Kancheepuram,Black Gram,Rabi,456.0,kg/ha,2024-25,Tamil Nadu Department of Economics and Statistics - Districtwise Average Yield Rates of Crops 2024-25,5
Kancheepuram,Brinjal,Combined,13225.0,kg/ha,2024-25,Tamil Nadu Department of Economics and Statistics - Districtwise Average Yield Rates of Crops 2024-25,9
Kancheepuram,Cabbage,Combined,0.0,kg/ha,2024-25,Tamil Nadu Department of Economics and Statistics - Districtwise Average Yield Rates of Crops 2024-25,9
Kancheepuram,Cardamom,Combined,0.0,kg/ha,2024-25,Tamil Nadu Department of Economics and Statistics - Districtwise Average Yield Rates of Crops 2024-25,8
Kancheepuram,Cashew Nut,Combined,364.0,kg/ha,2024-25,Tamil Nadu Department of Economics and Statistics - Districtwise Average Yield Rates of Crops 2024-25,10
Kancheepuram,Castor,Combined,0.0,kg/ha,2024-25,Tamil Nadu Department of Economics and Statistics - Districtwise Average Yield Rates of Crops 2024-25,12
Kancheepuram,Chillies,Combined,528.0,kg/ha,2024-25,Tamil Nadu Department of Economics and Statistics - Districtwise Average Yield Rates of Crops 2024-25,7
Kancheepuram,Cloves,Combined,0.0,kg/ha,2024-25,Tamil Nadu Department of Economics and Statistics - Districtwise Average Yield Rates of Crops 2024-25,7
Kancheepuram,Coconut,Combined,10700.0,nuts/ha,2024-25,Tamil Nadu Department of Economics and Statistics - Districtwise Average Yield Rates of Crops 2024-25,13
Kancheepuram,Coriander,Combined,0.0,kg/ha,2024-25,Tamil Nadu Department of Economics and Statistics - Districtwise Average Yield Rates of Crops 2024-25,8
Kancheepuram,Cotton,Combined,0.0,kg/ha,2024-25,Tamil Nadu Department of Economics and Statistics - Districtwise Average Yield Rates of Crops 2024-25,13
Kancheepuram,Cotton,Kharif,0.0,kg/ha,2024-25,Tamil Nadu Department of Economics and Statistics - Districtwise Average Yield Rates of Crops 2024-25,13
Kancheepuram,Cotton,Rabi,0.0,kg/ha,2024-25,Tamil Nadu Department of Economics and Statistics - Districtwise Average Yield Rates of Crops 2024-25,13
Kancheepuram,Cowpea,Combined,0.0,kg/ha,2024-25,Tamil Nadu Department of Economics and Statistics - Districtwise Average Yield Rates of Crops 2024-25,6
Kancheepuram,Cowpea,Kharif,0.0,kg/ha,2024-25,Tamil Nadu Department of Economics and Statistics - Districtwise Average Yield Rates of Crops 2024-25,6
Kancheepuram,Cowpea,Rabi,0.0,kg/ha,2024-25,Tamil Nadu Department of Economics and Statistics - Districtwise Average Yield Rates of Crops 2024-25,6
Kancheepuram,Garlic,Combined,0.0,kg/ha,2024-25,Tamil Nadu Department of Economics and Statistics - Districtwise Average Yield Rates of Crops 2024-25,7
Kancheepuram,Gingelly,Combined,507.0,kg/ha,2024-25,Tamil Nadu Department of Economics and Statistics - Districtwise Average Yield Rates of Crops 2024-25,11
Kancheepuram,Gingelly,Kharif,658.0,kg/ha,2024-25,Tamil Nadu Department of Economics and Statistics - Districtwise Average Yield Rates of Crops 2024-25,11
Kancheepuram,Gingelly,Rabi,414.0,kg/ha,2024-25,Tamil Nadu Department of Economics and Statistics - Districtwise Average Yield Rates of Crops 2024-25,11
Kancheepuram,Ginger,Combined,5488.0,kg/ha,2024-25,Tamil Nadu Department of Economics and Statistics - Districtwise Average Yield Rates of Crops 2024-25,7
Kancheepuram,Grapes,Combined,0.0,kg/ha,2024-25,Tamil Nadu Department of Economics and Statistics - Districtwise Average Yield Rates of Crops 2024-25,11
Kancheepuram,Green Gram,Combined,271.0,kg/ha,2024-25,Tamil Nadu Department of Economics and Statistics - Districtwise Average Yield Rates of Crops 2024-25,5
Kancheepuram,Green Gram,Kharif,564.0,kg/ha,2024-25,Tamil Nadu Department of Economics and Statistics - Districtwise Average Yield Rates of Crops 2024-25,5
Kancheepuram,Green Gram,Rabi,248.0,kg/ha,2024-25,Tamil Nadu Department of Economics and Statistics - Districtwise Average Yield Rates of Crops 2024-25,5
Kancheepuram,Groundnut,Combined,2095.0,kg/ha,2024-25,Tamil Nadu Department of Economics and Statistics - Districtwise Average Yield Rates of Crops 2024-25,11
Kancheepuram,Groundnut,Kharif,1979.0,kg/ha,2024-25,Tamil Nadu Department of Economics and Statistics - Districtwise Average Yield Rates of Crops 2024-25,11
Kancheepuram,Groundnut,Rabi,2166.0,kg/ha,2024-25,Tamil Nadu Department of Economics and Statistics - Districtwise Average Yield Rates of Crops 2024-25,11
Kancheepuram,Guava,Combined,7076.0,kg/ha,2024-25,Tamil Nadu Department of Economics and Statistics - Districtwise Average Yield Rates of Crops 2024-25,11
Kancheepuram,Horse Gram,Combined,0.0,kg/ha,2024-25,Tamil Nadu Department of Economics and Statistics - Districtwise Average Yield Rates of Crops 2024-25,5
Kancheepuram,Horse Gram,Kharif,0.0,kg/ha,2024-25,Tamil Nadu Department of Economics and Statistics - Districtwise Average Yield Rates of Crops 2024-25,5
Kancheepuram,Horse Gram,Rabi,0.0,kg/ha,2024-25,Tamil Nadu Department of Economics and Statistics - Districtwise Average Yield Rates of Crops 2024-25,5
Kancheepuram,Jack Fruit,Combined,20056.0,kg/ha,2024-25,Tamil Nadu Department of Economics and Statistics - Districtwise Average Yield Rates of Crops 2024-25,10
Kancheepuram,Jowar (Cholam),Combined,1147.0,kg/ha,2024-25,Tamil Nadu Department of Economics and Statistics - Districtwise Average Yield Rates of Crops 2024-25,1
Kancheepuram,Jowar (Cholam),Kharif,0.0,kg/ha,2024-25,Tamil Nadu Department of Economics and Statistics - Districtwise Average Yield Rates of Crops 2024-25,1
Kancheepuram,Jowar (Cholam),Rabi,1147.0,kg/ha,2024-25,Tamil Nadu Department of Economics and Statistics - Districtwise Average Yield Rates of Crops 2024-25,1
Kancheepuram,Korra,Combined,0.0,kg/ha,2024-25,Tamil Nadu Department of Economics and Statistics - Districtwise Average Yield Rates of Crops 2024-25,3
Kancheepuram,Lady's Finger,Combined,11366.0,kg/ha,2024-25,Tamil Nadu Department of Economics and Statistics - Districtwise Average Yield Rates of Crops 2024-25,9
Kancheepuram,Lemon,Combined,6533.0,kg/ha,2024-25,Tamil Nadu Department of Economics and Statistics - Districtwise Average Yield Rates of Crops 2024-25,10
Kancheepuram,Maize,Combined,5137.0,kg/ha,2024-25,Tamil Nadu Department of Economics and Statistics - Districtwise Average Yield Rates of Crops 2024-25,3
Kancheepuram,Maize,Kharif,5923.0,kg/ha,2024-25,Tamil Nadu Department of Economics and Statistics - Districtwise Average Yield Rates of Crops 2024-25,3
Kancheepuram,Maize,Rabi,5084.0,kg/ha,2024-25,Tamil Nadu Department of Economics and Statistics - Districtwise Average Yield Rates of Crops 2024-25,3
Kancheepuram,Mango,Combined,1069.0,kg/ha,2024-25,Tamil Nadu Department of Economics and Statistics - Districtwise Average Yield Rates of Crops 2024-25,10
Kancheepuram,Onion,Combined,0.0,kg/ha,2024-25,Tamil Nadu Department of Economics and Statistics - Districtwise Average Yield Rates of Crops 2024-25,9
Kancheepuram,Onion,Kharif,0.0,kg/ha,2024-25,Tamil Nadu Department of Economics and Statistics - Districtwise Average Yield Rates of Crops 2024-25,9
Kancheepuram,Onion,Rabi,0.0,kg/ha,2024-25,Tamil Nadu Department of Economics and Statistics - Districtwise Average Yield Rates of Crops 2024-25,9
Kancheepuram,Orange,Combined,0.0,kg/ha,2024-25,Tamil Nadu Department of Economics and Statistics - Districtwise Average Yield Rates of Crops 2024-25,10
Kancheepuram,Other Cereals,Combined,1415.0,kg/ha,2024-25,Tamil Nadu Department of Economics and Statistics - Districtwise Average Yield Rates of Crops 2024-25,4
Kancheepuram,Other Pulses,Combined,0.0,kg/ha,2024-25,Tamil Nadu Department of Economics and Statistics - Districtwise Average Yield Rates of Crops 2024-25,6
Kancheepuram,Other Pulses,Kharif,0.0,kg/ha,2024-25,Tamil Nadu Department of Economics and Statistics - Districtwise Average Yield Rates of Crops 2024-25,6
Kancheepuram,Other Pulses,Rabi,0.0,kg/ha,2024-25,Tamil Nadu Department of Economics and Statistics - Districtwise Average Yield Rates of Crops 2024-25,6
Kancheepuram,Paddy,Combined,3754.0,kg/ha,2024-25,Tamil Nadu Department of Economics and Statistics - Districtwise Average Yield Rates of Crops 2024-25,1
Kancheepuram,Paddy,Kar/Kuruvai/Sornavari,4138.0,kg/ha,2024-25,Tamil Nadu Department of Economics and Statistics - Districtwise Average Yield Rates of Crops 2024-25,1
Kancheepuram,Paddy,Navarai/Kodai,4127.0,kg/ha,2024-25,Tamil Nadu Department of Economics and Statistics - Districtwise Average Yield Rates of Crops 2024-25,1
Kancheepuram,Paddy,Samba/Thaladi/Pishanam,2612.0,kg/ha,2024-25,Tamil Nadu Department of Economics and Statistics - Districtwise Average Yield Rates of Crops 2024-25,1
Kancheepuram,Pepper,Combined,0.0,kg/ha,2024-25,Tamil Nadu Department of Economics and Statistics - Districtwise Average Yield Rates of Crops 2024-25,7
Kancheepuram,Pine Apple,Combined,0.0,kg/ha,2024-25,Tamil Nadu Department of Economics and Statistics - Districtwise Average Yield Rates of Crops 2024-25,10
Kancheepuram,Potato,Combined,0.0,kg/ha,2024-25,Tamil Nadu Department of Economics and Statistics - Districtwise Average Yield Rates of Crops 2024-25,8
Kancheepuram,Potato,Kharif,0.0,kg/ha,2024-25,Tamil Nadu Department of Economics and Statistics - Districtwise Average Yield Rates of Crops 2024-25,8
Kancheepuram,Potato,Rabi,0.0,kg/ha,2024-25,Tamil Nadu Department of Economics and Statistics - Districtwise Average Yield Rates of Crops 2024-25,8
Kancheepuram,Ragi,Combined,5662.0,kg/ha,2024-25,Tamil Nadu Department of Economics and Statistics - Districtwise Average Yield Rates of Crops 2024-25,2
Kancheepuram,Ragi,Kharif,3922.0,kg/ha,2024-25,Tamil Nadu Department of Economics and Statistics - Districtwise Average Yield Rates of Crops 2024-25,2
Kancheepuram,Ragi,Rabi,6942.0,kg/ha,2024-25,Tamil Nadu Department of Economics and Statistics - Districtwise Average Yield Rates of Crops 2024-25,2
Kancheepuram,Rapeseed & Mustard,Combined,0.0,kg/ha,2024-25,Tamil Nadu Department of Economics and Statistics - Districtwise Average Yield Rates of Crops 2024-25,12
Kancheepuram,Red Gram,Combined,1019.0,kg/ha,2024-25,Tamil Nadu Department of Economics and Statistics - Districtwise Average Yield Rates of Crops 2024-25,4
Kancheepuram,Red Gram,Kharif,1015.0,kg/ha,2024-25,Tamil Nadu Department of Economics and Statistics - Districtwise Average Yield Rates of Crops 2024-25,4
Kancheepuram,Red Gram,Rabi,1026.0,kg/ha,2024-25,Tamil Nadu Department of Economics and Statistics - Districtwise Average Yield Rates of Crops 2024-25,4
Kancheepuram,Samai,Combined,0.0,kg/ha,2024-25,Tamil Nadu Department of Economics and Statistics - Districtwise Average Yield Rates of Crops 2024-25,4
Kancheepuram,Samai,Kharif,0.0,kg/ha,2024-25,Tamil Nadu Department of Economics and Statistics - Districtwise Average Yield Rates of Crops 2024-25,4
Kancheepuram,Samai,Rabi,0.0,kg/ha,2024-25,Tamil Nadu Department of Economics and Statistics - Districtwise Average Yield Rates of Crops 2024-25,4
Kancheepuram,Sugar Cane,Combined,102.0,tonnes/ha,2024-25,Tamil Nadu Department of Economics and Statistics - Districtwise Average Yield Rates of Crops 2024-25,6
Kancheepuram,Sun Flower,Combined,0.0,kg/ha,2024-25,Tamil Nadu Department of Economics and Statistics - Districtwise Average Yield Rates of Crops 2024-25,12
Kancheepuram,Sun Flower,Kharif,0.0,kg/ha,2024-25,Tamil Nadu Department of Economics and Statistics - Districtwise Average Yield Rates of Crops 2024-25,12
Kancheepuram,Sun Flower,Rabi,0.0,kg/ha,2024-25,Tamil Nadu Department of Economics and Statistics - Districtwise Average Yield Rates of Crops 2024-25,12
Kancheepuram,Sweet Potato,Combined,0.0,kg/ha,2024-25,Tamil Nadu Department of Economics and Statistics - Districtwise Average Yield Rates of Crops 2024-25,8
Kancheepuram,Tamarind,Combined,3741.0,kg/ha,2024-25,Tamil Nadu Department of Economics and Statistics - Districtwise Average Yield Rates of Crops 2024-25,8
Kancheepuram,Tapioca,Combined,40259.0,kg/ha,2024-25,Tamil Nadu Department of Economics and Statistics - Districtwise Average Yield Rates of Crops 2024-25,8
Kancheepuram,Tobacco,Combined,0.0,kg/ha,2024-25,Tamil Nadu Department of Economics and Statistics - Districtwise Average Yield Rates of Crops 2024-25,13
Kancheepuram,Tomato,Combined,19663.0,kg/ha,2024-25,Tamil Nadu Department of Economics and Statistics - Districtwise Average Yield Rates of Crops 2024-25,9
Kancheepuram,Turmeric,Combined,0.0,kg/ha,2024-25,Tamil Nadu Department of Economics and Statistics - Districtwise Average Yield Rates of Crops 2024-25,7
Kancheepuram,Varagu,Combined,0.0,kg/ha,2024-25,Tamil Nadu Department of Economics and Statistics - Districtwise Average Yield Rates of Crops 2024-25,3
Kancheepuram,Varagu,Kharif,0.0,kg/ha,2024-25,Tamil Nadu Department of Economics and Statistics - Districtwise Average Yield Rates of Crops 2024-25,3
Kancheepuram,Varagu,Rabi,0.0,kg/ha,2024-25,Tamil Nadu Department of Economics and Statistics - Districtwise Average Yield Rates of Crops 2024-25,3
Kanniyakumari,Arecanut,Combined,641.0,kg/ha,2024-25,Tamil Nadu Department of Economics and Statistics - Districtwise Average Yield Rates of Crops 2024-25,7
Kanniyakumari,Bajra (Cumbu),Combined,0.0,kg/ha,2024-25,Tamil Nadu Department of Economics and Statistics - Districtwise Average Yield Rates of Crops 2024-25,2
Kanniyakumari,Bajra (Cumbu),Kharif,0.0,kg/ha,2024-25,Tamil Nadu Department of Economics and Statistics - Districtwise Average Yield Rates of Crops 2024-25,2
Kanniyakumari,Bajra (Cumbu),Rabi,0.0,kg/ha,2024-25,Tamil Nadu Department of Economics and Statistics - Districtwise Average Yield Rates of Crops 2024-25,2
Kanniyakumari,Banana,Combined,28288.0,kg/ha,2024-25,Tamil Nadu Department of Economics and Statistics - Districtwise Average Yield Rates of Crops 2024-25,10
Kanniyakumari,Bengal Gram,Combined,0.0,kg/ha,2024-25,Tamil Nadu Department of Economics and Statistics - Districtwise Average Yield Rates of Crops 2024-25,4
Kanniyakumari,Black Gram,Combined,485.0,kg/ha,2024-25,Tamil Nadu Department of Economics and Statistics - Districtwise Average Yield Rates of Crops 2024-25,5
Kanniyakumari,Black Gram,Kharif,531.0,kg/ha,2024-25,Tamil Nadu Department of Economics and Statistics - Districtwise Average Yield Rates of Crops 2024-25,5
Kanniyakumari,Black Gram,Rabi,456.0,kg/ha,2024-25,Tamil Nadu Department of Economics and Statistics - Districtwise Average Yield Rates of Crops 2024-25,5
Kanniyakumari,Brinjal,Combined,13225.0,kg/ha,2024-25,Tamil Nadu Department of Economics and Statistics - Districtwise Average Yield Rates of Crops 2024-25,9
Kanniyakumari,Cabbage,Combined,0.0,kg/ha,2024-25,Tamil Nadu Department of Economics and Statistics - Districtwise Average Yield Rates of Crops 2024-25,9
Kanniyakumari,Cardamom,Combined,77.0,kg/ha,2024-25,Tamil Nadu Department of Economics and Statistics - Districtwise Average Yield Rates of Crops 2024-25,8
Kanniyakumari,Cashew Nut,Combined,136.0,kg/ha,2024-25,Tamil Nadu Department of Economics and Statistics - Districtwise Average Yield Rates of Crops 2024-25,10
Kanniyakumari,Castor,Combined,0.0,kg/ha,2024-25,Tamil Nadu Department of Economics and Statistics - Districtwise Average Yield Rates of Crops 2024-25,12
Kanniyakumari,Chillies,Combined,0.0,kg/ha,2024-25,Tamil Nadu Department of Economics and Statistics - Districtwise Average Yield Rates of Crops 2024-25,7
Kanniyakumari,Cloves,Combined,904.0,kg/ha,2024-25,Tamil Nadu Department of Economics and Statistics - Districtwise Average Yield Rates of Crops 2024-25,7
Kanniyakumari,Coconut,Combined,7451.0,nuts/ha,2024-25,Tamil Nadu Department of Economics and Statistics - Districtwise Average Yield Rates of Crops 2024-25,13
Kanniyakumari,Coriander,Combined,0.0,kg/ha,2024-25,Tamil Nadu Department of Economics and Statistics - Districtwise Average Yield Rates of Crops 2024-25,8
Kanniyakumari,Cotton,Combined,0.0,kg/ha,2024-25,Tamil Nadu Department of Economics and Statistics - Districtwise Average Yield Rates of Crops 2024-25,13
Kanniyakumari,Cotton,Kharif,0.0,kg/ha,2024-25,Tamil Nadu Department of Economics and Statistics - Districtwise Average Yield Rates of Crops 2024-25,13
Kanniyakumari,Cotton,Rabi,0.0,kg/ha,2024-25,Tamil Nadu Department of Economics and Statistics - Districtwise Average Yield Rates of Crops 2024-25,13
Kanniyakumari,Cowpea,Combined,0.0,kg/ha,2024-25,Tamil Nadu Department of Economics and Statistics - Districtwise Average Yield Rates of Crops 2024-25,6
Kanniyakumari,Cowpea,Kharif,0.0,kg/ha,2024-25,Tamil Nadu Department of Economics and Statistics - Districtwise Average Yield Rates of Crops 2024-25,6
Kanniyakumari,Cowpea,Rabi,0.0,kg/ha,2024-25,Tamil Nadu Department of Economics and Statistics - Districtwise Average Yield Rates of Crops 2024-25,6
Kanniyakumari,Garlic,Combined,0.0,kg/ha,2024-25,Tamil Nadu Department of Economics and Statistics - Districtwise Average Yield Rates of Crops 2024-25,7
Kanniyakumari,Gingelly,Combined,480.0,kg/ha,2024-25,Tamil Nadu Department of Economics and Statistics - Districtwise Average Yield Rates of Crops 2024-25,11
Kanniyakumari,Gingelly,Kharif,487.0,kg/ha,2024-25,Tamil Nadu Department of Economics and Statistics - Districtwise Average Yield Rates of Crops 2024-25,11
Kanniyakumari,Gingelly,Rabi,414.0,kg/ha,2024-25,Tamil Nadu Department of Economics and Statistics - Districtwise Average Yield Rates of Crops 2024-25,11
Kanniyakumari,Ginger,Combined,0.0,kg/ha,2024-25,Tamil Nadu Department of Economics and Statistics - Districtwise Average Yield Rates of Crops 2024-25,7
Kanniyakumari,Grapes,Combined,0.0,kg/ha,2024-25,Tamil Nadu Department of Economics and Statistics - Districtwise Average Yield Rates of Crops 2024-25,11
Kanniyakumari,Green Gram,Combined,214.0,kg/ha,2024-25,Tamil Nadu Department of Economics and Statistics - Districtwise Average Yield Rates of Crops 2024-25,5
Kanniyakumari,Green Gram,Kharif,0.0,kg/ha,2024-25,Tamil Nadu Department of Economics and Statistics - Districtwise Average Yield Rates of Crops 2024-25,5
Kanniyakumari,Green Gram,Rabi,248.0,kg/ha,2024-25,Tamil Nadu Department of Economics and Statistics - Districtwise Average Yield Rates of Crops 2024-25,5
Kanniyakumari,Groundnut,Combined,2249.0,kg/ha,2024-25,Tamil Nadu Department of Economics and Statistics - Districtwise Average Yield Rates of Crops 2024-25,11
Kanniyakumari,Groundnut,Kharif,1970.0,kg/ha,2024-25,Tamil Nadu Department of Economics and Statistics - Districtwise Average Yield Rates of Crops 2024-25,11
Kanniyakumari,Groundnut,Rabi,3202.0,kg/ha,2024-25,Tamil Nadu Department of Economics and Statistics - Districtwise Average Yield Rates of Crops 2024-25,11
Kanniyakumari,Guava,Combined,7076.0,kg/ha,2024-25,Tamil Nadu Department of Economics and Statistics - Districtwise Average Yield Rates of Crops 2024-25,11
Kanniyakumari,Horse Gram,Combined,0.0,kg/ha,2024-25,Tamil Nadu Department of Economics and Statistics - Districtwise Average Yield Rates of Crops 2024-25,5
Kanniyakumari,Horse Gram,Kharif,0.0,kg/ha,2024-25,Tamil Nadu Department of Economics and Statistics - Districtwise Average Yield Rates of Crops 2024-25,5
Kanniyakumari,Horse Gram,Rabi,0.0,kg/ha,2024-25,Tamil Nadu Department of Economics and Statistics - Districtwise Average Yield Rates of Crops 2024-25,5
Kanniyakumari,Jack Fruit,Combined,34388.0,kg/ha,2024-25,Tamil Nadu Department of Economics and Statistics - Districtwise Average Yield Rates of Crops 2024-25,10
Kanniyakumari,Jowar (Cholam),Combined,0.0,kg/ha,2024-25,Tamil Nadu Department of Economics and Statistics - Districtwise Average Yield Rates of Crops 2024-25,1
Kanniyakumari,Jowar (Cholam),Kharif,0.0,kg/ha,2024-25,Tamil Nadu Department of Economics and Statistics - Districtwise Average Yield Rates of Crops 2024-25,1
Kanniyakumari,Jowar (Cholam),Rabi,0.0,kg/ha,2024-25,Tamil Nadu Department of Economics and Statistics - Districtwise Average Yield Rates of Crops 2024-25,1
Kanniyakumari,Korra,Combined,0.0,kg/ha,2024-25,Tamil Nadu Department of Economics and Statistics - Districtwise Average Yield Rates of Crops 2024-25,3
Kanniyakumari,Lady's Finger,Combined,11366.0,kg/ha,2024-25,Tamil Nadu Department of Economics and Statistics - Districtwise Average Yield Rates of Crops 2024-25,9
Kanniyakumari,Lemon,Combined,6533.0,kg/ha,2024-25,Tamil Nadu Department of Economics and Statistics - Districtwise Average Yield Rates of Crops 2024-25,10
Kanniyakumari,Maize,Combined,5415.0,kg/ha,2024-25,Tamil Nadu Department of Economics and Statistics - Districtwise Average Yield Rates of Crops 2024-25,3
Kanniyakumari,Maize,Kharif,5923.0,kg/ha,2024-25,Tamil Nadu Department of Economics and Statistics - Districtwise Average Yield Rates of Crops 2024-25,3
Kanniyakumari,Maize,Rabi,5084.0,kg/ha,2024-25,Tamil Nadu Department of Economics and Statistics - Districtwise Average Yield Rates of Crops 2024-25,3
Kanniyakumari,Mango,Combined,2471.0,kg/ha,2024-25,Tamil Nadu Department of Economics and Statistics - Districtwise Average Yield Rates of Crops 2024-25,10
Kanniyakumari,Onion,Combined,0.0,kg/ha,2024-25,Tamil Nadu Department of Economics and Statistics - Districtwise Average Yield Rates of Crops 2024-25,9
Kanniyakumari,Onion,Kharif,0.0,kg/ha,2024-25,Tamil Nadu Department of Economics and Statistics - Districtwise Average Yield Rates of Crops 2024-25,9
Kanniyakumari,Onion,Rabi,0.0,kg/ha,2024-25,Tamil Nadu Department of Economics and Statistics - Districtwise Average Yield Rates of Crops 2024-25,9
Kanniyakumari,Orange,Combined,3912.0,kg/ha,2024-25,Tamil Nadu Department of Economics and Statistics - Districtwise Average Yield Rates of Crops 2024-25,10
Kanniyakumari,Other Cereals,Combined,0.0,kg/ha,2024-25,Tamil Nadu Department of Economics and Statistics - Districtwise Average Yield Rates of Crops 2024-25,4
Kanniyakumari,Other Pulses,Combined,0.0,kg/ha,2024-25,Tamil Nadu Department of Economics and Statistics - Districtwise Average Yield Rates of Crops 2024-25,6
Kanniyakumari,Other Pulses,Kharif,0.0,kg/ha,2024-25,Tamil Nadu Department of Economics and Statistics - Districtwise Average Yield Rates of Crops 2024-25,6
Kanniyakumari,Other Pulses,Rabi,0.0,kg/ha,2024-25,Tamil Nadu Department of Economics and Statistics - Districtwise Average Yield Rates of Crops 2024-25,6
Kanniyakumari,Paddy,Combined,3835.0,kg/ha,2024-25,Tamil Nadu Department of Economics and Statistics - Districtwise Average Yield Rates of Crops 2024-25,1
Kanniyakumari,Paddy,Kar/Kuruvai/Sornavari,3993.0,kg/ha,2024-25,Tamil Nadu Department of Economics and Statistics - Districtwise Average Yield Rates of Crops 2024-25,1
Kanniyakumari,Paddy,Navarai/Kodai,3874.0,kg/ha,2024-25,Tamil Nadu Department of Economics and Statistics - Districtwise Average Yield Rates of Crops 2024-25,1
Kanniyakumari,Paddy,Samba/Thaladi/Pishanam,3677.0,kg/ha,2024-25,Tamil Nadu Department of Economics and Statistics - Districtwise Average Yield Rates of Crops 2024-25,1
Kanniyakumari,Pepper,Combined,169.0,kg/ha,2024-25,Tamil Nadu Department of Economics and Statistics - Districtwise Average Yield Rates of Crops 2024-25,7
Kanniyakumari,Pine Apple,Combined,61087.0,kg/ha,2024-25,Tamil Nadu Department of Economics and Statistics - Districtwise Average Yield Rates of Crops 2024-25,10
Kanniyakumari,Potato,Combined,0.0,kg/ha,2024-25,Tamil Nadu Department of Economics and Statistics - Districtwise Average Yield Rates of Crops 2024-25,8
Kanniyakumari,Potato,Kharif,0.0,kg/ha,2024-25,Tamil Nadu Department of Economics and Statistics - Districtwise Average Yield Rates of Crops 2024-25,8
Kanniyakumari,Potato,Rabi,0.0,kg/ha,2024-25,Tamil Nadu Department of Economics and Statistics - Districtwise Average Yield Rates of Crops 2024-25,8
Kanniyakumari,Ragi,Combined,6942.0,kg/ha,2024-25,Tamil Nadu Department of Economics and Statistics - Districtwise Average Yield Rates of Crops 2024-25,2
Kanniyakumari,Ragi,Kharif,3922.0,kg/ha,2024-25,Tamil Nadu Department of Economics and Statistics - Districtwise Average Yield Rates of Crops 2024-25,2
Kanniyakumari,Ragi,Rabi,6942.0,kg/ha,2024-25,Tamil Nadu Department of Economics and Statistics - Districtwise Average Yield Rates of Crops 2024-25,2
Kanniyakumari,Rapeseed & Mustard,Combined,0.0,kg/ha,2024-25,Tamil Nadu Department of Economics and Statistics - Districtwise Average Yield Rates of Crops 2024-25,12
Kanniyakumari,Red Gram,Combined,0.0,kg/ha,2024-25,Tamil Nadu Department of Economics and Statistics - Districtwise Average Yield Rates of Crops 2024-25,4
Kanniyakumari,Red Gram,Kharif,0.0,kg/ha,2024-25,Tamil Nadu Department of Economics and Statistics - Districtwise Average Yield Rates of Crops 2024-25,4
Kanniyakumari,Red Gram,Rabi,0.0,kg/ha,2024-25,Tamil Nadu Department of Economics and Statistics - Districtwise Average Yield Rates of Crops 2024-25,4
Kanniyakumari,Samai,Combined,0.0,kg/ha,2024-25,Tamil Nadu Department of Economics and Statistics - Districtwise Average Yield Rates of Crops 2024-25,4
Kanniyakumari,Samai,Kharif,0.0,kg/ha,2024-25,Tamil Nadu Department of Economics and Statistics - Districtwise Average Yield Rates of Crops 2024-25,4
Kanniyakumari,Samai,Rabi,0.0,kg/ha,2024-25,Tamil Nadu Department of Economics and Statistics - Districtwise Average Yield Rates of Crops 2024-25,4
Kanniyakumari,Sugar Cane,Combined,0.0,tonnes/ha,2024-25,Tamil Nadu Department of Economics and Statistics - Districtwise Average Yield Rates of Crops 2024-25,6
Kanniyakumari,Sun Flower,Combined,0.0,kg/ha,2024-25,Tamil Nadu Department of Economics and Statistics - Districtwise Average Yield Rates of Crops 2024-25,12
Kanniyakumari,Sun Flower,Kharif,0.0,kg/ha,2024-25,Tamil Nadu Department of Economics and Statistics - Districtwise Average Yield Rates of Crops 2024-25,12
Kanniyakumari,Sun Flower,Rabi,0.0,kg/ha,2024-25,Tamil Nadu Department of Economics and Statistics - Districtwise Average Yield Rates of Crops 2024-25,12
Kanniyakumari,Sweet Potato,Combined,0.0,kg/ha,2024-25,Tamil Nadu Department of Economics and Statistics - Districtwise Average Yield Rates of Crops 2024-25,8
Kanniyakumari,Tamarind,Combined,2271.0,kg/ha,2024-25,Tamil Nadu Department of Economics and Statistics - Districtwise Average Yield Rates of Crops 2024-25,8
Kanniyakumari,Tapioca,Combined,30178.0,kg/ha,2024-25,Tamil Nadu Department of Economics and Statistics - Districtwise Average Yield Rates of Crops 2024-25,8
Kanniyakumari,Tobacco,Combined,0.0,kg/ha,2024-25,Tamil Nadu Department of Economics and Statistics - Districtwise Average Yield Rates of Crops 2024-25,13
Kanniyakumari,Tomato,Combined,19663.0,kg/ha,2024-25,Tamil Nadu Department of Economics and Statistics - Districtwise Average Yield Rates of Crops 2024-25,9
Kanniyakumari,Turmeric,Combined,46519.0,kg/ha,2024-25,Tamil Nadu Department of Economics and Statistics - Districtwise Average Yield Rates of Crops 2024-25,7
Kanniyakumari,Varagu,Combined,0.0,kg/ha,2024-25,Tamil Nadu Department of Economics and Statistics - Districtwise Average Yield Rates of Crops 2024-25,3
Kanniyakumari,Varagu,Kharif,0.0,kg/ha,2024-25,Tamil Nadu Department of Economics and Statistics - Districtwise Average Yield Rates of Crops 2024-25,3
Kanniyakumari,Varagu,Rabi,0.0,kg/ha,2024-25,Tamil Nadu Department of Economics and Statistics - Districtwise Average Yield Rates of Crops 2024-25,3
Karur,Arecanut,Combined,1022.0,kg/ha,2024-25,Tamil Nadu Department of Economics and Statistics - Districtwise Average Yield Rates of Crops 2024-25,7
Karur,Bajra (Cumbu),Combined,1582.0,kg/ha,2024-25,Tamil Nadu Department of Economics and Statistics - Districtwise Average Yield Rates of Crops 2024-25,2
Karur,Bajra (Cumbu),Kharif,2652.0,kg/ha,2024-25,Tamil Nadu Department of Economics and Statistics - Districtwise Average Yield Rates of Crops 2024-25,2
Karur,Bajra (Cumbu),Rabi,993.0,kg/ha,2024-25,Tamil Nadu Department of Economics and Statistics - Districtwise Average Yield Rates of Crops 2024-25,2
Karur,Banana,Combined,48735.0,kg/ha,2024-25,Tamil Nadu Department of Economics and Statistics - Districtwise Average Yield Rates of Crops 2024-25,10
Karur,Bengal Gram,Combined,0.0,kg/ha,2024-25,Tamil Nadu Department of Economics and Statistics - Districtwise Average Yield Rates of Crops 2024-25,4
Karur,Black Gram,Combined,464.0,kg/ha,2024-25,Tamil Nadu Department of Economics and Statistics - Districtwise Average Yield Rates of Crops 2024-25,5
Karur,Black Gram,Kharif,531.0,kg/ha,2024-25,Tamil Nadu Department of Economics and Statistics - Districtwise Average Yield Rates of Crops 2024-25,5
Karur,Black Gram,Rabi,456.0,kg/ha,2024-25,Tamil Nadu Department of Economics and Statistics - Districtwise Average Yield Rates of Crops 2024-25,5
Karur,Brinjal,Combined,13225.0,kg/ha,2024-25,Tamil Nadu Department of Economics and Statistics - Districtwise Average Yield Rates of Crops 2024-25,9
Karur,Cabbage,Combined,0.0,kg/ha,2024-25,Tamil Nadu Department of Economics and Statistics - Districtwise Average Yield Rates of Crops 2024-25,9
Karur,Cardamom,Combined,0.0,kg/ha,2024-25,Tamil Nadu Department of Economics and Statistics - Districtwise Average Yield Rates of Crops 2024-25,8
Karur,Cashew Nut,Combined,364.0,kg/ha,2024-25,Tamil Nadu Department of Economics and Statistics - Districtwise Average Yield Rates of Crops 2024-25,10
Karur,Castor,Combined,312.0,kg/ha,2024-25,Tamil Nadu Department of Economics and Statistics - Districtwise Average Yield Rates of Crops 2024-25,12
Karur,Chillies,Combined,415.0,kg/ha,2024-25,Tamil Nadu Department of Economics and Statistics - Districtwise Average Yield Rates of Crops 2024-25,7
Karur,Cloves,Combined,0.0,kg/ha,2024-25,Tamil Nadu Department of Economics and Statistics - Districtwise Average Yield Rates of Crops 2024-25,7
Karur,Coconut,Combined,4902.0,nuts/ha,2024-25,Tamil Nadu Department of Economics and Statistics - Districtwise Average Yield Rates of Crops 2024-25,13
Karur,Coriander,Combined,0.0,kg/ha,2024-25,Tamil Nadu Department of Economics and Statistics - Districtwise Average Yield Rates of Crops 2024-25,8
Karur,Cotton,Combined,2060.0,kg/ha,2024-25,Tamil Nadu Department of Economics and Statistics - Districtwise Average Yield Rates of Crops 2024-25,13
Karur,Cotton,Kharif,282.0,kg/ha,2024-25,Tamil Nadu Department of Economics and Statistics - Districtwise Average Yield Rates of Crops 2024-25,13
Karur,Cotton,Rabi,386.0,kg/ha,2024-25,Tamil Nadu Department of Economics and Statistics - Districtwise Average Yield Rates of Crops 2024-25,13
Karur,Cowpea,Combined,550.0,kg/ha,2024-25,Tamil Nadu Department of Economics and Statistics - Districtwise Average Yield Rates of Crops 2024-25,6
Karur,Cowpea,Kharif,604.0,kg/ha,2024-25,Tamil Nadu Department of Economics and Statistics - Districtwise Average Yield Rates of Crops 2024-25,6
Karur,Cowpea,Rabi,549.0,kg/ha,2024-25,Tamil Nadu Department of Economics and Statistics - Districtwise Average Yield Rates of Crops 2024-25,6
Karur,Garlic,Combined,0.0,kg/ha,2024-25,Tamil Nadu Department of Economics and Statistics - Districtwise Average Yield Rates of Crops 2024-25,7
Karur,Gingelly,Combined,480.0,kg/ha,2024-25,Tamil Nadu Department of Economics and Statistics - Districtwise Average Yield Rates of Crops 2024-25,11
Karur,Gingelly,Kharif,506.0,kg/ha,2024-25,Tamil Nadu Department of Economics and Statistics - Districtwise Average Yield Rates of Crops 2024-25,11
Karur,Gingelly,Rabi,414.0,kg/ha,2024-25,Tamil Nadu Department of Economics and Statistics - Districtwise Average Yield Rates of Crops 2024-25,11
Karur,Ginger,Combined,5488.0,kg/ha,2024-25,Tamil Nadu Department of Economics and Statistics - Districtwise Average Yield Rates of Crops 2024-25,7
Karur,Grapes,Combined,0.0,kg/ha,2024-25,Tamil Nadu Department of Economics and Statistics - Districtwise Average Yield Rates of Crops 2024-25,11
Karur,Green Gram,Combined,251.0,kg/ha,2024-25,Tamil Nadu Department of Economics and Statistics - Districtwise Average Yield Rates of Crops 2024-25,5
Karur,Green Gram,Kharif,564.0,kg/ha,2024-25,Tamil Nadu Department of Economics and Statistics - Districtwise Average Yield Rates of Crops 2024-25,5
Karur,Green Gram,Rabi,248.0,kg/ha,2024-25,Tamil Nadu Department of Economics and Statistics - Districtwise Average Yield Rates of Crops 2024-25,5
Karur,Groundnut,Combined,2847.0,kg/ha,2024-25,Tamil Nadu Department of Economics and Statistics - Districtwise Average Yield Rates of Crops 2024-25,11
Karur,Groundnut,Kharif,1970.0,kg/ha,2024-25,Tamil Nadu Department of Economics and Statistics - Districtwise Average Yield Rates of Crops 2024-25,11
Karur,Groundnut,Rabi,3192.0,kg/ha,2024-25,Tamil Nadu Department of Economics and Statistics - Districtwise Average Yield Rates of Crops 2024-25,11
Karur,Guava,Combined,7076.0,kg/ha,2024-25,Tamil Nadu Department of Economics and Statistics - Districtwise Average Yield Rates of Crops 2024-25,11
Karur,Horse Gram,Combined,575.0,kg/ha,2024-25,Tamil Nadu Department of Economics and Statistics - Districtwise Average Yield Rates of Crops 2024-25,5
Karur,Horse Gram,Kharif,575.0,kg/ha,2024-25,Tamil Nadu Department of Economics and Statistics - Districtwise Average Yield Rates of Crops 2024-25,5
Karur,Horse Gram,Rabi,575.0,kg/ha,2024-25,Tamil Nadu Department of Economics and Statistics - Districtwise Average Yield Rates of Crops 2024-25,5
Karur,Jack Fruit,Combined,20056.0,kg/ha,2024-25,Tamil Nadu Department of Economics and Statistics - Districtwise Average Yield Rates of Crops 2024-25,10
Karur,Jowar (Cholam),Combined,1477.0,kg/ha,2024-25,Tamil Nadu Department of Economics and Statistics - Districtwise Average Yield Rates of Crops 2024-25,1
Karur,Jowar (Cholam),Kharif,1657.0,kg/ha,2024-25,Tamil Nadu Department of Economics and Statistics - Districtwise Average Yield Rates of Crops 2024-25,1
Karur,Jowar (Cholam),Rabi,1425.0,kg/ha,2024-25,Tamil Nadu Department of Economics and Statistics - Districtwise Average Yield Rates of Crops 2024-25,1
Karur,Korra,Combined,0.0,kg/ha,2024-25,Tamil Nadu Department of Economics and Statistics - Districtwise Average Yield Rates of Crops 2024-25,3
Karur,Lady's Finger,Combined,11366.0,kg/ha,2024-25,Tamil Nadu Department of Economics and Statistics - Districtwise Average Yield Rates of Crops 2024-25,9
Karur,Lemon,Combined,6533.0,kg/ha,2024-25,Tamil Nadu Department of Economics and Statistics - Districtwise Average Yield Rates of Crops 2024-25,10
Karur,Maize,Combined,5358.0,kg/ha,2024-25,Tamil Nadu Department of Economics and Statistics - Districtwise Average Yield Rates of Crops 2024-25,3
Karur,Maize,Kharif,5923.0,kg/ha,2024-25,Tamil Nadu Department of Economics and Statistics - Districtwise Average Yield Rates of Crops 2024-25,3
Karur,Maize,Rabi,5084.0,kg/ha,2024-25,Tamil Nadu Department of Economics and Statistics - Districtwise Average Yield Rates of Crops 2024-25,3
Karur,Mango,Combined,5855.0,kg/ha,2024-25,Tamil Nadu Department of Economics and Statistics - Districtwise Average Yield Rates of Crops 2024-25,10
Karur,Onion,Combined,5272.0,kg/ha,2024-25,Tamil Nadu Department of Economics and Statistics - Districtwise Average Yield Rates of Crops 2024-25,9
Karur,Onion,Kharif,3470.0,kg/ha,2024-25,Tamil Nadu Department of Economics and Statistics - Districtwise Average Yield Rates of Crops 2024-25,9
Karur,Onion,Rabi,7307.0,kg/ha,2024-25,Tamil Nadu Department of Economics and Statistics - Districtwise Average Yield Rates of Crops 2024-25,9
Karur,Orange,Combined,3912.0,kg/ha,2024-25,Tamil Nadu Department of Economics and Statistics - Districtwise Average Yield Rates of Crops 2024-25,10
Karur,Other Cereals,Combined,0.0,kg/ha,2024-25,Tamil Nadu Department of Economics and Statistics - Districtwise Average Yield Rates of Crops 2024-25,4
Karur,Other Pulses,Combined,585.0,kg/ha,2024-25,Tamil Nadu Department of Economics and Statistics - Districtwise Average Yield Rates of Crops 2024-25,6
Karur,Other Pulses,Kharif,585.0,kg/ha,2024-25,Tamil Nadu Department of Economics and Statistics - Districtwise Average Yield Rates of Crops 2024-25,6
Karur,Other Pulses,Rabi,585.0,kg/ha,2024-25,Tamil Nadu Department of Economics and Statistics - Districtwise Average Yield Rates of Crops 2024-25,6
Karur,Paddy,Combined,3702.0,kg/ha,2024-25,Tamil Nadu Department of Economics and Statistics - Districtwise Average Yield Rates of Crops 2024-25,1
Karur,Paddy,Kar/Kuruvai/Sornavari,3689.0,kg/ha,2024-25,Tamil Nadu Department of Economics and Statistics - Districtwise Average Yield Rates of Crops 2024-25,1
Karur,Paddy,Navarai/Kodai,3874.0,kg/ha,2024-25,Tamil Nadu Department of Economics and Statistics - Districtwise Average Yield Rates of Crops 2024-25,1
Karur,Paddy,Samba/Thaladi/Pishanam,3688.0,kg/ha,2024-25,Tamil Nadu Department of Economics and Statistics - Districtwise Average Yield Rates of Crops 2024-25,1
Karur,Pepper,Combined,0.0,kg/ha,2024-25,Tamil Nadu Department of Economics and Statistics - Districtwise Average Yield Rates of Crops 2024-25,7
Karur,Pine Apple,Combined,0.0,kg/ha,2024-25,Tamil Nadu Department of Economics and Statistics - Districtwise Average Yield Rates of Crops 2024-25,10
Karur,Potato,Combined,0.0,kg/ha,2024-25,Tamil Nadu Department of Economics and Statistics - Districtwise Average Yield Rates of Crops 2024-25,8
Karur,Potato,Kharif,0.0,kg/ha,2024-25,Tamil Nadu Department of Economics and Statistics - Districtwise Average Yield Rates of Crops 2024-25,8
Karur,Potato,Rabi,0.0,kg/ha,2024-25,Tamil Nadu Department of Economics and Statistics - Districtwise Average Yield Rates of Crops 2024-25,8
Karur,Ragi,Combined,5264.0,kg/ha,2024-25,Tamil Nadu Department of Economics and Statistics - Districtwise Average Yield Rates of Crops 2024-25,2
Karur,Ragi,Kharif,3922.0,kg/ha,2024-25,Tamil Nadu Department of Economics and Statistics - Districtwise Average Yield Rates of Crops 2024-25,2
Karur,Ragi,Rabi,6942.0,kg/ha,2024-25,Tamil Nadu Department of Economics and Statistics - Districtwise Average Yield Rates of Crops 2024-25,2
Karur,Rapeseed & Mustard,Combined,0.0,kg/ha,2024-25,Tamil Nadu Department of Economics and Statistics - Districtwise Average Yield Rates of Crops 2024-25,12
Karur,Red Gram,Combined,445.0,kg/ha,2024-25,Tamil Nadu Department of Economics and Statistics - Districtwise Average Yield Rates of Crops 2024-25,4
Karur,Red Gram,Kharif,445.0,kg/ha,2024-25,Tamil Nadu Department of Economics and Statistics - Districtwise Average Yield Rates of Crops 2024-25,4
Karur,Red Gram,Rabi,445.0,kg/ha,2024-25,Tamil Nadu Department of Economics and Statistics - Districtwise Average Yield Rates of Crops 2024-25,4
Karur,Samai,Combined,0.0,kg/ha,2024-25,Tamil Nadu Department of Economics and Statistics - Districtwise Average Yield Rates of Crops 2024-25,4
Karur,Samai,Kharif,0.0,kg/ha,2024-25,Tamil Nadu Department of Economics and Statistics - Districtwise Average Yield Rates of Crops 2024-25,4
Karur,Samai,Rabi,0.0,kg/ha,2024-25,Tamil Nadu Department of Economics and Statistics - Districtwise Average Yield Rates of Crops 2024-25,4
Karur,Sugar Cane,Combined,106.0,tonnes/ha,2024-25,Tamil Nadu Department of Economics and Statistics - Districtwise Average Yield Rates of Crops 2024-25,6
Karur,Sun Flower,Combined,1732.0,kg/ha,2024-25,Tamil Nadu Department of Economics and Statistics - Districtwise Average Yield Rates of Crops 2024-25,12
Karur,Sun Flower,Kharif,1930.0,kg/ha,2024-25,Tamil Nadu Department of Economics and Statistics - Districtwise Average Yield Rates of Crops 2024-25,12
Karur,Sun Flower,Rabi,1601.0,kg/ha,2024-25,Tamil Nadu Department of Economics and Statistics - Districtwise Average Yield Rates of Crops 2024-25,12
Karur,Sweet Potato,Combined,16192.0,kg/ha,2024-25,Tamil Nadu Department of Economics and Statistics - Districtwise Average Yield Rates of Crops 2024-25,8
Karur,Tamarind,Combined,2633.0,kg/ha,2024-25,Tamil Nadu Department of Economics and Statistics - Districtwise Average Yield Rates of Crops 2024-25,8
Karur,Tapioca,Combined,51563.0,kg/ha,2024-25,Tamil Nadu Department of Economics and Statistics - Districtwise Average Yield Rates of Crops 2024-25,8
Karur,Tobacco,Combined,1525.0,kg/ha,2024-25,Tamil Nadu Department of Economics and Statistics - Districtwise Average Yield Rates of Crops 2024-25,13
Karur,Tomato,Combined,19663.0,kg/ha,2024-25,Tamil Nadu Department of Economics and Statistics - Districtwise Average Yield Rates of Crops 2024-25,9
Karur,Turmeric,Combined,0.0,kg/ha,2024-25,Tamil Nadu Department of Economics and Statistics - Districtwise Average Yield Rates of Crops 2024-25,7
Karur,Varagu,Combined,0.0,kg/ha,2024-25,Tamil Nadu Department of Economics and Statistics - Districtwise Average Yield Rates of Crops 2024-25,3
Karur,Varagu,Kharif,0.0,kg/ha,2024-25,Tamil Nadu Department of Economics and Statistics - Districtwise Average Yield Rates of Crops 2024-25,3
Karur,Varagu,Rabi,0.0,kg/ha,2024-25,Tamil Nadu Department of Economics and Statistics - Districtwise Average Yield Rates of Crops 2024-25,3
Krishnagiri,Arecanut,Combined,1347.0,kg/ha,2024-25,Tamil Nadu Department of Economics and Statistics - Districtwise Average Yield Rates of Crops 2024-25,7
Krishnagiri,Bajra (Cumbu),Combined,2652.0,kg/ha,2024-25,Tamil Nadu Department of Economics and Statistics - Districtwise Average Yield Rates of Crops 2024-25,2
Krishnagiri,Bajra (Cumbu),Kharif,2652.0,kg/ha,2024-25,Tamil Nadu Department of Economics and Statistics - Districtwise Average Yield Rates of Crops 2024-25,2
Krishnagiri,Bajra (Cumbu),Rabi,0.0,kg/ha,2024-25,Tamil Nadu Department of Economics and Statistics - Districtwise Average Yield Rates of Crops 2024-25,2
Krishnagiri,Banana,Combined,39691.0,kg/ha,2024-25,Tamil Nadu Department of Economics and Statistics - Districtwise Average Yield Rates of Crops 2024-25,10
Krishnagiri,Bengal Gram,Combined,0.0,kg/ha,2024-25,Tamil Nadu Department of Economics and Statistics - Districtwise Average Yield Rates of Crops 2024-25,4
Krishnagiri,Black Gram,Combined,508.0,kg/ha,2024-25,Tamil Nadu Department of Economics and Statistics - Districtwise Average Yield Rates of Crops 2024-25,5
Krishnagiri,Black Gram,Kharif,531.0,kg/ha,2024-25,Tamil Nadu Department of Economics and Statistics - Districtwise Average Yield Rates of Crops 2024-25,5
Krishnagiri,Black Gram,Rabi,456.0,kg/ha,2024-25,Tamil Nadu Department of Economics and Statistics - Districtwise Average Yield Rates of Crops 2024-25,5
Krishnagiri,Brinjal,Combined,10990.0,kg/ha,2024-25,Tamil Nadu Department of Economics and Statistics - Districtwise Average Yield Rates of Crops 2024-25,9
Krishnagiri,Cabbage,Combined,75257.0,kg/ha,2024-25,Tamil Nadu Department of Economics and Statistics - Districtwise Average Yield Rates of Crops 2024-25,9
Krishnagiri,Cardamom,Combined,0.0,kg/ha,2024-25,Tamil Nadu Department of Economics and Statistics - Districtwise Average Yield Rates of Crops 2024-25,8
Krishnagiri,Cashew Nut,Combined,364.0,kg/ha,2024-25,Tamil Nadu Department of Economics and Statistics - Districtwise Average Yield Rates of Crops 2024-25,10
Krishnagiri,Castor,Combined,312.0,kg/ha,2024-25,Tamil Nadu Department of Economics and Statistics - Districtwise Average Yield Rates of Crops 2024-25,12
Krishnagiri,Chillies,Combined,0.0,kg/ha,2024-25,Tamil Nadu Department of Economics and Statistics - Districtwise Average Yield Rates of Crops 2024-25,7
Krishnagiri,Cloves,Combined,0.0,kg/ha,2024-25,Tamil Nadu Department of Economics and Statistics - Districtwise Average Yield Rates of Crops 2024-25,7
Krishnagiri,Coconut,Combined,13870.0,nuts/ha,2024-25,Tamil Nadu Department of Economics and Statistics - Districtwise Average Yield Rates of Crops 2024-25,13
Krishnagiri,Coriander,Combined,0.0,kg/ha,2024-25,Tamil Nadu Department of Economics and Statistics - Districtwise Average Yield Rates of Crops 2024-25,8
Krishnagiri,Cotton,Combined,1526.0,kg/ha,2024-25,Tamil Nadu Department of Economics and Statistics - Districtwise Average Yield Rates of Crops 2024-25,13
Krishnagiri,Cotton,Kharif,259.0,kg/ha,2024-25,Tamil Nadu Department of Economics and Statistics - Districtwise Average Yield Rates of Crops 2024-25,13
Krishnagiri,Cotton,Rabi,0.0,kg/ha,2024-25,Tamil Nadu Department of Economics and Statistics - Districtwise Average Yield Rates of Crops 2024-25,13
Krishnagiri,Cowpea,Combined,619.0,kg/ha,2024-25,Tamil Nadu Department of Economics and Statistics - Districtwise Average Yield Rates of Crops 2024-25,6
Krishnagiri,Cowpea,Kharif,625.0,kg/ha,2024-25,Tamil Nadu Department of Economics and Statistics - Districtwise Average Yield Rates of Crops 2024-25,6
Krishnagiri,Cowpea,Rabi,549.0,kg/ha,2024-25,Tamil Nadu Department of Economics and Statistics - Districtwise Average Yield Rates of Crops 2024-25,6
Krishnagiri,Garlic,Combined,0.0,kg/ha,2024-25,Tamil Nadu Department of Economics and Statistics - Districtwise Average Yield Rates of Crops 2024-25,7
Krishnagiri,Gingelly,Combined,769.0,kg/ha,2024-25,Tamil Nadu Department of Economics and Statistics - Districtwise Average Yield Rates of Crops 2024-25,11
Krishnagiri,Gingelly,Kharif,770.0,kg/ha,2024-25,Tamil Nadu Department of Economics and Statistics - Districtwise Average Yield Rates of Crops 2024-25,11
Krishnagiri,Gingelly,Rabi,414.0,kg/ha,2024-25,Tamil Nadu Department of Economics and Statistics - Districtwise Average Yield Rates of Crops 2024-25,11
Krishnagiri,Ginger,Combined,4486.0,kg/ha,2024-25,Tamil Nadu Department of Economics and Statistics - Districtwise Average Yield Rates of Crops 2024-25,7
Krishnagiri,Grapes,Combined,14928.0,kg/ha,2024-25,Tamil Nadu Department of Economics and Statistics - Districtwise Average Yield Rates of Crops 2024-25,11
Krishnagiri,Green Gram,Combined,540.0,kg/ha,2024-25,Tamil Nadu Department of Economics and Statistics - Districtwise Average Yield Rates of Crops 2024-25,5
Krishnagiri,Green Gram,Kharif,564.0,kg/ha,2024-25,Tamil Nadu Department of Economics and Statistics - Districtwise Average Yield Rates of Crops 2024-25,5
Krishnagiri,Green Gram,Rabi,248.0,kg/ha,2024-25,Tamil Nadu Department of Economics and Statistics - Districtwise Average Yield Rates of Crops 2024-25,5
Krishnagiri,Groundnut,Combined,2164.0,kg/ha,2024-25,Tamil Nadu Department of Economics and Statistics - Districtwise Average Yield Rates of Crops 2024-25,11
Krishnagiri,Groundnut,Kharif,2104.0,kg/ha,2024-25,Tamil Nadu Department of Economics and Statistics - Districtwise Average Yield Rates of Crops 2024-25,11
Krishnagiri,Groundnut,Rabi,2681.0,kg/ha,2024-25,Tamil Nadu Department of Economics and Statistics - Districtwise Average Yield Rates of Crops 2024-25,11
Krishnagiri,Guava,Combined,7076.0,kg/ha,2024-25,Tamil Nadu Department of Economics and Statistics - Districtwise Average Yield Rates of Crops 2024-25,11
Krishnagiri,Horse Gram,Combined,798.0,kg/ha,2024-25,Tamil Nadu Department of Economics and Statistics - Districtwise Average Yield Rates of Crops 2024-25,5
Krishnagiri,Horse Gram,Kharif,798.0,kg/ha,2024-25,Tamil Nadu Department of Economics and Statistics - Districtwise Average Yield Rates of Crops 2024-25,5
Krishnagiri,Horse Gram,Rabi,798.0,kg/ha,2024-25,Tamil Nadu Department of Economics and Statistics - Districtwise Average Yield Rates of Crops 2024-25,5
Krishnagiri,Jack Fruit,Combined,20056.0,kg/ha,2024-25,Tamil Nadu Department of Economics and Statistics - Districtwise Average Yield Rates of Crops 2024-25,10
Krishnagiri,Jowar (Cholam),Combined,1354.0,kg/ha,2024-25,Tamil Nadu Department of Economics and Statistics - Districtwise Average Yield Rates of Crops 2024-25,1
Krishnagiri,Jowar (Cholam),Kharif,1354.0,kg/ha,2024-25,Tamil Nadu Department of Economics and Statistics - Districtwise Average Yield Rates of Crops 2024-25,1
Krishnagiri,Jowar (Cholam),Rabi,1147.0,kg/ha,2024-25,Tamil Nadu Department of Economics and Statistics - Districtwise Average Yield Rates of Crops 2024-25,1
Krishnagiri,Korra,Combined,0.0,kg/ha,2024-25,Tamil Nadu Department of Economics and Statistics - Districtwise Average Yield Rates of Crops 2024-25,3
Krishnagiri,Lady's Finger,Combined,6586.0,kg/ha,2024-25,Tamil Nadu Department of Economics and Statistics - Districtwise Average Yield Rates of Crops 2024-25,9
Krishnagiri,Lemon,Combined,6533.0,kg/ha,2024-25,Tamil Nadu Department of Economics and Statistics - Districtwise Average Yield Rates of Crops 2024-25,10
Krishnagiri,Maize,Combined,7490.0,kg/ha,2024-25,Tamil Nadu Department of Economics and Statistics - Districtwise Average Yield Rates of Crops 2024-25,3
Krishnagiri,Maize,Kharif,7705.0,kg/ha,2024-25,Tamil Nadu Department of Economics and Statistics - Districtwise Average Yield Rates of Crops 2024-25,3
Krishnagiri,Maize,Rabi,5084.0,kg/ha,2024-25,Tamil Nadu Department of Economics and Statistics - Districtwise Average Yield Rates of Crops 2024-25,3
Krishnagiri,Mango,Combined,4633.0,kg/ha,2024-25,Tamil Nadu Department of Economics and Statistics - Districtwise Average Yield Rates of Crops 2024-25,10
Krishnagiri,Onion,Combined,7722.0,kg/ha,2024-25,Tamil Nadu Department of Economics and Statistics - Districtwise Average Yield Rates of Crops 2024-25,9
Krishnagiri,Onion,Kharif,10529.0,kg/ha,2024-25,Tamil Nadu Department of Economics and Statistics - Districtwise Average Yield Rates of Crops 2024-25,9
Krishnagiri,Onion,Rabi,7307.0,kg/ha,2024-25,Tamil Nadu Department of Economics and Statistics - Districtwise Average Yield Rates of Crops 2024-25,9
Krishnagiri,Orange,Combined,3912.0,kg/ha,2024-25,Tamil Nadu Department of Economics and Statistics - Districtwise Average Yield Rates of Crops 2024-25,10
Krishnagiri,Other Cereals,Combined,1415.0,kg/ha,2024-25,Tamil Nadu Department of Economics and Statistics - Districtwise Average Yield Rates of Crops 2024-25,4
Krishnagiri,Other Pulses,Combined,585.0,kg/ha,2024-25,Tamil Nadu Department of Economics and Statistics - Districtwise Average Yield Rates of Crops 2024-25,6
Krishnagiri,Other Pulses,Kharif,0.0,kg/ha,2024-25,Tamil Nadu Department of Economics and Statistics - Districtwise Average Yield Rates of Crops 2024-25,6
Krishnagiri,Other Pulses,Rabi,585.0,kg/ha,2024-25,Tamil Nadu Department of Economics and Statistics - Districtwise Average Yield Rates of Crops 2024-25,6
Krishnagiri,Paddy,Combined,3640.0,kg/ha,2024-25,Tamil Nadu Department of Economics and Statistics - Districtwise Average Yield Rates of Crops 2024-25,1
Krishnagiri,Paddy,Kar/Kuruvai/Sornavari,4629.0,kg/ha,2024-25,Tamil Nadu Department of Economics and Statistics - Districtwise Average Yield Rates of Crops 2024-25,1
Krishnagiri,Paddy,Navarai/Kodai,3952.0,kg/ha,2024-25,Tamil Nadu Department of Economics and Statistics - Districtwise Average Yield Rates of Crops 2024-25,1
Krishnagiri,Paddy,Samba/Thaladi/Pishanam,3010.0,kg/ha,2024-25,Tamil Nadu Department of Economics and Statistics - Districtwise Average Yield Rates of Crops 2024-25,1
Krishnagiri,Pepper,Combined,191.0,kg/ha,2024-25,Tamil Nadu Department of Economics and Statistics - Districtwise Average Yield Rates of Crops 2024-25,7
Krishnagiri,Pine Apple,Combined,0.0,kg/ha,2024-25,Tamil Nadu Department of Economics and Statistics - Districtwise Average Yield Rates of Crops 2024-25,10
Krishnagiri,Potato,Combined,31941.0,kg/ha,2024-25,Tamil Nadu Department of Economics and Statistics - Districtwise Average Yield Rates of Crops 2024-25,8
Krishnagiri,Potato,Kharif,0.0,kg/ha,2024-25,Tamil Nadu Department of Economics and Statistics - Districtwise Average Yield Rates of Crops 2024-25,8
Krishnagiri,Potato,Rabi,31941.0,kg/ha,2024-25,Tamil Nadu Department of Economics and Statistics - Districtwise Average Yield Rates of Crops 2024-25,8
Krishnagiri,Ragi,Combined,4502.0,kg/ha,2024-25,Tamil Nadu Department of Economics and Statistics - Districtwise Average Yield Rates of Crops 2024-25,2
Krishnagiri,Ragi,Kharif,4175.0,kg/ha,2024-25,Tamil Nadu Department of Economics and Statistics - Districtwise Average Yield Rates of Crops 2024-25,2
Krishnagiri,Ragi,Rabi,6832.0,kg/ha,2024-25,Tamil Nadu Department of Economics and Statistics - Districtwise Average Yield Rates of Crops 2024-25,2
Krishnagiri,Rapeseed & Mustard,Combined,235.0,kg/ha,2024-25,Tamil Nadu Department of Economics and Statistics - Districtwise Average Yield Rates of Crops 2024-25,12
Krishnagiri,Red Gram,Combined,0.0,kg/ha,2024-25,Tamil Nadu Department of Economics and Statistics - Districtwise Average Yield Rates of Crops 2024-25,4
Krishnagiri,Red Gram,Kharif,1145.0,kg/ha,2024-25,Tamil Nadu Department of Economics and Statistics - Districtwise Average Yield Rates of Crops 2024-25,4
Krishnagiri,Red Gram,Rabi,1145.0,kg/ha,2024-25,Tamil Nadu Department of Economics and Statistics - Districtwise Average Yield Rates of Crops 2024-25,4
Krishnagiri,Samai,Combined,910.0,kg/ha,2024-25,Tamil Nadu Department of Economics and Statistics - Districtwise Average Yield Rates of Crops 2024-25,4
Krishnagiri,Samai,Kharif,910.0,kg/ha,2024-25,Tamil Nadu Department of Economics and Statistics - Districtwise Average Yield Rates of Crops 2024-25,4
Krishnagiri,Samai,Rabi,0.0,kg/ha,2024-25,Tamil Nadu Department of Economics and Statistics - Districtwise Average Yield Rates of Crops 2024-25,4
Krishnagiri,Sugar Cane,Combined,100.0,tonnes/ha,2024-25,Tamil Nadu Department of Economics and Statistics - Districtwise Average Yield Rates of Crops 2024-25,6
Krishnagiri,Sun Flower,Combined,1935.0,kg/ha,2024-25,Tamil Nadu Department of Economics and Statistics - Districtwise Average Yield Rates of Crops 2024-25,12
Krishnagiri,Sun Flower,Kharif,1935.0,kg/ha,2024-25,Tamil Nadu Department of Economics and Statistics - Districtwise Average Yield Rates of Crops 2024-25,12
Krishnagiri,Sun Flower,Rabi,0.0,kg/ha,2024-25,Tamil Nadu Department of Economics and Statistics - Districtwise Average Yield Rates of Crops 2024-25,12
Krishnagiri,Sweet Potato,Combined,19336.0,kg/ha,2024-25,Tamil Nadu Department of Economics and Statistics - Districtwise Average Yield Rates of Crops 2024-25,8
Krishnagiri,Tamarind,Combined,3368.0,kg/ha,2024-25,Tamil Nadu Department of Economics and Statistics - Districtwise Average Yield Rates of Crops 2024-25,8
Krishnagiri,Tapioca,Combined,40259.0,kg/ha,2024-25,Tamil Nadu Department of Economics and Statistics - Districtwise Average Yield Rates of Crops 2024-25,8
Krishnagiri,Tobacco,Combined,0.0,kg/ha,2024-25,Tamil Nadu Department of Economics and Statistics - Districtwise Average Yield Rates of Crops 2024-25,13
Krishnagiri,Tomato,Combined,22518.0,kg/ha,2024-25,Tamil Nadu Department of Economics and Statistics - Districtwise Average Yield Rates of Crops 2024-25,9
Krishnagiri,Turmeric,Combined,0.0,kg/ha,2024-25,Tamil Nadu Department of Economics and Statistics - Districtwise Average Yield Rates of Crops 2024-25,7
Krishnagiri,Varagu,Combined,0.0,kg/ha,2024-25,Tamil Nadu Department of Economics and Statistics - Districtwise Average Yield Rates of Crops 2024-25,3
Krishnagiri,Varagu,Kharif,0.0,kg/ha,2024-25,Tamil Nadu Department of Economics and Statistics - Districtwise Average Yield Rates of Crops 2024-25,3
Krishnagiri,Varagu,Rabi,0.0,kg/ha,2024-25,Tamil Nadu Department of Economics and Statistics - Districtwise Average Yield Rates of Crops 2024-25,3
Madurai,Arecanut,Combined,1141.0,kg/ha,2024-25,Tamil Nadu Department of Economics and Statistics - Districtwise Average Yield Rates of Crops 2024-25,7
Madurai,Bajra (Cumbu),Combined,2274.0,kg/ha,2024-25,Tamil Nadu Department of Economics and Statistics - Districtwise Average Yield Rates of Crops 2024-25,2
Madurai,Bajra (Cumbu),Kharif,2088.0,kg/ha,2024-25,Tamil Nadu Department of Economics and Statistics - Districtwise Average Yield Rates of Crops 2024-25,2
Madurai,Bajra (Cumbu),Rabi,2768.0,kg/ha,2024-25,Tamil Nadu Department of Economics and Statistics - Districtwise Average Yield Rates of Crops 2024-25,2
Madurai,Banana,Combined,59332.0,kg/ha,2024-25,Tamil Nadu Department of Economics and Statistics - Districtwise Average Yield Rates of Crops 2024-25,10
Madurai,Bengal Gram,Combined,926.0,kg/ha,2024-25,Tamil Nadu Department of Economics and Statistics - Districtwise Average Yield Rates of Crops 2024-25,4
Madurai,Black Gram,Combined,513.0,kg/ha,2024-25,Tamil Nadu Department of Economics and Statistics - Districtwise Average Yield Rates of Crops 2024-25,5
Madurai,Black Gram,Kharif,531.0,kg/ha,2024-25,Tamil Nadu Department of Economics and Statistics - Districtwise Average Yield Rates of Crops 2024-25,5
Madurai,Black Gram,Rabi,456.0,kg/ha,2024-25,Tamil Nadu Department of Economics and Statistics - Districtwise Average Yield Rates of Crops 2024-25,5
Madurai,Brinjal,Combined,13225.0,kg/ha,2024-25,Tamil Nadu Department of Economics and Statistics - Districtwise Average Yield Rates of Crops 2024-25,9
Madurai,Cabbage,Combined,71595.0,kg/ha,2024-25,Tamil Nadu Department of Economics and Statistics - Districtwise Average Yield Rates of Crops 2024-25,9
Madurai,Cardamom,Combined,0.0,kg/ha,2024-25,Tamil Nadu Department of Economics and Statistics - Districtwise Average Yield Rates of Crops 2024-25,8
Madurai,Cashew Nut,Combined,364.0,kg/ha,2024-25,Tamil Nadu Department of Economics and Statistics - Districtwise Average Yield Rates of Crops 2024-25,10
Madurai,Castor,Combined,312.0,kg/ha,2024-25,Tamil Nadu Department of Economics and Statistics - Districtwise Average Yield Rates of Crops 2024-25,12
Madurai,Chillies,Combined,1529.0,kg/ha,2024-25,Tamil Nadu Department of Economics and Statistics - Districtwise Average Yield Rates of Crops 2024-25,7
Madurai,Cloves,Combined,0.0,kg/ha,2024-25,Tamil Nadu Department of Economics and Statistics - Districtwise Average Yield Rates of Crops 2024-25,7
Madurai,Coconut,Combined,12583.0,nuts/ha,2024-25,Tamil Nadu Department of Economics and Statistics - Districtwise Average Yield Rates of Crops 2024-25,13
Madurai,Coriander,Combined,444.0,kg/ha,2024-25,Tamil Nadu Department of Economics and Statistics - Districtwise Average Yield Rates of Crops 2024-25,8
Madurai,Cotton,Combined,1182.0,kg/ha,2024-25,Tamil Nadu Department of Economics and Statistics - Districtwise Average Yield Rates of Crops 2024-25,13
Madurai,Cotton,Kharif,176.0,kg/ha,2024-25,Tamil Nadu Department of Economics and Statistics - Districtwise Average Yield Rates of Crops 2024-25,13
Madurai,Cotton,Rabi,245.0,kg/ha,2024-25,Tamil Nadu Department of Economics and Statistics - Districtwise Average Yield Rates of Crops 2024-25,13
Madurai,Cowpea,Combined,214.0,kg/ha,2024-25,Tamil Nadu Department of Economics and Statistics - Districtwise Average Yield Rates of Crops 2024-25,6
Madurai,Cowpea,Kharif,215.0,kg/ha,2024-25,Tamil Nadu Department of Economics and Statistics - Districtwise Average Yield Rates of Crops 2024-25,6
Madurai,Cowpea,Rabi,214.0,kg/ha,2024-25,Tamil Nadu Department of Economics and Statistics - Districtwise Average Yield Rates of Crops 2024-25,6
Madurai,Garlic,Combined,0.0,kg/ha,2024-25,Tamil Nadu Department of Economics and Statistics - Districtwise Average Yield Rates of Crops 2024-25,7
Madurai,Gingelly,Combined,454.0,kg/ha,2024-25,Tamil Nadu Department of Economics and Statistics - Districtwise Average Yield Rates of Crops 2024-25,11
Madurai,Gingelly,Kharif,487.0,kg/ha,2024-25,Tamil Nadu Department of Economics and Statistics - Districtwise Average Yield Rates of Crops 2024-25,11
Madurai,Gingelly,Rabi,414.0,kg/ha,2024-25,Tamil Nadu Department of Economics and Statistics - Districtwise Average Yield Rates of Crops 2024-25,11
Madurai,Ginger,Combined,5488.0,kg/ha,2024-25,Tamil Nadu Department of Economics and Statistics - Districtwise Average Yield Rates of Crops 2024-25,7
Madurai,Grapes,Combined,41573.0,kg/ha,2024-25,Tamil Nadu Department of Economics and Statistics - Districtwise Average Yield Rates of Crops 2024-25,11
Madurai,Green Gram,Combined,124.0,kg/ha,2024-25,Tamil Nadu Department of Economics and Statistics - Districtwise Average Yield Rates of Crops 2024-25,5
Madurai,Green Gram,Kharif,110.0,kg/ha,2024-25,Tamil Nadu Department of Economics and Statistics - Districtwise Average Yield Rates of Crops 2024-25,5
Madurai,Green Gram,Rabi,248.0,kg/ha,2024-25,Tamil Nadu Department of Economics and Statistics - Districtwise Average Yield Rates of Crops 2024-25,5
Madurai,Groundnut,Combined,2508.0,kg/ha,2024-25,Tamil Nadu Department of Economics and Statistics - Districtwise Average Yield Rates of Crops 2024-25,11
Madurai,Groundnut,Kharif,1536.0,kg/ha,2024-25,Tamil Nadu Department of Economics and Statistics - Districtwise Average Yield Rates of Crops 2024-25,11
Madurai,Groundnut,Rabi,3202.0,kg/ha,2024-25,Tamil Nadu Department of Economics and Statistics - Districtwise Average Yield Rates of Crops 2024-25,11
Madurai,Guava,Combined,13014.0,kg/ha,2024-25,Tamil Nadu Department of Economics and Statistics - Districtwise Average Yield Rates of Crops 2024-25,11
Madurai,Horse Gram,Combined,671.0,kg/ha,2024-25,Tamil Nadu Department of Economics and Statistics - Districtwise Average Yield Rates of Crops 2024-25,5
Madurai,Horse Gram,Kharif,604.0,kg/ha,2024-25,Tamil Nadu Department of Economics and Statistics - Districtwise Average Yield Rates of Crops 2024-25,5
Madurai,Horse Gram,Rabi,710.0,kg/ha,2024-25,Tamil Nadu Department of Economics and Statistics - Districtwise Average Yield Rates of Crops 2024-25,5
Madurai,Jack Fruit,Combined,20056.0,kg/ha,2024-25,Tamil Nadu Department of Economics and Statistics - Districtwise Average Yield Rates of Crops 2024-25,10
Madurai,Jowar (Cholam),Combined,1533.0,kg/ha,2024-25,Tamil Nadu Department of Economics and Statistics - Districtwise Average Yield Rates of Crops 2024-25,1
Madurai,Jowar (Cholam),Kharif,1426.0,kg/ha,2024-25,Tamil Nadu Department of Economics and Statistics - Districtwise Average Yield Rates of Crops 2024-25,1
Madurai,Jowar (Cholam),Rabi,1772.0,kg/ha,2024-25,Tamil Nadu Department of Economics and Statistics - Districtwise Average Yield Rates of Crops 2024-25,1
Madurai,Korra,Combined,470.0,kg/ha,2024-25,Tamil Nadu Department of Economics and Statistics - Districtwise Average Yield Rates of Crops 2024-25,3
Madurai,Lady's Finger,Combined,5960.0,kg/ha,2024-25,Tamil Nadu Department of Economics and Statistics - Districtwise Average Yield Rates of Crops 2024-25,9
Madurai,Lemon,Combined,9765.0,kg/ha,2024-25,Tamil Nadu Department of Economics and Statistics - Districtwise Average Yield Rates of Crops 2024-25,10
Madurai,Maize,Combined,4692.0,kg/ha,2024-25,Tamil Nadu Department of Economics and Statistics - Districtwise Average Yield Rates of Crops 2024-25,3
Madurai,Maize,Kharif,4469.0,kg/ha,2024-25,Tamil Nadu Department of Economics and Statistics - Districtwise Average Yield Rates of Crops 2024-25,3
Madurai,Maize,Rabi,5084.0,kg/ha,2024-25,Tamil Nadu Department of Economics and Statistics - Districtwise Average Yield Rates of Crops 2024-25,3
Madurai,Mango,Combined,27392.0,kg/ha,2024-25,Tamil Nadu Department of Economics and Statistics - Districtwise Average Yield Rates of Crops 2024-25,10
Madurai,Onion,Combined,8752.0,kg/ha,2024-25,Tamil Nadu Department of Economics and Statistics - Districtwise Average Yield Rates of Crops 2024-25,9
Madurai,Onion,Kharif,10529.0,kg/ha,2024-25,Tamil Nadu Department of Economics and Statistics - Districtwise Average Yield Rates of Crops 2024-25,9
Madurai,Onion,Rabi,7307.0,kg/ha,2024-25,Tamil Nadu Department of Economics and Statistics - Districtwise Average Yield Rates of Crops 2024-25,9
Madurai,Orange,Combined,3912.0,kg/ha,2024-25,Tamil Nadu Department of Economics and Statistics - Districtwise Average Yield Rates of Crops 2024-25,10
Madurai,Other Cereals,Combined,1415.0,kg/ha,2024-25,Tamil Nadu Department of Economics and Statistics - Districtwise Average Yield Rates of Crops 2024-25,4
Madurai,Other Pulses,Combined,585.0,kg/ha,2024-25,Tamil Nadu Department of Economics and Statistics - Districtwise Average Yield Rates of Crops 2024-25,6
Madurai,Other Pulses,Kharif,585.0,kg/ha,2024-25,Tamil Nadu Department of Economics and Statistics - Districtwise Average Yield Rates of Crops 2024-25,6
Madurai,Other Pulses,Rabi,585.0,kg/ha,2024-25,Tamil Nadu Department of Economics and Statistics - Districtwise Average Yield Rates of Crops 2024-25,6
Madurai,Paddy,Combined,3286.0,kg/ha,2024-25,Tamil Nadu Department of Economics and Statistics - Districtwise Average Yield Rates of Crops 2024-25,1
Madurai,Paddy,Kar/Kuruvai/Sornavari,3689.0,kg/ha,2024-25,Tamil Nadu Department of Economics and Statistics - Districtwise Average Yield Rates of Crops 2024-25,1
Madurai,Paddy,Navarai/Kodai,3083.0,kg/ha,2024-25,Tamil Nadu Department of Economics and Statistics - Districtwise Average Yield Rates of Crops 2024-25,1
Madurai,Paddy,Samba/Thaladi/Pishanam,3318.0,kg/ha,2024-25,Tamil Nadu Department of Economics and Statistics - Districtwise Average Yield Rates of Crops 2024-25,1
Madurai,Pepper,Combined,0.0,kg/ha,2024-25,Tamil Nadu Department of Economics and Statistics - Districtwise Average Yield Rates of Crops 2024-25,7
Madurai,Pine Apple,Combined,41249.0,kg/ha,2024-25,Tamil Nadu Department of Economics and Statistics - Districtwise Average Yield Rates of Crops 2024-25,10
Madurai,Potato,Combined,0.0,kg/ha,2024-25,Tamil Nadu Department of Economics and Statistics - Districtwise Average Yield Rates of Crops 2024-25,8
Madurai,Potato,Kharif,0.0,kg/ha,2024-25,Tamil Nadu Department of Economics and Statistics - Districtwise Average Yield Rates of Crops 2024-25,8
Madurai,Potato,Rabi,0.0,kg/ha,2024-25,Tamil Nadu Department of Economics and Statistics - Districtwise Average Yield Rates of Crops 2024-25,8
Madurai,Ragi,Combined,5498.0,kg/ha,2024-25,Tamil Nadu Department of Economics and Statistics - Districtwise Average Yield Rates of Crops 2024-25,2
Madurai,Ragi,Kharif,3922.0,kg/ha,2024-25,Tamil Nadu Department of Economics and Statistics - Districtwise Average Yield Rates of Crops 2024-25,2
Madurai,Ragi,Rabi,6942.0,kg/ha,2024-25,Tamil Nadu Department of Economics and Statistics - Districtwise Average Yield Rates of Crops 2024-25,2
Madurai,Rapeseed & Mustard,Combined,235.0,kg/ha,2024-25,Tamil Nadu Department of Economics and Statistics - Districtwise Average Yield Rates of Crops 2024-25,12
Madurai,Red Gram,Combined,449.0,kg/ha,2024-25,Tamil Nadu Department of Economics and Statistics - Districtwise Average Yield Rates of Crops 2024-25,4
Madurai,Red Gram,Kharif,449.0,kg/ha,2024-25,Tamil Nadu Department of Economics and Statistics - Districtwise Average Yield Rates of Crops 2024-25,4
Madurai,Red Gram,Rabi,449.0,kg/ha,2024-25,Tamil Nadu Department of Economics and Statistics - Districtwise Average Yield Rates of Crops 2024-25,4
Madurai,Samai,Combined,0.0,kg/ha,2024-25,Tamil Nadu Department of Economics and Statistics - Districtwise Average Yield Rates of Crops 2024-25,4
Madurai,Samai,Kharif,0.0,kg/ha,2024-25,Tamil Nadu Department of Economics and Statistics - Districtwise Average Yield Rates of Crops 2024-25,4
Madurai,Samai,Rabi,0.0,kg/ha,2024-25,Tamil Nadu Department of Economics and Statistics - Districtwise Average Yield Rates of Crops 2024-25,4
Madurai,Sugar Cane,Combined,101.0,tonnes/ha,2024-25,Tamil Nadu Department of Economics and Statistics - Districtwise Average Yield Rates of Crops 2024-25,6
Madurai,Sun Flower,Combined,1328.0,kg/ha,2024-25,Tamil Nadu Department of Economics and Statistics - Districtwise Average Yield Rates of Crops 2024-25,12
Madurai,Sun Flower,Kharif,1935.0,kg/ha,2024-25,Tamil Nadu Department of Economics and Statistics - Districtwise Average Yield Rates of Crops 2024-25,12
Madurai,Sun Flower,Rabi,902.0,kg/ha,2024-25,Tamil Nadu Department of Economics and Statistics - Districtwise Average Yield Rates of Crops 2024-25,12
Madurai,Sweet Potato,Combined,28613.0,kg/ha,2024-25,Tamil Nadu Department of Economics and Statistics - Districtwise Average Yield Rates of Crops 2024-25,8
Madurai,Tamarind,Combined,3036.0,kg/ha,2024-25,Tamil Nadu Department of Economics and Statistics - Districtwise Average Yield Rates of Crops 2024-25,8
Madurai,Tapioca,Combined,40259.0,kg/ha,2024-25,Tamil Nadu Department of Economics and Statistics - Districtwise Average Yield Rates of Crops 2024-25,8
Madurai,Tobacco,Combined,0.0,kg/ha,2024-25,Tamil Nadu Department of Economics and Statistics - Districtwise Average Yield Rates of Crops 2024-25,13
Madurai,Tomato,Combined,19663.0,kg/ha,2024-25,Tamil Nadu Department of Economics and Statistics - Districtwise Average Yield Rates of Crops 2024-25,9
Madurai,Turmeric,Combined,46519.0,kg/ha,2024-25,Tamil Nadu Department of Economics and Statistics - Districtwise Average Yield Rates of Crops 2024-25,7
Madurai,Varagu,Combined,1370.0,kg/ha,2024-25,Tamil Nadu Department of Economics and Statistics - Districtwise Average Yield Rates of Crops 2024-25,3
Madurai,Varagu,Kharif,1370.0,kg/ha,2024-25,Tamil Nadu Department of Economics and Statistics - Districtwise Average Yield Rates of Crops 2024-25,3
Madurai,Varagu,Rabi,1370.0,kg/ha,2024-25,Tamil Nadu Department of Economics and Statistics - Districtwise Average Yield Rates of Crops 2024-25,3
Mayiladuthurai,Arecanut,Combined,1033.0,kg/ha,2024-25,Tamil Nadu Department of Economics and Statistics - Districtwise Average Yield Rates of Crops 2024-25,7
Mayiladuthurai,Bajra (Cumbu),Combined,2652.0,kg/ha,2024-25,Tamil Nadu Department of Economics and Statistics - Districtwise Average Yield Rates of Crops 2024-25,2
Mayiladuthurai,Bajra (Cumbu),Kharif,2652.0,kg/ha,2024-25,Tamil Nadu Department of Economics and Statistics - Districtwise Average Yield Rates of Crops 2024-25,2
Mayiladuthurai,Bajra (Cumbu),Rabi,0.0,kg/ha,2024-25,Tamil Nadu Department of Economics and Statistics - Districtwise Average Yield Rates of Crops 2024-25,2
Mayiladuthurai,Banana,Combined,39691.0,kg/ha,2024-25,Tamil Nadu Department of Economics and Statistics - Districtwise Average Yield Rates of Crops 2024-25,10
Mayiladuthurai,Bengal Gram,Combined,0.0,kg/ha,2024-25,Tamil Nadu Department of Economics and Statistics - Districtwise Average Yield Rates of Crops 2024-25,4
Mayiladuthurai,Black Gram,Combined,180.0,kg/ha,2024-25,Tamil Nadu Department of Economics and Statistics - Districtwise Average Yield Rates of Crops 2024-25,5
Mayiladuthurai,Black Gram,Kharif,531.0,kg/ha,2024-25,Tamil Nadu Department of Economics and Statistics - Districtwise Average Yield Rates of Crops 2024-25,5
Mayiladuthurai,Black Gram,Rabi,180.0,kg/ha,2024-25,Tamil Nadu Department of Economics and Statistics - Districtwise Average Yield Rates of Crops 2024-25,5
Mayiladuthurai,Brinjal,Combined,13225.0,kg/ha,2024-25,Tamil Nadu Department of Economics and Statistics - Districtwise Average Yield Rates of Crops 2024-25,9
Mayiladuthurai,Cabbage,Combined,0.0,kg/ha,2024-25,Tamil Nadu Department of Economics and Statistics - Districtwise Average Yield Rates of Crops 2024-25,9
Mayiladuthurai,Cardamom,Combined,0.0,kg/ha,2024-25,Tamil Nadu Department of Economics and Statistics - Districtwise Average Yield Rates of Crops 2024-25,8
Mayiladuthurai,Cashew Nut,Combined,651.0,kg/ha,2024-25,Tamil Nadu Department of Economics and Statistics - Districtwise Average Yield Rates of Crops 2024-25,10
Mayiladuthurai,Castor,Combined,0.0,kg/ha,2024-25,Tamil Nadu Department of Economics and Statistics - Districtwise Average Yield Rates of Crops 2024-25,12
Mayiladuthurai,Chillies,Combined,528.0,kg/ha,2024-25,Tamil Nadu Department of Economics and Statistics - Districtwise Average Yield Rates of Crops 2024-25,7
Mayiladuthurai,Cloves,Combined,0.0,kg/ha,2024-25,Tamil Nadu Department of Economics and Statistics - Districtwise Average Yield Rates of Crops 2024-25,7
Mayiladuthurai,Coconut,Combined,12618.0,nuts/ha,2024-25,Tamil Nadu Department of Economics and Statistics - Districtwise Average Yield Rates of Crops 2024-25,13
Mayiladuthurai,Coriander,Combined,0.0,kg/ha,2024-25,Tamil Nadu Department of Economics and Statistics - Districtwise Average Yield Rates of Crops 2024-25,8
Mayiladuthurai,Cotton,Combined,2532.0,kg/ha,2024-25,Tamil Nadu Department of Economics and Statistics - Districtwise Average Yield Rates of Crops 2024-25,13
Mayiladuthurai,Cotton,Kharif,282.0,kg/ha,2024-25,Tamil Nadu Department of Economics and Statistics - Districtwise Average Yield Rates of Crops 2024-25,13
Mayiladuthurai,Cotton,Rabi,432.0,kg/ha,2024-25,Tamil Nadu Department of Economics and Statistics - Districtwise Average Yield Rates of Crops 2024-25,13
Mayiladuthurai,Cowpea,Combined,0.0,kg/ha,2024-25,Tamil Nadu Department of Economics and Statistics - Districtwise Average Yield Rates of Crops 2024-25,6
Mayiladuthurai,Cowpea,Kharif,0.0,kg/ha,2024-25,Tamil Nadu Department of Economics and Statistics - Districtwise Average Yield Rates of Crops 2024-25,6
Mayiladuthurai,Cowpea,Rabi,0.0,kg/ha,2024-25,Tamil Nadu Department of Economics and Statistics - Districtwise Average Yield Rates of Crops 2024-25,6
Mayiladuthurai,Garlic,Combined,0.0,kg/ha,2024-25,Tamil Nadu Department of Economics and Statistics - Districtwise Average Yield Rates of Crops 2024-25,7
Mayiladuthurai,Gingelly,Combined,422.0,kg/ha,2024-25,Tamil Nadu Department of Economics and Statistics - Districtwise Average Yield Rates of Crops 2024-25,11
Mayiladuthurai,Gingelly,Kharif,487.0,kg/ha,2024-25,Tamil Nadu Department of Economics and Statistics - Districtwise Average Yield Rates of Crops 2024-25,11
Mayiladuthurai,Gingelly,Rabi,414.0,kg/ha,2024-25,Tamil Nadu Department of Economics and Statistics - Districtwise Average Yield Rates of Crops 2024-25,11
Mayiladuthurai,Ginger,Combined,5488.0,kg/ha,2024-25,Tamil Nadu Department of Economics and Statistics - Districtwise Average Yield Rates of Crops 2024-25,7
Mayiladuthurai,Grapes,Combined,0.0,kg/ha,2024-25,Tamil Nadu Department of Economics and Statistics - Districtwise Average Yield Rates of Crops 2024-25,11
Mayiladuthurai,Green Gram,Combined,228.0,kg/ha,2024-25,Tamil Nadu Department of Economics and Statistics - Districtwise Average Yield Rates of Crops 2024-25,5
Mayiladuthurai,Green Gram,Kharif,0.0,kg/ha,2024-25,Tamil Nadu Department of Economics and Statistics - Districtwise Average Yield Rates of Crops 2024-25,5
Mayiladuthurai,Green Gram,Rabi,228.0,kg/ha,2024-25,Tamil Nadu Department of Economics and Statistics - Districtwise Average Yield Rates of Crops 2024-25,5
Mayiladuthurai,Groundnut,Combined,4166.0,kg/ha,2024-25,Tamil Nadu Department of Economics and Statistics - Districtwise Average Yield Rates of Crops 2024-25,11
Mayiladuthurai,Groundnut,Kharif,1970.0,kg/ha,2024-25,Tamil Nadu Department of Economics and Statistics - Districtwise Average Yield Rates of Crops 2024-25,11
Mayiladuthurai,Groundnut,Rabi,4228.0,kg/ha,2024-25,Tamil Nadu Department of Economics and Statistics - Districtwise Average Yield Rates of Crops 2024-25,11
Mayiladuthurai,Guava,Combined,7076.0,kg/ha,2024-25,Tamil Nadu Department of Economics and Statistics - Districtwise Average Yield Rates of Crops 2024-25,11
Mayiladuthurai,Horse Gram,Combined,0.0,kg/ha,2024-25,Tamil Nadu Department of Economics and Statistics - Districtwise Average Yield Rates of Crops 2024-25,5
Mayiladuthurai,Horse Gram,Kharif,0.0,kg/ha,2024-25,Tamil Nadu Department of Economics and Statistics - Districtwise Average Yield Rates of Crops 2024-25,5
Mayiladuthurai,Horse Gram,Rabi,0.0,kg/ha,2024-25,Tamil Nadu Department of Economics and Statistics - Districtwise Average Yield Rates of Crops 2024-25,5
Mayiladuthurai,Jack Fruit,Combined,20056.0,kg/ha,2024-25,Tamil Nadu Department of Economics and Statistics - Districtwise Average Yield Rates of Crops 2024-25,10
Mayiladuthurai,Jowar (Cholam),Combined,0.0,kg/ha,2024-25,Tamil Nadu Department of Economics and Statistics - Districtwise Average Yield Rates of Crops 2024-25,1
Mayiladuthurai,Jowar (Cholam),Kharif,0.0,kg/ha,2024-25,Tamil Nadu Department of Economics and Statistics - Districtwise Average Yield Rates of Crops 2024-25,1
Mayiladuthurai,Jowar (Cholam),Rabi,0.0,kg/ha,2024-25,Tamil Nadu Department of Economics and Statistics - Districtwise Average Yield Rates of Crops 2024-25,1
Mayiladuthurai,Korra,Combined,0.0,kg/ha,2024-25,Tamil Nadu Department of Economics and Statistics - Districtwise Average Yield Rates of Crops 2024-25,3
Mayiladuthurai,Lady's Finger,Combined,11366.0,kg/ha,2024-25,Tamil Nadu Department of Economics and Statistics - Districtwise Average Yield Rates of Crops 2024-25,9
Mayiladuthurai,Lemon,Combined,6533.0,kg/ha,2024-25,Tamil Nadu Department of Economics and Statistics - Districtwise Average Yield Rates of Crops 2024-25,10
Mayiladuthurai,Maize,Combined,5703.0,kg/ha,2024-25,Tamil Nadu Department of Economics and Statistics - Districtwise Average Yield Rates of Crops 2024-25,3
Mayiladuthurai,Maize,Kharif,5923.0,kg/ha,2024-25,Tamil Nadu Department of Economics and Statistics - Districtwise Average Yield Rates of Crops 2024-25,3
Mayiladuthurai,Maize,Rabi,5084.0,kg/ha,2024-25,Tamil Nadu Department of Economics and Statistics - Districtwise Average Yield Rates of Crops 2024-25,3
Mayiladuthurai,Mango,Combined,5855.0,kg/ha,2024-25,Tamil Nadu Department of Economics and Statistics - Districtwise Average Yield Rates of Crops 2024-25,10
Mayiladuthurai,Onion,Combined,0.0,kg/ha,2024-25,Tamil Nadu Department of Economics and Statistics - Districtwise Average Yield Rates of Crops 2024-25,9
Mayiladuthurai,Onion,Kharif,0.0,kg/ha,2024-25,Tamil Nadu Department of Economics and Statistics - Districtwise Average Yield Rates of Crops 2024-25,9
Mayiladuthurai,Onion,Rabi,0.0,kg/ha,2024-25,Tamil Nadu Department of Economics and Statistics - Districtwise Average Yield Rates of Crops 2024-25,9
Mayiladuthurai,Orange,Combined,3912.0,kg/ha,2024-25,Tamil Nadu Department of Economics and Statistics - Districtwise Average Yield Rates of Crops 2024-25,10
Mayiladuthurai,Other Cereals,Combined,0.0,kg/ha,2024-25,Tamil Nadu Department of Economics and Statistics - Districtwise Average Yield Rates of Crops 2024-25,4
Mayiladuthurai,Other Pulses,Combined,0.0,kg/ha,2024-25,Tamil Nadu Department of Economics and Statistics - Districtwise Average Yield Rates of Crops 2024-25,6
Mayiladuthurai,Other Pulses,Kharif,0.0,kg/ha,2024-25,Tamil Nadu Department of Economics and Statistics - Districtwise Average Yield Rates of Crops 2024-25,6
Mayiladuthurai,Other Pulses,Rabi,0.0,kg/ha,2024-25,Tamil Nadu Department of Economics and Statistics - Districtwise Average Yield Rates of Crops 2024-25,6
Mayiladuthurai,Paddy,Combined,3077.0,kg/ha,2024-25,Tamil Nadu Department of Economics and Statistics - Districtwise Average Yield Rates of Crops 2024-25,1
Mayiladuthurai,Paddy,Kar/Kuruvai/Sornavari,3729.0,kg/ha,2024-25,Tamil Nadu Department of Economics and Statistics - Districtwise Average Yield Rates of Crops 2024-25,1
Mayiladuthurai,Paddy,Navarai/Kodai,3874.0,kg/ha,2024-25,Tamil Nadu Department of Economics and Statistics - Districtwise Average Yield Rates of Crops 2024-25,1
Mayiladuthurai,Paddy,Samba/Thaladi/Pishanam,2706.0,kg/ha,2024-25,Tamil Nadu Department of Economics and Statistics - Districtwise Average Yield Rates of Crops 2024-25,1
Mayiladuthurai,Pepper,Combined,0.0,kg/ha,2024-25,Tamil Nadu Department of Economics and Statistics - Districtwise Average Yield Rates of Crops 2024-25,7
Mayiladuthurai,Pine Apple,Combined,0.0,kg/ha,2024-25,Tamil Nadu Department of Economics and Statistics - Districtwise Average Yield Rates of Crops 2024-25,10
Mayiladuthurai,Potato,Combined,0.0,kg/ha,2024-25,Tamil Nadu Department of Economics and Statistics - Districtwise Average Yield Rates of Crops 2024-25,8
Mayiladuthurai,Potato,Kharif,0.0,kg/ha,2024-25,Tamil Nadu Department of Economics and Statistics - Districtwise Average Yield Rates of Crops 2024-25,8
Mayiladuthurai,Potato,Rabi,0.0,kg/ha,2024-25,Tamil Nadu Department of Economics and Statistics - Districtwise Average Yield Rates of Crops 2024-25,8
Mayiladuthurai,Ragi,Combined,6942.0,kg/ha,2024-25,Tamil Nadu Department of Economics and Statistics - Districtwise Average Yield Rates of Crops 2024-25,2
Mayiladuthurai,Ragi,Kharif,3922.0,kg/ha,2024-25,Tamil Nadu Department of Economics and Statistics - Districtwise Average Yield Rates of Crops 2024-25,2
Mayiladuthurai,Ragi,Rabi,6942.0,kg/ha,2024-25,Tamil Nadu Department of Economics and Statistics - Districtwise Average Yield Rates of Crops 2024-25,2
Mayiladuthurai,Rapeseed & Mustard,Combined,0.0,kg/ha,2024-25,Tamil Nadu Department of Economics and Statistics - Districtwise Average Yield Rates of Crops 2024-25,12
Mayiladuthurai,Red Gram,Combined,0.0,kg/ha,2024-25,Tamil Nadu Department of Economics and Statistics - Districtwise Average Yield Rates of Crops 2024-25,4
Mayiladuthurai,Red Gram,Kharif,0.0,kg/ha,2024-25,Tamil Nadu Department of Economics and Statistics - Districtwise Average Yield Rates of Crops 2024-25,4
Mayiladuthurai,Red Gram,Rabi,0.0,kg/ha,2024-25,Tamil Nadu Department of Economics and Statistics - Districtwise Average Yield Rates of Crops 2024-25,4
Mayiladuthurai,Samai,Combined,0.0,kg/ha,2024-25,Tamil Nadu Department of Economics and Statistics - Districtwise Average Yield Rates of Crops 2024-25,4
Mayiladuthurai,Samai,Kharif,0.0,kg/ha,2024-25,Tamil Nadu Department of Economics and Statistics - Districtwise Average Yield Rates of Crops 2024-25,4
Mayiladuthurai,Samai,Rabi,0.0,kg/ha,2024-25,Tamil Nadu Department of Economics and Statistics - Districtwise Average Yield Rates of Crops 2024-25,4
Mayiladuthurai,Sugar Cane,Combined,100.0,tonnes/ha,2024-25,Tamil Nadu Department of Economics and Statistics - Districtwise Average Yield Rates of Crops 2024-25,6
Mayiladuthurai,Sun Flower,Combined,0.0,kg/ha,2024-25,Tamil Nadu Department of Economics and Statistics - Districtwise Average Yield Rates of Crops 2024-25,12
Mayiladuthurai,Sun Flower,Kharif,0.0,kg/ha,2024-25,Tamil Nadu Department of Economics and Statistics - Districtwise Average Yield Rates of Crops 2024-25,12
Mayiladuthurai,Sun Flower,Rabi,0.0,kg/ha,2024-25,Tamil Nadu Department of Economics and Statistics - Districtwise Average Yield Rates of Crops 2024-25,12
Mayiladuthurai,Sweet Potato,Combined,0.0,kg/ha,2024-25,Tamil Nadu Department of Economics and Statistics - Districtwise Average Yield Rates of Crops 2024-25,8
Mayiladuthurai,Tamarind,Combined,2804.0,kg/ha,2024-25,Tamil Nadu Department of Economics and Statistics - Districtwise Average Yield Rates of Crops 2024-25,8
Mayiladuthurai,Tapioca,Combined,40259.0,kg/ha,2024-25,Tamil Nadu Department of Economics and Statistics - Districtwise Average Yield Rates of Crops 2024-25,8
Mayiladuthurai,Tobacco,Combined,0.0,kg/ha,2024-25,Tamil Nadu Department of Economics and Statistics - Districtwise Average Yield Rates of Crops 2024-25,13
Mayiladuthurai,Tomato,Combined,0.0,kg/ha,2024-25,Tamil Nadu Department of Economics and Statistics - Districtwise Average Yield Rates of Crops 2024-25,9
Mayiladuthurai,Turmeric,Combined,0.0,kg/ha,2024-25,Tamil Nadu Department of Economics and Statistics - Districtwise Average Yield Rates of Crops 2024-25,7
Mayiladuthurai,Varagu,Combined,0.0,kg/ha,2024-25,Tamil Nadu Department of Economics and Statistics - Districtwise Average Yield Rates of Crops 2024-25,3
Mayiladuthurai,Varagu,Kharif,0.0,kg/ha,2024-25,Tamil Nadu Department of Economics and Statistics - Districtwise Average Yield Rates of Crops 2024-25,3
Mayiladuthurai,Varagu,Rabi,0.0,kg/ha,2024-25,Tamil Nadu Department of Economics and Statistics - Districtwise Average Yield Rates of Crops 2024-25,3
Nagapattinam,Arecanut,Combined,0.0,kg/ha,2024-25,Tamil Nadu Department of Economics and Statistics - Districtwise Average Yield Rates of Crops 2024-25,7
Nagapattinam,Bajra (Cumbu),Combined,0.0,kg/ha,2024-25,Tamil Nadu Department of Economics and Statistics - Districtwise Average Yield Rates of Crops 2024-25,2
Nagapattinam,Bajra (Cumbu),Kharif,0.0,kg/ha,2024-25,Tamil Nadu Department of Economics and Statistics - Districtwise Average Yield Rates of Crops 2024-25,2
Nagapattinam,Bajra (Cumbu),Rabi,0.0,kg/ha,2024-25,Tamil Nadu Department of Economics and Statistics - Districtwise Average Yield Rates of Crops 2024-25,2
Nagapattinam,Banana,Combined,39691.0,kg/ha,2024-25,Tamil Nadu Department of Economics and Statistics - Districtwise Average Yield Rates of Crops 2024-25,10
Nagapattinam,Bengal Gram,Combined,0.0,kg/ha,2024-25,Tamil Nadu Department of Economics and Statistics - Districtwise Average Yield Rates of Crops 2024-25,4
Nagapattinam,Black Gram,Combined,292.0,kg/ha,2024-25,Tamil Nadu Department of Economics and Statistics - Districtwise Average Yield Rates of Crops 2024-25,5
Nagapattinam,Black Gram,Kharif,531.0,kg/ha,2024-25,Tamil Nadu Department of Economics and Statistics - Districtwise Average Yield Rates of Crops 2024-25,5
Nagapattinam,Black Gram,Rabi,291.0,kg/ha,2024-25,Tamil Nadu Department of Economics and Statistics - Districtwise Average Yield Rates of Crops 2024-25,5
Nagapattinam,Brinjal,Combined,13225.0,kg/ha,2024-25,Tamil Nadu Department of Economics and Statistics - Districtwise Average Yield Rates of Crops 2024-25,9
Nagapattinam,Cabbage,Combined,0.0,kg/ha,2024-25,Tamil Nadu Department of Economics and Statistics - Districtwise Average Yield Rates of Crops 2024-25,9
Nagapattinam,Cardamom,Combined,0.0,kg/ha,2024-25,Tamil Nadu Department of Economics and Statistics - Districtwise Average Yield Rates of Crops 2024-25,8
Nagapattinam,Cashew Nut,Combined,260.0,kg/ha,2024-25,Tamil Nadu Department of Economics and Statistics - Districtwise Average Yield Rates of Crops 2024-25,10
Nagapattinam,Castor,Combined,0.0,kg/ha,2024-25,Tamil Nadu Department of Economics and Statistics - Districtwise Average Yield Rates of Crops 2024-25,12
Nagapattinam,Chillies,Combined,528.0,kg/ha,2024-25,Tamil Nadu Department of Economics and Statistics - Districtwise Average Yield Rates of Crops 2024-25,7
Nagapattinam,Cloves,Combined,0.0,kg/ha,2024-25,Tamil Nadu Department of Economics and Statistics - Districtwise Average Yield Rates of Crops 2024-25,7
Nagapattinam,Coconut,Combined,11269.0,nuts/ha,2024-25,Tamil Nadu Department of Economics and Statistics - Districtwise Average Yield Rates of Crops 2024-25,13
Nagapattinam,Coriander,Combined,0.0,kg/ha,2024-25,Tamil Nadu Department of Economics and Statistics - Districtwise Average Yield Rates of Crops 2024-25,8
Nagapattinam,Cotton,Combined,2637.0,kg/ha,2024-25,Tamil Nadu Department of Economics and Statistics - Districtwise Average Yield Rates of Crops 2024-25,13
Nagapattinam,Cotton,Kharif,0.0,kg/ha,2024-25,Tamil Nadu Department of Economics and Statistics - Districtwise Average Yield Rates of Crops 2024-25,13
Nagapattinam,Cotton,Rabi,448.0,kg/ha,2024-25,Tamil Nadu Department of Economics and Statistics - Districtwise Average Yield Rates of Crops 2024-25,13
Nagapattinam,Cowpea,Combined,0.0,kg/ha,2024-25,Tamil Nadu Department of Economics and Statistics - Districtwise Average Yield Rates of Crops 2024-25,6
Nagapattinam,Cowpea,Kharif,0.0,kg/ha,2024-25,Tamil Nadu Department of Economics and Statistics - Districtwise Average Yield Rates of Crops 2024-25,6
Nagapattinam,Cowpea,Rabi,0.0,kg/ha,2024-25,Tamil Nadu Department of Economics and Statistics - Districtwise Average Yield Rates of Crops 2024-25,6
Nagapattinam,Garlic,Combined,0.0,kg/ha,2024-25,Tamil Nadu Department of Economics and Statistics - Districtwise Average Yield Rates of Crops 2024-25,7
Nagapattinam,Gingelly,Combined,414.0,kg/ha,2024-25,Tamil Nadu Department of Economics and Statistics - Districtwise Average Yield Rates of Crops 2024-25,11
Nagapattinam,Gingelly,Kharif,487.0,kg/ha,2024-25,Tamil Nadu Department of Economics and Statistics - Districtwise Average Yield Rates of Crops 2024-25,11
Nagapattinam,Gingelly,Rabi,414.0,kg/ha,2024-25,Tamil Nadu Department of Economics and Statistics - Districtwise Average Yield Rates of Crops 2024-25,11
Nagapattinam,Ginger,Combined,0.0,kg/ha,2024-25,Tamil Nadu Department of Economics and Statistics - Districtwise Average Yield Rates of Crops 2024-25,7
Nagapattinam,Grapes,Combined,0.0,kg/ha,2024-25,Tamil Nadu Department of Economics and Statistics - Districtwise Average Yield Rates of Crops 2024-25,11
Nagapattinam,Green Gram,Combined,171.0,kg/ha,2024-25,Tamil Nadu Department of Economics and Statistics - Districtwise Average Yield Rates of Crops 2024-25,5
Nagapattinam,Green Gram,Kharif,564.0,kg/ha,2024-25,Tamil Nadu Department of Economics and Statistics - Districtwise Average Yield Rates of Crops 2024-25,5
Nagapattinam,Green Gram,Rabi,171.0,kg/ha,2024-25,Tamil Nadu Department of Economics and Statistics - Districtwise Average Yield Rates of Crops 2024-25,5
Nagapattinam,Groundnut,Combined,3202.0,kg/ha,2024-25,Tamil Nadu Department of Economics and Statistics - Districtwise Average Yield Rates of Crops 2024-25,11
Nagapattinam,Groundnut,Kharif,0.0,kg/ha,2024-25,Tamil Nadu Department of Economics and Statistics - Districtwise Average Yield Rates of Crops 2024-25,11
Nagapattinam,Groundnut,Rabi,3202.0,kg/ha,2024-25,Tamil Nadu Department of Economics and Statistics - Districtwise Average Yield Rates of Crops 2024-25,11
Nagapattinam,Guava,Combined,7076.0,kg/ha,2024-25,Tamil Nadu Department of Economics and Statistics - Districtwise Average Yield Rates of Crops 2024-25,11
Nagapattinam,Horse Gram,Combined,0.0,kg/ha,2024-25,Tamil Nadu Department of Economics and Statistics - Districtwise Average Yield Rates of Crops 2024-25,5
Nagapattinam,Horse Gram,Kharif,0.0,kg/ha,2024-25,Tamil Nadu Department of Economics and Statistics - Districtwise Average Yield Rates of Crops 2024-25,5
Nagapattinam,Horse Gram,Rabi,0.0,kg/ha,2024-25,Tamil Nadu Department of Economics and Statistics - Districtwise Average Yield Rates of Crops 2024-25,5
Nagapattinam,Jack Fruit,Combined,20056.0,kg/ha,2024-25,Tamil Nadu Department of Economics and Statistics - Districtwise Average Yield Rates of Crops 2024-25,10
Nagapattinam,Jowar (Cholam),Combined,0.0,kg/ha,2024-25,Tamil Nadu Department of Economics and Statistics - Districtwise Average Yield Rates of Crops 2024-25,1
Nagapattinam,Jowar (Cholam),Kharif,0.0,kg/ha,2024-25,Tamil Nadu Department of Economics and Statistics - Districtwise Average Yield Rates of Crops 2024-25,1
Nagapattinam,Jowar (Cholam),Rabi,0.0,kg/ha,2024-25,Tamil Nadu Department of Economics and Statistics - Districtwise Average Yield Rates of Crops 2024-25,1
Nagapattinam,Korra,Combined,0.0,kg/ha,2024-25,Tamil Nadu Department of Economics and Statistics - Districtwise Average Yield Rates of Crops 2024-25,3
Nagapattinam,Lady's Finger,Combined,11366.0,kg/ha,2024-25,Tamil Nadu Department of Economics and Statistics - Districtwise Average Yield Rates of Crops 2024-25,9
Nagapattinam,Lemon,Combined,6533.0,kg/ha,2024-25,Tamil Nadu Department of Economics and Statistics - Districtwise Average Yield Rates of Crops 2024-25,10
Nagapattinam,Maize,Combined,5923.0,kg/ha,2024-25,Tamil Nadu Department of Economics and Statistics - Districtwise Average Yield Rates of Crops 2024-25,3
Nagapattinam,Maize,Kharif,5923.0,kg/ha,2024-25,Tamil Nadu Department of Economics and Statistics - Districtwise Average Yield Rates of Crops 2024-25,3
Nagapattinam,Maize,Rabi,0.0,kg/ha,2024-25,Tamil Nadu Department of Economics and Statistics - Districtwise Average Yield Rates of Crops 2024-25,3
Nagapattinam,Mango,Combined,2967.0,kg/ha,2024-25,Tamil Nadu Department of Economics and Statistics - Districtwise Average Yield Rates of Crops 2024-25,10
Nagapattinam,Onion,Combined,0.0,kg/ha,2024-25,Tamil Nadu Department of Economics and Statistics - Districtwise Average Yield Rates of Crops 2024-25,9
Nagapattinam,Onion,Kharif,0.0,kg/ha,2024-25,Tamil Nadu Department of Economics and Statistics - Districtwise Average Yield Rates of Crops 2024-25,9
Nagapattinam,Onion,Rabi,0.0,kg/ha,2024-25,Tamil Nadu Department of Economics and Statistics - Districtwise Average Yield Rates of Crops 2024-25,9
Nagapattinam,Orange,Combined,0.0,kg/ha,2024-25,Tamil Nadu Department of Economics and Statistics - Districtwise Average Yield Rates of Crops 2024-25,10
Nagapattinam,Other Cereals,Combined,0.0,kg/ha,2024-25,Tamil Nadu Department of Economics and Statistics - Districtwise Average Yield Rates of Crops 2024-25,4
Nagapattinam,Other Pulses,Combined,0.0,kg/ha,2024-25,Tamil Nadu Department of Economics and Statistics - Districtwise Average Yield Rates of Crops 2024-25,6
Nagapattinam,Other Pulses,Kharif,0.0,kg/ha,2024-25,Tamil Nadu Department of Economics and Statistics - Districtwise Average Yield Rates of Crops 2024-25,6
Nagapattinam,Other Pulses,Rabi,0.0,kg/ha,2024-25,Tamil Nadu Department of Economics and Statistics - Districtwise Average Yield Rates of Crops 2024-25,6
Nagapattinam,Paddy,Combined,2611.0,kg/ha,2024-25,Tamil Nadu Department of Economics and Statistics - Districtwise Average Yield Rates of Crops 2024-25,1
Nagapattinam,Paddy,Kar/Kuruvai/Sornavari,2955.0,kg/ha,2024-25,Tamil Nadu Department of Economics and Statistics - Districtwise Average Yield Rates of Crops 2024-25,1
Nagapattinam,Paddy,Navarai/Kodai,3874.0,kg/ha,2024-25,Tamil Nadu Department of Economics and Statistics - Districtwise Average Yield Rates of Crops 2024-25,1
Nagapattinam,Paddy,Samba/Thaladi/Pishanam,2567.0,kg/ha,2024-25,Tamil Nadu Department of Economics and Statistics - Districtwise Average Yield Rates of Crops 2024-25,1
Nagapattinam,Pepper,Combined,0.0,kg/ha,2024-25,Tamil Nadu Department of Economics and Statistics - Districtwise Average Yield Rates of Crops 2024-25,7
Nagapattinam,Pine Apple,Combined,0.0,kg/ha,2024-25,Tamil Nadu Department of Economics and Statistics - Districtwise Average Yield Rates of Crops 2024-25,10
Nagapattinam,Potato,Combined,0.0,kg/ha,2024-25,Tamil Nadu Department of Economics and Statistics - Districtwise Average Yield Rates of Crops 2024-25,8
Nagapattinam,Potato,Kharif,0.0,kg/ha,2024-25,Tamil Nadu Department of Economics and Statistics - Districtwise Average Yield Rates of Crops 2024-25,8
Nagapattinam,Potato,Rabi,0.0,kg/ha,2024-25,Tamil Nadu Department of Economics and Statistics - Districtwise Average Yield Rates of Crops 2024-25,8
Nagapattinam,Ragi,Combined,6855.0,kg/ha,2024-25,Tamil Nadu Department of Economics and Statistics - Districtwise Average Yield Rates of Crops 2024-25,2
Nagapattinam,Ragi,Kharif,3922.0,kg/ha,2024-25,Tamil Nadu Department of Economics and Statistics - Districtwise Average Yield Rates of Crops 2024-25,2
Nagapattinam,Ragi,Rabi,6942.0,kg/ha,2024-25,Tamil Nadu Department of Economics and Statistics - Districtwise Average Yield Rates of Crops 2024-25,2
Nagapattinam,Rapeseed & Mustard,Combined,0.0,kg/ha,2024-25,Tamil Nadu Department of Economics and Statistics - Districtwise Average Yield Rates of Crops 2024-25,12
Nagapattinam,Red Gram,Combined,0.0,kg/ha,2024-25,Tamil Nadu Department of Economics and Statistics - Districtwise Average Yield Rates of Crops 2024-25,4
Nagapattinam,Red Gram,Kharif,0.0,kg/ha,2024-25,Tamil Nadu Department of Economics and Statistics - Districtwise Average Yield Rates of Crops 2024-25,4
Nagapattinam,Red Gram,Rabi,0.0,kg/ha,2024-25,Tamil Nadu Department of Economics and Statistics - Districtwise Average Yield Rates of Crops 2024-25,4
Nagapattinam,Samai,Combined,0.0,kg/ha,2024-25,Tamil Nadu Department of Economics and Statistics - Districtwise Average Yield Rates of Crops 2024-25,4
Nagapattinam,Samai,Kharif,0.0,kg/ha,2024-25,Tamil Nadu Department of Economics and Statistics - Districtwise Average Yield Rates of Crops 2024-25,4
Nagapattinam,Samai,Rabi,0.0,kg/ha,2024-25,Tamil Nadu Department of Economics and Statistics - Districtwise Average Yield Rates of Crops 2024-25,4
Nagapattinam,Sugar Cane,Combined,108.0,tonnes/ha,2024-25,Tamil Nadu Department of Economics and Statistics - Districtwise Average Yield Rates of Crops 2024-25,6
Nagapattinam,Sun Flower,Combined,0.0,kg/ha,2024-25,Tamil Nadu Department of Economics and Statistics - Districtwise Average Yield Rates of Crops 2024-25,12
Nagapattinam,Sun Flower,Kharif,0.0,kg/ha,2024-25,Tamil Nadu Department of Economics and Statistics - Districtwise Average Yield Rates of Crops 2024-25,12
Nagapattinam,Sun Flower,Rabi,0.0,kg/ha,2024-25,Tamil Nadu Department of Economics and Statistics - Districtwise Average Yield Rates of Crops 2024-25,12
Nagapattinam,Sweet Potato,Combined,0.0,kg/ha,2024-25,Tamil Nadu Department of Economics and Statistics - Districtwise Average Yield Rates of Crops 2024-25,8
Nagapattinam,Tamarind,Combined,2559.0,kg/ha,2024-25,Tamil Nadu Department of Economics and Statistics - Districtwise Average Yield Rates of Crops 2024-25,8
Nagapattinam,Tapioca,Combined,40259.0,kg/ha,2024-25,Tamil Nadu Department of Economics and Statistics - Districtwise Average Yield Rates of Crops 2024-25,8
Nagapattinam,Tobacco,Combined,1525.0,kg/ha,2024-25,Tamil Nadu Department of Economics and Statistics - Districtwise Average Yield Rates of Crops 2024-25,13
Nagapattinam,Tomato,Combined,0.0,kg/ha,2024-25,Tamil Nadu Department of Economics and Statistics - Districtwise Average Yield Rates of Crops 2024-25,9
Nagapattinam,Turmeric,Combined,0.0,kg/ha,2024-25,Tamil Nadu Department of Economics and Statistics - Districtwise Average Yield Rates of Crops 2024-25,7
Nagapattinam,Varagu,Combined,0.0,kg/ha,2024-25,Tamil Nadu Department of Economics and Statistics - Districtwise Average Yield Rates of Crops 2024-25,3
Nagapattinam,Varagu,Kharif,0.0,kg/ha,2024-25,Tamil Nadu Department of Economics and Statistics - Districtwise Average Yield Rates of Crops 2024-25,3
Nagapattinam,Varagu,Rabi,0.0,kg/ha,2024-25,Tamil Nadu Department of Economics and Statistics - Districtwise Average Yield Rates of Crops 2024-25,3
Namakkal,Arecanut,Combined,2473.0,kg/ha,2024-25,Tamil Nadu Department of Economics and Statistics - Districtwise Average Yield Rates of Crops 2024-25,7
Namakkal,Bajra (Cumbu),Combined,2516.0,kg/ha,2024-25,Tamil Nadu Department of Economics and Statistics - Districtwise Average Yield Rates of Crops 2024-25,2
Namakkal,Bajra (Cumbu),Kharif,2652.0,kg/ha,2024-25,Tamil Nadu Department of Economics and Statistics - Districtwise Average Yield Rates of Crops 2024-25,2
Namakkal,Bajra (Cumbu),Rabi,1597.0,kg/ha,2024-25,Tamil Nadu Department of Economics and Statistics - Districtwise Average Yield Rates of Crops 2024-25,2
Namakkal,Banana,Combined,42762.0,kg/ha,2024-25,Tamil Nadu Department of Economics and Statistics - Districtwise Average Yield Rates of Crops 2024-25,10
Namakkal,Bengal Gram,Combined,926.0,kg/ha,2024-25,Tamil Nadu Department of Economics and Statistics - Districtwise Average Yield Rates of Crops 2024-25,4
Namakkal,Black Gram,Combined,475.0,kg/ha,2024-25,Tamil Nadu Department of Economics and Statistics - Districtwise Average Yield Rates of Crops 2024-25,5
Namakkal,Black Gram,Kharif,531.0,kg/ha,2024-25,Tamil Nadu Department of Economics and Statistics - Districtwise Average Yield Rates of Crops 2024-25,5
Namakkal,Black Gram,Rabi,456.0,kg/ha,2024-25,Tamil Nadu Department of Economics and Statistics - Districtwise Average Yield Rates of Crops 2024-25,5
Namakkal,Brinjal,Combined,14652.0,kg/ha,2024-25,Tamil Nadu Department of Economics and Statistics - Districtwise Average Yield Rates of Crops 2024-25,9
Namakkal,Cabbage,Combined,71595.0,kg/ha,2024-25,Tamil Nadu Department of Economics and Statistics - Districtwise Average Yield Rates of Crops 2024-25,9
Namakkal,Cardamom,Combined,101.0,kg/ha,2024-25,Tamil Nadu Department of Economics and Statistics - Districtwise Average Yield Rates of Crops 2024-25,8
Namakkal,Cashew Nut,Combined,364.0,kg/ha,2024-25,Tamil Nadu Department of Economics and Statistics - Districtwise Average Yield Rates of Crops 2024-25,10
Namakkal,Castor,Combined,312.0,kg/ha,2024-25,Tamil Nadu Department of Economics and Statistics - Districtwise Average Yield Rates of Crops 2024-25,12
Namakkal,Chillies,Combined,528.0,kg/ha,2024-25,Tamil Nadu Department of Economics and Statistics - Districtwise Average Yield Rates of Crops 2024-25,7
Namakkal,Cloves,Combined,959.0,kg/ha,2024-25,Tamil Nadu Department of Economics and Statistics - Districtwise Average Yield Rates of Crops 2024-25,7
Namakkal,Coconut,Combined,11053.0,nuts/ha,2024-25,Tamil Nadu Department of Economics and Statistics - Districtwise Average Yield Rates of Crops 2024-25,13
Namakkal,Coriander,Combined,444.0,kg/ha,2024-25,Tamil Nadu Department of Economics and Statistics - Districtwise Average Yield Rates of Crops 2024-25,8
Namakkal,Cotton,Combined,2348.0,kg/ha,2024-25,Tamil Nadu Department of Economics and Statistics - Districtwise Average Yield Rates of Crops 2024-25,13
Namakkal,Cotton,Kharif,407.0,kg/ha,2024-25,Tamil Nadu Department of Economics and Statistics - Districtwise Average Yield Rates of Crops 2024-25,13
Namakkal,Cotton,Rabi,386.0,kg/ha,2024-25,Tamil Nadu Department of Economics and Statistics - Districtwise Average Yield Rates of Crops 2024-25,13
Namakkal,Cowpea,Combined,581.0,kg/ha,2024-25,Tamil Nadu Department of Economics and Statistics - Districtwise Average Yield Rates of Crops 2024-25,6
Namakkal,Cowpea,Kharif,604.0,kg/ha,2024-25,Tamil Nadu Department of Economics and Statistics - Districtwise Average Yield Rates of Crops 2024-25,6
Namakkal,Cowpea,Rabi,549.0,kg/ha,2024-25,Tamil Nadu Department of Economics and Statistics - Districtwise Average Yield Rates of Crops 2024-25,6
Namakkal,Garlic,Combined,5712.0,kg/ha,2024-25,Tamil Nadu Department of Economics and Statistics - Districtwise Average Yield Rates of Crops 2024-25,7
Namakkal,Gingelly,Combined,883.0,kg/ha,2024-25,Tamil Nadu Department of Economics and Statistics - Districtwise Average Yield Rates of Crops 2024-25,11
Namakkal,Gingelly,Kharif,487.0,kg/ha,2024-25,Tamil Nadu Department of Economics and Statistics - Districtwise Average Yield Rates of Crops 2024-25,11
Namakkal,Gingelly,Rabi,987.0,kg/ha,2024-25,Tamil Nadu Department of Economics and Statistics - Districtwise Average Yield Rates of Crops 2024-25,11
Namakkal,Ginger,Combined,6713.0,kg/ha,2024-25,Tamil Nadu Department of Economics and Statistics - Districtwise Average Yield Rates of Crops 2024-25,7
Namakkal,Grapes,Combined,41573.0,kg/ha,2024-25,Tamil Nadu Department of Economics and Statistics - Districtwise Average Yield Rates of Crops 2024-25,11
Namakkal,Green Gram,Combined,588.0,kg/ha,2024-25,Tamil Nadu Department of Economics and Statistics - Districtwise Average Yield Rates of Crops 2024-25,5
Namakkal,Green Gram,Kharif,679.0,kg/ha,2024-25,Tamil Nadu Department of Economics and Statistics - Districtwise Average Yield Rates of Crops 2024-25,5
Namakkal,Green Gram,Rabi,248.0,kg/ha,2024-25,Tamil Nadu Department of Economics and Statistics - Districtwise Average Yield Rates of Crops 2024-25,5
Namakkal,Groundnut,Combined,2175.0,kg/ha,2024-25,Tamil Nadu Department of Economics and Statistics - Districtwise Average Yield Rates of Crops 2024-25,11
Namakkal,Groundnut,Kharif,1998.0,kg/ha,2024-25,Tamil Nadu Department of Economics and Statistics - Districtwise Average Yield Rates of Crops 2024-25,11
Namakkal,Groundnut,Rabi,3322.0,kg/ha,2024-25,Tamil Nadu Department of Economics and Statistics - Districtwise Average Yield Rates of Crops 2024-25,11
Namakkal,Guava,Combined,7076.0,kg/ha,2024-25,Tamil Nadu Department of Economics and Statistics - Districtwise Average Yield Rates of Crops 2024-25,11
Namakkal,Horse Gram,Combined,694.0,kg/ha,2024-25,Tamil Nadu Department of Economics and Statistics - Districtwise Average Yield Rates of Crops 2024-25,5
Namakkal,Horse Gram,Kharif,604.0,kg/ha,2024-25,Tamil Nadu Department of Economics and Statistics - Districtwise Average Yield Rates of Crops 2024-25,5
Namakkal,Horse Gram,Rabi,710.0,kg/ha,2024-25,Tamil Nadu Department of Economics and Statistics - Districtwise Average Yield Rates of Crops 2024-25,5
Namakkal,Jack Fruit,Combined,9940.0,kg/ha,2024-25,Tamil Nadu Department of Economics and Statistics - Districtwise Average Yield Rates of Crops 2024-25,10
Namakkal,Jowar (Cholam),Combined,908.0,kg/ha,2024-25,Tamil Nadu Department of Economics and Statistics - Districtwise Average Yield Rates of Crops 2024-25,1
Namakkal,Jowar (Cholam),Kharif,929.0,kg/ha,2024-25,Tamil Nadu Department of Economics and Statistics - Districtwise Average Yield Rates of Crops 2024-25,1
Namakkal,Jowar (Cholam),Rabi,889.0,kg/ha,2024-25,Tamil Nadu Department of Economics and Statistics - Districtwise Average Yield Rates of Crops 2024-25,1
Namakkal,Korra,Combined,470.0,kg/ha,2024-25,Tamil Nadu Department of Economics and Statistics - Districtwise Average Yield Rates of Crops 2024-25,3
Namakkal,Lady's Finger,Combined,11366.0,kg/ha,2024-25,Tamil Nadu Department of Economics and Statistics - Districtwise Average Yield Rates of Crops 2024-25,9
Namakkal,Lemon,Combined,6533.0,kg/ha,2024-25,Tamil Nadu Department of Economics and Statistics - Districtwise Average Yield Rates of Crops 2024-25,10
Namakkal,Maize,Combined,6042.0,kg/ha,2024-25,Tamil Nadu Department of Economics and Statistics - Districtwise Average Yield Rates of Crops 2024-25,3
Namakkal,Maize,Kharif,5923.0,kg/ha,2024-25,Tamil Nadu Department of Economics and Statistics - Districtwise Average Yield Rates of Crops 2024-25,3
Namakkal,Maize,Rabi,6197.0,kg/ha,2024-25,Tamil Nadu Department of Economics and Statistics - Districtwise Average Yield Rates of Crops 2024-25,3
Namakkal,Mango,Combined,14957.0,kg/ha,2024-25,Tamil Nadu Department of Economics and Statistics - Districtwise Average Yield Rates of Crops 2024-25,10
Namakkal,Onion,Combined,11206.0,kg/ha,2024-25,Tamil Nadu Department of Economics and Statistics - Districtwise Average Yield Rates of Crops 2024-25,9
Namakkal,Onion,Kharif,10898.0,kg/ha,2024-25,Tamil Nadu Department of Economics and Statistics - Districtwise Average Yield Rates of Crops 2024-25,9
Namakkal,Onion,Rabi,11418.0,kg/ha,2024-25,Tamil Nadu Department of Economics and Statistics - Districtwise Average Yield Rates of Crops 2024-25,9
Namakkal,Orange,Combined,3912.0,kg/ha,2024-25,Tamil Nadu Department of Economics and Statistics - Districtwise Average Yield Rates of Crops 2024-25,10
Namakkal,Other Cereals,Combined,0.0,kg/ha,2024-25,Tamil Nadu Department of Economics and Statistics - Districtwise Average Yield Rates of Crops 2024-25,4
Namakkal,Other Pulses,Combined,585.0,kg/ha,2024-25,Tamil Nadu Department of Economics and Statistics - Districtwise Average Yield Rates of Crops 2024-25,6
Namakkal,Other Pulses,Kharif,585.0,kg/ha,2024-25,Tamil Nadu Department of Economics and Statistics - Districtwise Average Yield Rates of Crops 2024-25,6
Namakkal,Other Pulses,Rabi,585.0,kg/ha,2024-25,Tamil Nadu Department of Economics and Statistics - Districtwise Average Yield Rates of Crops 2024-25,6
Namakkal,Paddy,Combined,3900.0,kg/ha,2024-25,Tamil Nadu Department of Economics and Statistics - Districtwise Average Yield Rates of Crops 2024-25,1
Namakkal,Paddy,Kar/Kuruvai/Sornavari,3689.0,kg/ha,2024-25,Tamil Nadu Department of Economics and Statistics - Districtwise Average Yield Rates of Crops 2024-25,1
Namakkal,Paddy,Navarai/Kodai,3874.0,kg/ha,2024-25,Tamil Nadu Department of Economics and Statistics - Districtwise Average Yield Rates of Crops 2024-25,1
Namakkal,Paddy,Samba/Thaladi/Pishanam,3922.0,kg/ha,2024-25,Tamil Nadu Department of Economics and Statistics - Districtwise Average Yield Rates of Crops 2024-25,1
Namakkal,Pepper,Combined,192.0,kg/ha,2024-25,Tamil Nadu Department of Economics and Statistics - Districtwise Average Yield Rates of Crops 2024-25,7
Namakkal,Pine Apple,Combined,32036.0,kg/ha,2024-25,Tamil Nadu Department of Economics and Statistics - Districtwise Average Yield Rates of Crops 2024-25,10
Namakkal,Potato,Combined,0.0,kg/ha,2024-25,Tamil Nadu Department of Economics and Statistics - Districtwise Average Yield Rates of Crops 2024-25,8
Namakkal,Potato,Kharif,0.0,kg/ha,2024-25,Tamil Nadu Department of Economics and Statistics - Districtwise Average Yield Rates of Crops 2024-25,8
Namakkal,Potato,Rabi,0.0,kg/ha,2024-25,Tamil Nadu Department of Economics and Statistics - Districtwise Average Yield Rates of Crops 2024-25,8
Namakkal,Ragi,Combined,3870.0,kg/ha,2024-25,Tamil Nadu Department of Economics and Statistics - Districtwise Average Yield Rates of Crops 2024-25,2
Namakkal,Ragi,Kharif,3553.0,kg/ha,2024-25,Tamil Nadu Department of Economics and Statistics - Districtwise Average Yield Rates of Crops 2024-25,2
Namakkal,Ragi,Rabi,6942.0,kg/ha,2024-25,Tamil Nadu Department of Economics and Statistics - Districtwise Average Yield Rates of Crops 2024-25,2
Namakkal,Rapeseed & Mustard,Combined,0.0,kg/ha,2024-25,Tamil Nadu Department of Economics and Statistics - Districtwise Average Yield Rates of Crops 2024-25,12
Namakkal,Red Gram,Combined,1016.0,kg/ha,2024-25,Tamil Nadu Department of Economics and Statistics - Districtwise Average Yield Rates of Crops 2024-25,4
Namakkal,Red Gram,Kharif,1015.0,kg/ha,2024-25,Tamil Nadu Department of Economics and Statistics - Districtwise Average Yield Rates of Crops 2024-25,4
Namakkal,Red Gram,Rabi,1026.0,kg/ha,2024-25,Tamil Nadu Department of Economics and Statistics - Districtwise Average Yield Rates of Crops 2024-25,4
Namakkal,Samai,Combined,1328.0,kg/ha,2024-25,Tamil Nadu Department of Economics and Statistics - Districtwise Average Yield Rates of Crops 2024-25,4
Namakkal,Samai,Kharif,1285.0,kg/ha,2024-25,Tamil Nadu Department of Economics and Statistics - Districtwise Average Yield Rates of Crops 2024-25,4
Namakkal,Samai,Rabi,1456.0,kg/ha,2024-25,Tamil Nadu Department of Economics and Statistics - Districtwise Average Yield Rates of Crops 2024-25,4
Namakkal,Sugar Cane,Combined,131.0,tonnes/ha,2024-25,Tamil Nadu Department of Economics and Statistics - Districtwise Average Yield Rates of Crops 2024-25,6
Namakkal,Sun Flower,Combined,1935.0,kg/ha,2024-25,Tamil Nadu Department of Economics and Statistics - Districtwise Average Yield Rates of Crops 2024-25,12
Namakkal,Sun Flower,Kharif,1935.0,kg/ha,2024-25,Tamil Nadu Department of Economics and Statistics - Districtwise Average Yield Rates of Crops 2024-25,12
Namakkal,Sun Flower,Rabi,0.0,kg/ha,2024-25,Tamil Nadu Department of Economics and Statistics - Districtwise Average Yield Rates of Crops 2024-25,12
Namakkal,Sweet Potato,Combined,19336.0,kg/ha,2024-25,Tamil Nadu Department of Economics and Statistics - Districtwise Average Yield Rates of Crops 2024-25,8
Namakkal,Tamarind,Combined,3596.0,kg/ha,2024-25,Tamil Nadu Department of Economics and Statistics - Districtwise Average Yield Rates of Crops 2024-25,8
Namakkal,Tapioca,Combined,34036.0,kg/ha,2024-25,Tamil Nadu Department of Economics and Statistics - Districtwise Average Yield Rates of Crops 2024-25,8
Namakkal,Tobacco,Combined,0.0,kg/ha,2024-25,Tamil Nadu Department of Economics and Statistics - Districtwise Average Yield Rates of Crops 2024-25,13
Namakkal,Tomato,Combined,19663.0,kg/ha,2024-25,Tamil Nadu Department of Economics and Statistics - Districtwise Average Yield Rates of Crops 2024-25,9
Namakkal,Turmeric,Combined,46519.0,kg/ha,2024-25,Tamil Nadu Department of Economics and Statistics - Districtwise Average Yield Rates of Crops 2024-25,7
Namakkal,Varagu,Combined,0.0,kg/ha,2024-25,Tamil Nadu Department of Economics and Statistics - Districtwise Average Yield Rates of Crops 2024-25,3
Namakkal,Varagu,Kharif,0.0,kg/ha,2024-25,Tamil Nadu Department of Economics and Statistics - Districtwise Average Yield Rates of Crops 2024-25,3
Namakkal,Varagu,Rabi,0.0,kg/ha,2024-25,Tamil Nadu Department of Economics and Statistics - Districtwise Average Yield Rates of Crops 2024-25,3
Perambalur,Arecanut,Combined,2307.0,kg/ha,2024-25,Tamil Nadu Department of Economics and Statistics - Districtwise Average Yield Rates of Crops 2024-25,7
Perambalur,Bajra (Cumbu),Combined,2432.0,kg/ha,2024-25,Tamil Nadu Department of Economics and Statistics - Districtwise Average Yield Rates of Crops 2024-25,2
Perambalur,Bajra (Cumbu),Kharif,2652.0,kg/ha,2024-25,Tamil Nadu Department of Economics and Statistics - Districtwise Average Yield Rates of Crops 2024-25,2
Perambalur,Bajra (Cumbu),Rabi,1597.0,kg/ha,2024-25,Tamil Nadu Department of Economics and Statistics - Districtwise Average Yield Rates of Crops 2024-25,2
Perambalur,Banana,Combined,39691.0,kg/ha,2024-25,Tamil Nadu Department of Economics and Statistics - Districtwise Average Yield Rates of Crops 2024-25,10
Perambalur,Bengal Gram,Combined,0.0,kg/ha,2024-25,Tamil Nadu Department of Economics and Statistics - Districtwise Average Yield Rates of Crops 2024-25,4
Perambalur,Black Gram,Combined,491.0,kg/ha,2024-25,Tamil Nadu Department of Economics and Statistics - Districtwise Average Yield Rates of Crops 2024-25,5
Perambalur,Black Gram,Kharif,531.0,kg/ha,2024-25,Tamil Nadu Department of Economics and Statistics - Districtwise Average Yield Rates of Crops 2024-25,5
Perambalur,Black Gram,Rabi,456.0,kg/ha,2024-25,Tamil Nadu Department of Economics and Statistics - Districtwise Average Yield Rates of Crops 2024-25,5
Perambalur,Brinjal,Combined,13225.0,kg/ha,2024-25,Tamil Nadu Department of Economics and Statistics - Districtwise Average Yield Rates of Crops 2024-25,9
Perambalur,Cabbage,Combined,71595.0,kg/ha,2024-25,Tamil Nadu Department of Economics and Statistics - Districtwise Average Yield Rates of Crops 2024-25,9
Perambalur,Cardamom,Combined,0.0,kg/ha,2024-25,Tamil Nadu Department of Economics and Statistics - Districtwise Average Yield Rates of Crops 2024-25,8
Perambalur,Cashew Nut,Combined,364.0,kg/ha,2024-25,Tamil Nadu Department of Economics and Statistics - Districtwise Average Yield Rates of Crops 2024-25,10
Perambalur,Castor,Combined,312.0,kg/ha,2024-25,Tamil Nadu Department of Economics and Statistics - Districtwise Average Yield Rates of Crops 2024-25,12
Perambalur,Chillies,Combined,528.0,kg/ha,2024-25,Tamil Nadu Department of Economics and Statistics - Districtwise Average Yield Rates of Crops 2024-25,7
Perambalur,Cloves,Combined,0.0,kg/ha,2024-25,Tamil Nadu Department of Economics and Statistics - Districtwise Average Yield Rates of Crops 2024-25,7
Perambalur,Coconut,Combined,10157.0,nuts/ha,2024-25,Tamil Nadu Department of Economics and Statistics - Districtwise Average Yield Rates of Crops 2024-25,13
Perambalur,Coriander,Combined,444.0,kg/ha,2024-25,Tamil Nadu Department of Economics and Statistics - Districtwise Average Yield Rates of Crops 2024-25,8
Perambalur,Cotton,Combined,1960.0,kg/ha,2024-25,Tamil Nadu Department of Economics and Statistics - Districtwise Average Yield Rates of Crops 2024-25,13
Perambalur,Cotton,Kharif,333.0,kg/ha,2024-25,Tamil Nadu Department of Economics and Statistics - Districtwise Average Yield Rates of Crops 2024-25,13
Perambalur,Cotton,Rabi,386.0,kg/ha,2024-25,Tamil Nadu Department of Economics and Statistics - Districtwise Average Yield Rates of Crops 2024-25,13
Perambalur,Cowpea,Combined,604.0,kg/ha,2024-25,Tamil Nadu Department of Economics and Statistics - Districtwise Average Yield Rates of Crops 2024-25,6
Perambalur,Cowpea,Kharif,604.0,kg/ha,2024-25,Tamil Nadu Department of Economics and Statistics - Districtwise Average Yield Rates of Crops 2024-25,6
Perambalur,Cowpea,Rabi,0.0,kg/ha,2024-25,Tamil Nadu Department of Economics and Statistics - Districtwise Average Yield Rates of Crops 2024-25,6
Perambalur,Garlic,Combined,0.0,kg/ha,2024-25,Tamil Nadu Department of Economics and Statistics - Districtwise Average Yield Rates of Crops 2024-25,7
Perambalur,Gingelly,Combined,422.0,kg/ha,2024-25,Tamil Nadu Department of Economics and Statistics - Districtwise Average Yield Rates of Crops 2024-25,11
Perambalur,Gingelly,Kharif,487.0,kg/ha,2024-25,Tamil Nadu Department of Economics and Statistics - Districtwise Average Yield Rates of Crops 2024-25,11
Perambalur,Gingelly,Rabi,414.0,kg/ha,2024-25,Tamil Nadu Department of Economics and Statistics - Districtwise Average Yield Rates of Crops 2024-25,11
Perambalur,Ginger,Combined,5163.0,kg/ha,2024-25,Tamil Nadu Department of Economics and Statistics - Districtwise Average Yield Rates of Crops 2024-25,7
Perambalur,Grapes,Combined,41573.0,kg/ha,2024-25,Tamil Nadu Department of Economics and Statistics - Districtwise Average Yield Rates of Crops 2024-25,11
Perambalur,Green Gram,Combined,0.0,kg/ha,2024-25,Tamil Nadu Department of Economics and Statistics - Districtwise Average Yield Rates of Crops 2024-25,5
Perambalur,Green Gram,Kharif,0.0,kg/ha,2024-25,Tamil Nadu Department of Economics and Statistics - Districtwise Average Yield Rates of Crops 2024-25,5
Perambalur,Green Gram,Rabi,0.0,kg/ha,2024-25,Tamil Nadu Department of Economics and Statistics - Districtwise Average Yield Rates of Crops 2024-25,5
Perambalur,Groundnut,Combined,2643.0,kg/ha,2024-25,Tamil Nadu Department of Economics and Statistics - Districtwise Average Yield Rates of Crops 2024-25,11
Perambalur,Groundnut,Kharif,1970.0,kg/ha,2024-25,Tamil Nadu Department of Economics and Statistics - Districtwise Average Yield Rates of Crops 2024-25,11
Perambalur,Groundnut,Rabi,3066.0,kg/ha,2024-25,Tamil Nadu Department of Economics and Statistics - Districtwise Average Yield Rates of Crops 2024-25,11
Perambalur,Guava,Combined,7076.0,kg/ha,2024-25,Tamil Nadu Department of Economics and Statistics - Districtwise Average Yield Rates of Crops 2024-25,11
Perambalur,Horse Gram,Combined,0.0,kg/ha,2024-25,Tamil Nadu Department of Economics and Statistics - Districtwise Average Yield Rates of Crops 2024-25,5
Perambalur,Horse Gram,Kharif,0.0,kg/ha,2024-25,Tamil Nadu Department of Economics and Statistics - Districtwise Average Yield Rates of Crops 2024-25,5
Perambalur,Horse Gram,Rabi,0.0,kg/ha,2024-25,Tamil Nadu Department of Economics and Statistics - Districtwise Average Yield Rates of Crops 2024-25,5
Perambalur,Jack Fruit,Combined,20056.0,kg/ha,2024-25,Tamil Nadu Department of Economics and Statistics - Districtwise Average Yield Rates of Crops 2024-25,10
Perambalur,Jowar (Cholam),Combined,1279.0,kg/ha,2024-25,Tamil Nadu Department of Economics and Statistics - Districtwise Average Yield Rates of Crops 2024-25,1
Perambalur,Jowar (Cholam),Kharif,1293.0,kg/ha,2024-25,Tamil Nadu Department of Economics and Statistics - Districtwise Average Yield Rates of Crops 2024-25,1
Perambalur,Jowar (Cholam),Rabi,1147.0,kg/ha,2024-25,Tamil Nadu Department of Economics and Statistics - Districtwise Average Yield Rates of Crops 2024-25,1
Perambalur,Korra,Combined,0.0,kg/ha,2024-25,Tamil Nadu Department of Economics and Statistics - Districtwise Average Yield Rates of Crops 2024-25,3
Perambalur,Lady's Finger,Combined,11366.0,kg/ha,2024-25,Tamil Nadu Department of Economics and Statistics - Districtwise Average Yield Rates of Crops 2024-25,9
Perambalur,Lemon,Combined,27861.0,kg/ha,2024-25,Tamil Nadu Department of Economics and Statistics - Districtwise Average Yield Rates of Crops 2024-25,10
Perambalur,Maize,Combined,5588.0,kg/ha,2024-25,Tamil Nadu Department of Economics and Statistics - Districtwise Average Yield Rates of Crops 2024-25,3
Perambalur,Maize,Kharif,5643.0,kg/ha,2024-25,Tamil Nadu Department of Economics and Statistics - Districtwise Average Yield Rates of Crops 2024-25,3
Perambalur,Maize,Rabi,5084.0,kg/ha,2024-25,Tamil Nadu Department of Economics and Statistics - Districtwise Average Yield Rates of Crops 2024-25,3
Perambalur,Mango,Combined,5855.0,kg/ha,2024-25,Tamil Nadu Department of Economics and Statistics - Districtwise Average Yield Rates of Crops 2024-25,10
Perambalur,Onion,Combined,8211.0,kg/ha,2024-25,Tamil Nadu Department of Economics and Statistics - Districtwise Average Yield Rates of Crops 2024-25,9
Perambalur,Onion,Kharif,9828.0,kg/ha,2024-25,Tamil Nadu Department of Economics and Statistics - Districtwise Average Yield Rates of Crops 2024-25,9
Perambalur,Onion,Rabi,7265.0,kg/ha,2024-25,Tamil Nadu Department of Economics and Statistics - Districtwise Average Yield Rates of Crops 2024-25,9
Perambalur,Orange,Combined,3912.0,kg/ha,2024-25,Tamil Nadu Department of Economics and Statistics - Districtwise Average Yield Rates of Crops 2024-25,10
Perambalur,Other Cereals,Combined,1415.0,kg/ha,2024-25,Tamil Nadu Department of Economics and Statistics - Districtwise Average Yield Rates of Crops 2024-25,4
Perambalur,Other Pulses,Combined,585.0,kg/ha,2024-25,Tamil Nadu Department of Economics and Statistics - Districtwise Average Yield Rates of Crops 2024-25,6
Perambalur,Other Pulses,Kharif,0.0,kg/ha,2024-25,Tamil Nadu Department of Economics and Statistics - Districtwise Average Yield Rates of Crops 2024-25,6
Perambalur,Other Pulses,Rabi,0.0,kg/ha,2024-25,Tamil Nadu Department of Economics and Statistics - Districtwise Average Yield Rates of Crops 2024-25,6
Perambalur,Paddy,Combined,3950.0,kg/ha,2024-25,Tamil Nadu Department of Economics and Statistics - Districtwise Average Yield Rates of Crops 2024-25,1
Perambalur,Paddy,Kar/Kuruvai/Sornavari,3689.0,kg/ha,2024-25,Tamil Nadu Department of Economics and Statistics - Districtwise Average Yield Rates of Crops 2024-25,1
Perambalur,Paddy,Navarai/Kodai,3874.0,kg/ha,2024-25,Tamil Nadu Department of Economics and Statistics - Districtwise Average Yield Rates of Crops 2024-25,1
Perambalur,Paddy,Samba/Thaladi/Pishanam,3981.0,kg/ha,2024-25,Tamil Nadu Department of Economics and Statistics - Districtwise Average Yield Rates of Crops 2024-25,1
Perambalur,Pepper,Combined,0.0,kg/ha,2024-25,Tamil Nadu Department of Economics and Statistics - Districtwise Average Yield Rates of Crops 2024-25,7
Perambalur,Pine Apple,Combined,0.0,kg/ha,2024-25,Tamil Nadu Department of Economics and Statistics - Districtwise Average Yield Rates of Crops 2024-25,10
Perambalur,Potato,Combined,0.0,kg/ha,2024-25,Tamil Nadu Department of Economics and Statistics - Districtwise Average Yield Rates of Crops 2024-25,8
Perambalur,Potato,Kharif,0.0,kg/ha,2024-25,Tamil Nadu Department of Economics and Statistics - Districtwise Average Yield Rates of Crops 2024-25,8
Perambalur,Potato,Rabi,0.0,kg/ha,2024-25,Tamil Nadu Department of Economics and Statistics - Districtwise Average Yield Rates of Crops 2024-25,8
Perambalur,Ragi,Combined,3922.0,kg/ha,2024-25,Tamil Nadu Department of Economics and Statistics - Districtwise Average Yield Rates of Crops 2024-25,2
Perambalur,Ragi,Kharif,3922.0,kg/ha,2024-25,Tamil Nadu Department of Economics and Statistics - Districtwise Average Yield Rates of Crops 2024-25,2
Perambalur,Ragi,Rabi,6942.0,kg/ha,2024-25,Tamil Nadu Department of Economics and Statistics - Districtwise Average Yield Rates of Crops 2024-25,2
Perambalur,Rapeseed & Mustard,Combined,0.0,kg/ha,2024-25,Tamil Nadu Department of Economics and Statistics - Districtwise Average Yield Rates of Crops 2024-25,12
Perambalur,Red Gram,Combined,1658.0,kg/ha,2024-25,Tamil Nadu Department of Economics and Statistics - Districtwise Average Yield Rates of Crops 2024-25,4
Perambalur,Red Gram,Kharif,1658.0,kg/ha,2024-25,Tamil Nadu Department of Economics and Statistics - Districtwise Average Yield Rates of Crops 2024-25,4
Perambalur,Red Gram,Rabi,1658.0,kg/ha,2024-25,Tamil Nadu Department of Economics and Statistics - Districtwise Average Yield Rates of Crops 2024-25,4
Perambalur,Samai,Combined,0.0,kg/ha,2024-25,Tamil Nadu Department of Economics and Statistics - Districtwise Average Yield Rates of Crops 2024-25,4
Perambalur,Samai,Kharif,0.0,kg/ha,2024-25,Tamil Nadu Department of Economics and Statistics - Districtwise Average Yield Rates of Crops 2024-25,4
Perambalur,Samai,Rabi,0.0,kg/ha,2024-25,Tamil Nadu Department of Economics and Statistics - Districtwise Average Yield Rates of Crops 2024-25,4
Perambalur,Sugar Cane,Combined,90.0,tonnes/ha,2024-25,Tamil Nadu Department of Economics and Statistics - Districtwise Average Yield Rates of Crops 2024-25,6
Perambalur,Sun Flower,Combined,902.0,kg/ha,2024-25,Tamil Nadu Department of Economics and Statistics - Districtwise Average Yield Rates of Crops 2024-25,12
Perambalur,Sun Flower,Kharif,0.0,kg/ha,2024-25,Tamil Nadu Department of Economics and Statistics - Districtwise Average Yield Rates of Crops 2024-25,12
Perambalur,Sun Flower,Rabi,902.0,kg/ha,2024-25,Tamil Nadu Department of Economics and Statistics - Districtwise Average Yield Rates of Crops 2024-25,12
Perambalur,Sweet Potato,Combined,19336.0,kg/ha,2024-25,Tamil Nadu Department of Economics and Statistics - Districtwise Average Yield Rates of Crops 2024-25,8
Perambalur,Tamarind,Combined,2641.0,kg/ha,2024-25,Tamil Nadu Department of Economics and Statistics - Districtwise Average Yield Rates of Crops 2024-25,8
Perambalur,Tapioca,Combined,34219.0,kg/ha,2024-25,Tamil Nadu Department of Economics and Statistics - Districtwise Average Yield Rates of Crops 2024-25,8
Perambalur,Tobacco,Combined,0.0,kg/ha,2024-25,Tamil Nadu Department of Economics and Statistics - Districtwise Average Yield Rates of Crops 2024-25,13
Perambalur,Tomato,Combined,19663.0,kg/ha,2024-25,Tamil Nadu Department of Economics and Statistics - Districtwise Average Yield Rates of Crops 2024-25,9
Perambalur,Turmeric,Combined,0.0,kg/ha,2024-25,Tamil Nadu Department of Economics and Statistics - Districtwise Average Yield Rates of Crops 2024-25,7
Perambalur,Varagu,Combined,1654.0,kg/ha,2024-25,Tamil Nadu Department of Economics and Statistics - Districtwise Average Yield Rates of Crops 2024-25,3
Perambalur,Varagu,Kharif,1654.0,kg/ha,2024-25,Tamil Nadu Department of Economics and Statistics - Districtwise Average Yield Rates of Crops 2024-25,3
Perambalur,Varagu,Rabi,1654.0,kg/ha,2024-25,Tamil Nadu Department of Economics and Statistics - Districtwise Average Yield Rates of Crops 2024-25,3
Pudukkottai,Arecanut,Combined,1907.0,kg/ha,2024-25,Tamil Nadu Department of Economics and Statistics - Districtwise Average Yield Rates of Crops 2024-25,7
Pudukkottai,Bajra (Cumbu),Combined,2387.0,kg/ha,2024-25,Tamil Nadu Department of Economics and Statistics - Districtwise Average Yield Rates of Crops 2024-25,2
Pudukkottai,Bajra (Cumbu),Kharif,2652.0,kg/ha,2024-25,Tamil Nadu Department of Economics and Statistics - Districtwise Average Yield Rates of Crops 2024-25,2
Pudukkottai,Bajra (Cumbu),Rabi,1597.0,kg/ha,2024-25,Tamil Nadu Department of Economics and Statistics - Districtwise Average Yield Rates of Crops 2024-25,2
Pudukkottai,Banana,Combined,56161.0,kg/ha,2024-25,Tamil Nadu Department of Economics and Statistics - Districtwise Average Yield Rates of Crops 2024-25,10
Pudukkottai,Bengal Gram,Combined,926.0,kg/ha,2024-25,Tamil Nadu Department of Economics and Statistics - Districtwise Average Yield Rates of Crops 2024-25,4
Pudukkottai,Black Gram,Combined,475.0,kg/ha,2024-25,Tamil Nadu Department of Economics and Statistics - Districtwise Average Yield Rates of Crops 2024-25,5
Pudukkottai,Black Gram,Kharif,531.0,kg/ha,2024-25,Tamil Nadu Department of Economics and Statistics - Districtwise Average Yield Rates of Crops 2024-25,5
Pudukkottai,Black Gram,Rabi,456.0,kg/ha,2024-25,Tamil Nadu Department of Economics and Statistics - Districtwise Average Yield Rates of Crops 2024-25,5
Pudukkottai,Brinjal,Combined,13225.0,kg/ha,2024-25,Tamil Nadu Department of Economics and Statistics - Districtwise Average Yield Rates of Crops 2024-25,9
Pudukkottai,Cabbage,Combined,0.0,kg/ha,2024-25,Tamil Nadu Department of Economics and Statistics - Districtwise Average Yield Rates of Crops 2024-25,9
Pudukkottai,Cardamom,Combined,0.0,kg/ha,2024-25,Tamil Nadu Department of Economics and Statistics - Districtwise Average Yield Rates of Crops 2024-25,8
Pudukkottai,Cashew Nut,Combined,253.0,kg/ha,2024-25,Tamil Nadu Department of Economics and Statistics - Districtwise Average Yield Rates of Crops 2024-25,10
Pudukkottai,Castor,Combined,312.0,kg/ha,2024-25,Tamil Nadu Department of Economics and Statistics - Districtwise Average Yield Rates of Crops 2024-25,12
Pudukkottai,Chillies,Combined,528.0,kg/ha,2024-25,Tamil Nadu Department of Economics and Statistics - Districtwise Average Yield Rates of Crops 2024-25,7
Pudukkottai,Cloves,Combined,0.0,kg/ha,2024-25,Tamil Nadu Department of Economics and Statistics - Districtwise Average Yield Rates of Crops 2024-25,7
Pudukkottai,Coconut,Combined,13737.0,nuts/ha,2024-25,Tamil Nadu Department of Economics and Statistics - Districtwise Average Yield Rates of Crops 2024-25,13
Pudukkottai,Coriander,Combined,0.0,kg/ha,2024-25,Tamil Nadu Department of Economics and Statistics - Districtwise Average Yield Rates of Crops 2024-25,8
Pudukkottai,Cotton,Combined,2189.0,kg/ha,2024-25,Tamil Nadu Department of Economics and Statistics - Districtwise Average Yield Rates of Crops 2024-25,13
Pudukkottai,Cotton,Kharif,282.0,kg/ha,2024-25,Tamil Nadu Department of Economics and Statistics - Districtwise Average Yield Rates of Crops 2024-25,13
Pudukkottai,Cotton,Rabi,386.0,kg/ha,2024-25,Tamil Nadu Department of Economics and Statistics - Districtwise Average Yield Rates of Crops 2024-25,13
Pudukkottai,Cowpea,Combined,583.0,kg/ha,2024-25,Tamil Nadu Department of Economics and Statistics - Districtwise Average Yield Rates of Crops 2024-25,6
Pudukkottai,Cowpea,Kharif,604.0,kg/ha,2024-25,Tamil Nadu Department of Economics and Statistics - Districtwise Average Yield Rates of Crops 2024-25,6
Pudukkottai,Cowpea,Rabi,549.0,kg/ha,2024-25,Tamil Nadu Department of Economics and Statistics - Districtwise Average Yield Rates of Crops 2024-25,6
Pudukkottai,Garlic,Combined,5839.0,kg/ha,2024-25,Tamil Nadu Department of Economics and Statistics - Districtwise Average Yield Rates of Crops 2024-25,7
Pudukkottai,Gingelly,Combined,369.0,kg/ha,2024-25,Tamil Nadu Department of Economics and Statistics - Districtwise Average Yield Rates of Crops 2024-25,11
Pudukkottai,Gingelly,Kharif,487.0,kg/ha,2024-25,Tamil Nadu Department of Economics and Statistics - Districtwise Average Yield Rates of Crops 2024-25,11
Pudukkottai,Gingelly,Rabi,316.0,kg/ha,2024-25,Tamil Nadu Department of Economics and Statistics - Districtwise Average Yield Rates of Crops 2024-25,11
Pudukkottai,Ginger,Combined,5488.0,kg/ha,2024-25,Tamil Nadu Department of Economics and Statistics - Districtwise Average Yield Rates of Crops 2024-25,7
Pudukkottai,Grapes,Combined,41573.0,kg/ha,2024-25,Tamil Nadu Department of Economics and Statistics - Districtwise Average Yield Rates of Crops 2024-25,11
Pudukkottai,Green Gram,Combined,485.0,kg/ha,2024-25,Tamil Nadu Department of Economics and Statistics - Districtwise Average Yield Rates of Crops 2024-25,5
Pudukkottai,Green Gram,Kharif,564.0,kg/ha,2024-25,Tamil Nadu Department of Economics and Statistics - Districtwise Average Yield Rates of Crops 2024-25,5
Pudukkottai,Green Gram,Rabi,248.0,kg/ha,2024-25,Tamil Nadu Department of Economics and Statistics - Districtwise Average Yield Rates of Crops 2024-25,5
Pudukkottai,Groundnut,Combined,2987.0,kg/ha,2024-25,Tamil Nadu Department of Economics and Statistics - Districtwise Average Yield Rates of Crops 2024-25,11
Pudukkottai,Groundnut,Kharif,2300.0,kg/ha,2024-25,Tamil Nadu Department of Economics and Statistics - Districtwise Average Yield Rates of Crops 2024-25,11
Pudukkottai,Groundnut,Rabi,3609.0,kg/ha,2024-25,Tamil Nadu Department of Economics and Statistics - Districtwise Average Yield Rates of Crops 2024-25,11
Pudukkottai,Guava,Combined,7076.0,kg/ha,2024-25,Tamil Nadu Department of Economics and Statistics - Districtwise Average Yield Rates of Crops 2024-25,11
Pudukkottai,Horse Gram,Combined,684.0,kg/ha,2024-25,Tamil Nadu Department of Economics and Statistics - Districtwise Average Yield Rates of Crops 2024-25,5
Pudukkottai,Horse Gram,Kharif,604.0,kg/ha,2024-25,Tamil Nadu Department of Economics and Statistics - Districtwise Average Yield Rates of Crops 2024-25,5
Pudukkottai,Horse Gram,Rabi,710.0,kg/ha,2024-25,Tamil Nadu Department of Economics and Statistics - Districtwise Average Yield Rates of Crops 2024-25,5
Pudukkottai,Jack Fruit,Combined,42007.0,kg/ha,2024-25,Tamil Nadu Department of Economics and Statistics - Districtwise Average Yield Rates of Crops 2024-25,10
Pudukkottai,Jowar (Cholam),Combined,1170.0,kg/ha,2024-25,Tamil Nadu Department of Economics and Statistics - Districtwise Average Yield Rates of Crops 2024-25,1
Pudukkottai,Jowar (Cholam),Kharif,1293.0,kg/ha,2024-25,Tamil Nadu Department of Economics and Statistics - Districtwise Average Yield Rates of Crops 2024-25,1
Pudukkottai,Jowar (Cholam),Rabi,1147.0,kg/ha,2024-25,Tamil Nadu Department of Economics and Statistics - Districtwise Average Yield Rates of Crops 2024-25,1
Pudukkottai,Korra,Combined,470.0,kg/ha,2024-25,Tamil Nadu Department of Economics and Statistics - Districtwise Average Yield Rates of Crops 2024-25,3
Pudukkottai,Lady's Finger,Combined,11366.0,kg/ha,2024-25,Tamil Nadu Department of Economics and Statistics - Districtwise Average Yield Rates of Crops 2024-25,9
Pudukkottai,Lemon,Combined,9791.0,kg/ha,2024-25,Tamil Nadu Department of Economics and Statistics - Districtwise Average Yield Rates of Crops 2024-25,10
Pudukkottai,Maize,Combined,5629.0,kg/ha,2024-25,Tamil Nadu Department of Economics and Statistics - Districtwise Average Yield Rates of Crops 2024-25,3
Pudukkottai,Maize,Kharif,5923.0,kg/ha,2024-25,Tamil Nadu Department of Economics and Statistics - Districtwise Average Yield Rates of Crops 2024-25,3
Pudukkottai,Maize,Rabi,5084.0,kg/ha,2024-25,Tamil Nadu Department of Economics and Statistics - Districtwise Average Yield Rates of Crops 2024-25,3
Pudukkottai,Mango,Combined,5855.0,kg/ha,2024-25,Tamil Nadu Department of Economics and Statistics - Districtwise Average Yield Rates of Crops 2024-25,10
Pudukkottai,Onion,Combined,8370.0,kg/ha,2024-25,Tamil Nadu Department of Economics and Statistics - Districtwise Average Yield Rates of Crops 2024-25,9
Pudukkottai,Onion,Kharif,10529.0,kg/ha,2024-25,Tamil Nadu Department of Economics and Statistics - Districtwise Average Yield Rates of Crops 2024-25,9
Pudukkottai,Onion,Rabi,7307.0,kg/ha,2024-25,Tamil Nadu Department of Economics and Statistics - Districtwise Average Yield Rates of Crops 2024-25,9
Pudukkottai,Orange,Combined,3912.0,kg/ha,2024-25,Tamil Nadu Department of Economics and Statistics - Districtwise Average Yield Rates of Crops 2024-25,10
Pudukkottai,Other Cereals,Combined,1415.0,kg/ha,2024-25,Tamil Nadu Department of Economics and Statistics - Districtwise Average Yield Rates of Crops 2024-25,4
Pudukkottai,Other Pulses,Combined,0.0,kg/ha,2024-25,Tamil Nadu Department of Economics and Statistics - Districtwise Average Yield Rates of Crops 2024-25,6
Pudukkottai,Other Pulses,Kharif,0.0,kg/ha,2024-25,Tamil Nadu Department of Economics and Statistics - Districtwise Average Yield Rates of Crops 2024-25,6
Pudukkottai,Other Pulses,Rabi,0.0,kg/ha,2024-25,Tamil Nadu Department of Economics and Statistics - Districtwise Average Yield Rates of Crops 2024-25,6
Pudukkottai,Paddy,Combined,3294.0,kg/ha,2024-25,Tamil Nadu Department of Economics and Statistics - Districtwise Average Yield Rates of Crops 2024-25,1
Pudukkottai,Paddy,Kar/Kuruvai/Sornavari,3142.0,kg/ha,2024-25,Tamil Nadu Department of Economics and Statistics - Districtwise Average Yield Rates of Crops 2024-25,1
Pudukkottai,Paddy,Navarai/Kodai,3423.0,kg/ha,2024-25,Tamil Nadu Department of Economics and Statistics - Districtwise Average Yield Rates of Crops 2024-25,1
Pudukkottai,Paddy,Samba/Thaladi/Pishanam,3299.0,kg/ha,2024-25,Tamil Nadu Department of Economics and Statistics - Districtwise Average Yield Rates of Crops 2024-25,1
Pudukkottai,Pepper,Combined,199.0,kg/ha,2024-25,Tamil Nadu Department of Economics and Statistics - Districtwise Average Yield Rates of Crops 2024-25,7
Pudukkottai,Pine Apple,Combined,41249.0,kg/ha,2024-25,Tamil Nadu Department of Economics and Statistics - Districtwise Average Yield Rates of Crops 2024-25,10
Pudukkottai,Potato,Combined,0.0,kg/ha,2024-25,Tamil Nadu Department of Economics and Statistics - Districtwise Average Yield Rates of Crops 2024-25,8
Pudukkottai,Potato,Kharif,0.0,kg/ha,2024-25,Tamil Nadu Department of Economics and Statistics - Districtwise Average Yield Rates of Crops 2024-25,8
Pudukkottai,Potato,Rabi,0.0,kg/ha,2024-25,Tamil Nadu Department of Economics and Statistics - Districtwise Average Yield Rates of Crops 2024-25,8
Pudukkottai,Ragi,Combined,5225.0,kg/ha,2024-25,Tamil Nadu Department of Economics and Statistics - Districtwise Average Yield Rates of Crops 2024-25,2
Pudukkottai,Ragi,Kharif,3922.0,kg/ha,2024-25,Tamil Nadu Department of Economics and Statistics - Districtwise Average Yield Rates of Crops 2024-25,2
Pudukkottai,Ragi,Rabi,6942.0,kg/ha,2024-25,Tamil Nadu Department of Economics and Statistics - Districtwise Average Yield Rates of Crops 2024-25,2
Pudukkottai,Rapeseed & Mustard,Combined,0.0,kg/ha,2024-25,Tamil Nadu Department of Economics and Statistics - Districtwise Average Yield Rates of Crops 2024-25,12
Pudukkottai,Red Gram,Combined,1040.0,kg/ha,2024-25,Tamil Nadu Department of Economics and Statistics - Districtwise Average Yield Rates of Crops 2024-25,4
Pudukkottai,Red Gram,Kharif,1040.0,kg/ha,2024-25,Tamil Nadu Department of Economics and Statistics - Districtwise Average Yield Rates of Crops 2024-25,4
Pudukkottai,Red Gram,Rabi,1040.0,kg/ha,2024-25,Tamil Nadu Department of Economics and Statistics - Districtwise Average Yield Rates of Crops 2024-25,4
Pudukkottai,Samai,Combined,0.0,kg/ha,2024-25,Tamil Nadu Department of Economics and Statistics - Districtwise Average Yield Rates of Crops 2024-25,4
Pudukkottai,Samai,Kharif,0.0,kg/ha,2024-25,Tamil Nadu Department of Economics and Statistics - Districtwise Average Yield Rates of Crops 2024-25,4
Pudukkottai,Samai,Rabi,0.0,kg/ha,2024-25,Tamil Nadu Department of Economics and Statistics - Districtwise Average Yield Rates of Crops 2024-25,4
Pudukkottai,Sugar Cane,Combined,107.0,tonnes/ha,2024-25,Tamil Nadu Department of Economics and Statistics - Districtwise Average Yield Rates of Crops 2024-25,6
Pudukkottai,Sun Flower,Combined,902.0,kg/ha,2024-25,Tamil Nadu Department of Economics and Statistics - Districtwise Average Yield Rates of Crops 2024-25,12
Pudukkottai,Sun Flower,Kharif,0.0,kg/ha,2024-25,Tamil Nadu Department of Economics and Statistics - Districtwise Average Yield Rates of Crops 2024-25,12
Pudukkottai,Sun Flower,Rabi,902.0,kg/ha,2024-25,Tamil Nadu Department of Economics and Statistics - Districtwise Average Yield Rates of Crops 2024-25,12
Pudukkottai,Sweet Potato,Combined,35495.0,kg/ha,2024-25,Tamil Nadu Department of Economics and Statistics - Districtwise Average Yield Rates of Crops 2024-25,8
Pudukkottai,Tamarind,Combined,2645.0,kg/ha,2024-25,Tamil Nadu Department of Economics and Statistics - Districtwise Average Yield Rates of Crops 2024-25,8
Pudukkottai,Tapioca,Combined,41125.0,kg/ha,2024-25,Tamil Nadu Department of Economics and Statistics - Districtwise Average Yield Rates of Crops 2024-25,8
Pudukkottai,Tobacco,Combined,0.0,kg/ha,2024-25,Tamil Nadu Department of Economics and Statistics - Districtwise Average Yield Rates of Crops 2024-25,13
Pudukkottai,Tomato,Combined,19663.0,kg/ha,2024-25,Tamil Nadu Department of Economics and Statistics - Districtwise Average Yield Rates of Crops 2024-25,9
Pudukkottai,Turmeric,Combined,0.0,kg/ha,2024-25,Tamil Nadu Department of Economics and Statistics - Districtwise Average Yield Rates of Crops 2024-25,7
Pudukkottai,Varagu,Combined,1323.0,kg/ha,2024-25,Tamil Nadu Department of Economics and Statistics - Districtwise Average Yield Rates of Crops 2024-25,3
Pudukkottai,Varagu,Kharif,1323.0,kg/ha,2024-25,Tamil Nadu Department of Economics and Statistics - Districtwise Average Yield Rates of Crops 2024-25,3
Pudukkottai,Varagu,Rabi,0.0,kg/ha,2024-25,Tamil Nadu Department of Economics and Statistics - Districtwise Average Yield Rates of Crops 2024-25,3
Ramanathapuram,Arecanut,Combined,0.0,kg/ha,2024-25,Tamil Nadu Department of Economics and Statistics - Districtwise Average Yield Rates of Crops 2024-25,7
Ramanathapuram,Bajra (Cumbu),Combined,1264.0,kg/ha,2024-25,Tamil Nadu Department of Economics and Statistics - Districtwise Average Yield Rates of Crops 2024-25,2
Ramanathapuram,Bajra (Cumbu),Kharif,0.0,kg/ha,2024-25,Tamil Nadu Department of Economics and Statistics - Districtwise Average Yield Rates of Crops 2024-25,2
Ramanathapuram,Bajra (Cumbu),Rabi,1264.0,kg/ha,2024-25,Tamil Nadu Department of Economics and Statistics - Districtwise Average Yield Rates of Crops 2024-25,2
Ramanathapuram,Banana,Combined,39691.0,kg/ha,2024-25,Tamil Nadu Department of Economics and Statistics - Districtwise Average Yield Rates of Crops 2024-25,10
Ramanathapuram,Bengal Gram,Combined,0.0,kg/ha,2024-25,Tamil Nadu Department of Economics and Statistics - Districtwise Average Yield Rates of Crops 2024-25,4
Ramanathapuram,Black Gram,Combined,0.0,kg/ha,2024-25,Tamil Nadu Department of Economics and Statistics - Districtwise Average Yield Rates of Crops 2024-25,5
Ramanathapuram,Black Gram,Kharif,380.0,kg/ha,2024-25,Tamil Nadu Department of Economics and Statistics - Districtwise Average Yield Rates of Crops 2024-25,5
Ramanathapuram,Black Gram,Rabi,380.0,kg/ha,2024-25,Tamil Nadu Department of Economics and Statistics - Districtwise Average Yield Rates of Crops 2024-25,5
Ramanathapuram,Brinjal,Combined,13225.0,kg/ha,2024-25,Tamil Nadu Department of Economics and Statistics - Districtwise Average Yield Rates of Crops 2024-25,9
Ramanathapuram,Cabbage,Combined,0.0,kg/ha,2024-25,Tamil Nadu Department of Economics and Statistics - Districtwise Average Yield Rates of Crops 2024-25,9
Ramanathapuram,Cardamom,Combined,0.0,kg/ha,2024-25,Tamil Nadu Department of Economics and Statistics - Districtwise Average Yield Rates of Crops 2024-25,8
Ramanathapuram,Cashew Nut,Combined,364.0,kg/ha,2024-25,Tamil Nadu Department of Economics and Statistics - Districtwise Average Yield Rates of Crops 2024-25,10
Ramanathapuram,Castor,Combined,312.0,kg/ha,2024-25,Tamil Nadu Department of Economics and Statistics - Districtwise Average Yield Rates of Crops 2024-25,12
Ramanathapuram,Chillies,Combined,285.0,kg/ha,2024-25,Tamil Nadu Department of Economics and Statistics - Districtwise Average Yield Rates of Crops 2024-25,7
Ramanathapuram,Cloves,Combined,0.0,kg/ha,2024-25,Tamil Nadu Department of Economics and Statistics - Districtwise Average Yield Rates of Crops 2024-25,7
Ramanathapuram,Coconut,Combined,7147.0,nuts/ha,2024-25,Tamil Nadu Department of Economics and Statistics - Districtwise Average Yield Rates of Crops 2024-25,13
Ramanathapuram,Coriander,Combined,184.0,kg/ha,2024-25,Tamil Nadu Department of Economics and Statistics - Districtwise Average Yield Rates of Crops 2024-25,8
Ramanathapuram,Cotton,Combined,1586.0,kg/ha,2024-25,Tamil Nadu Department of Economics and Statistics - Districtwise Average Yield Rates of Crops 2024-25,13
Ramanathapuram,Cotton,Kharif,282.0,kg/ha,2024-25,Tamil Nadu Department of Economics and Statistics - Districtwise Average Yield Rates of Crops 2024-25,13
Ramanathapuram,Cotton,Rabi,270.0,kg/ha,2024-25,Tamil Nadu Department of Economics and Statistics - Districtwise Average Yield Rates of Crops 2024-25,13
Ramanathapuram,Cowpea,Combined,549.0,kg/ha,2024-25,Tamil Nadu Department of Economics and Statistics - Districtwise Average Yield Rates of Crops 2024-25,6
Ramanathapuram,Cowpea,Kharif,0.0,kg/ha,2024-25,Tamil Nadu Department of Economics and Statistics - Districtwise Average Yield Rates of Crops 2024-25,6
Ramanathapuram,Cowpea,Rabi,549.0,kg/ha,2024-25,Tamil Nadu Department of Economics and Statistics - Districtwise Average Yield Rates of Crops 2024-25,6
Ramanathapuram,Garlic,Combined,0.0,kg/ha,2024-25,Tamil Nadu Department of Economics and Statistics - Districtwise Average Yield Rates of Crops 2024-25,7
Ramanathapuram,Gingelly,Combined,310.0,kg/ha,2024-25,Tamil Nadu Department of Economics and Statistics - Districtwise Average Yield Rates of Crops 2024-25,11
Ramanathapuram,Gingelly,Kharif,0.0,kg/ha,2024-25,Tamil Nadu Department of Economics and Statistics - Districtwise Average Yield Rates of Crops 2024-25,11
Ramanathapuram,Gingelly,Rabi,310.0,kg/ha,2024-25,Tamil Nadu Department of Economics and Statistics - Districtwise Average Yield Rates of Crops 2024-25,11
Ramanathapuram,Ginger,Combined,5488.0,kg/ha,2024-25,Tamil Nadu Department of Economics and Statistics - Districtwise Average Yield Rates of Crops 2024-25,7
Ramanathapuram,Grapes,Combined,41573.0,kg/ha,2024-25,Tamil Nadu Department of Economics and Statistics - Districtwise Average Yield Rates of Crops 2024-25,11
Ramanathapuram,Green Gram,Combined,248.0,kg/ha,2024-25,Tamil Nadu Department of Economics and Statistics - Districtwise Average Yield Rates of Crops 2024-25,5
Ramanathapuram,Green Gram,Kharif,0.0,kg/ha,2024-25,Tamil Nadu Department of Economics and Statistics - Districtwise Average Yield Rates of Crops 2024-25,5
Ramanathapuram,Green Gram,Rabi,248.0,kg/ha,2024-25,Tamil Nadu Department of Economics and Statistics - Districtwise Average Yield Rates of Crops 2024-25,5
Ramanathapuram,Groundnut,Combined,1543.0,kg/ha,2024-25,Tamil Nadu Department of Economics and Statistics - Districtwise Average Yield Rates of Crops 2024-25,11
Ramanathapuram,Groundnut,Kharif,0.0,kg/ha,2024-25,Tamil Nadu Department of Economics and Statistics - Districtwise Average Yield Rates of Crops 2024-25,11
Ramanathapuram,Groundnut,Rabi,1543.0,kg/ha,2024-25,Tamil Nadu Department of Economics and Statistics - Districtwise Average Yield Rates of Crops 2024-25,11
Ramanathapuram,Guava,Combined,7076.0,kg/ha,2024-25,Tamil Nadu Department of Economics and Statistics - Districtwise Average Yield Rates of Crops 2024-25,11
Ramanathapuram,Horse Gram,Combined,0.0,kg/ha,2024-25,Tamil Nadu Department of Economics and Statistics - Districtwise Average Yield Rates of Crops 2024-25,5
Ramanathapuram,Horse Gram,Kharif,710.0,kg/ha,2024-25,Tamil Nadu Department of Economics and Statistics - Districtwise Average Yield Rates of Crops 2024-25,5
Ramanathapuram,Horse Gram,Rabi,710.0,kg/ha,2024-25,Tamil Nadu Department of Economics and Statistics - Districtwise Average Yield Rates of Crops 2024-25,5
Ramanathapuram,Jack Fruit,Combined,20056.0,kg/ha,2024-25,Tamil Nadu Department of Economics and Statistics - Districtwise Average Yield Rates of Crops 2024-25,10
Ramanathapuram,Jowar (Cholam),Combined,925.0,kg/ha,2024-25,Tamil Nadu Department of Economics and Statistics - Districtwise Average Yield Rates of Crops 2024-25,1
Ramanathapuram,Jowar (Cholam),Kharif,1293.0,kg/ha,2024-25,Tamil Nadu Department of Economics and Statistics - Districtwise Average Yield Rates of Crops 2024-25,1
Ramanathapuram,Jowar (Cholam),Rabi,921.0,kg/ha,2024-25,Tamil Nadu Department of Economics and Statistics - Districtwise Average Yield Rates of Crops 2024-25,1
Ramanathapuram,Korra,Combined,470.0,kg/ha,2024-25,Tamil Nadu Department of Economics and Statistics - Districtwise Average Yield Rates of Crops 2024-25,3
Ramanathapuram,Lady's Finger,Combined,11366.0,kg/ha,2024-25,Tamil Nadu Department of Economics and Statistics - Districtwise Average Yield Rates of Crops 2024-25,9
Ramanathapuram,Lemon,Combined,6533.0,kg/ha,2024-25,Tamil Nadu Department of Economics and Statistics - Districtwise Average Yield Rates of Crops 2024-25,10
Ramanathapuram,Maize,Combined,5104.0,kg/ha,2024-25,Tamil Nadu Department of Economics and Statistics - Districtwise Average Yield Rates of Crops 2024-25,3
Ramanathapuram,Maize,Kharif,5923.0,kg/ha,2024-25,Tamil Nadu Department of Economics and Statistics - Districtwise Average Yield Rates of Crops 2024-25,3
Ramanathapuram,Maize,Rabi,5084.0,kg/ha,2024-25,Tamil Nadu Department of Economics and Statistics - Districtwise Average Yield Rates of Crops 2024-25,3
Ramanathapuram,Mango,Combined,5855.0,kg/ha,2024-25,Tamil Nadu Department of Economics and Statistics - Districtwise Average Yield Rates of Crops 2024-25,10
Ramanathapuram,Onion,Combined,7307.0,kg/ha,2024-25,Tamil Nadu Department of Economics and Statistics - Districtwise Average Yield Rates of Crops 2024-25,9
Ramanathapuram,Onion,Kharif,0.0,kg/ha,2024-25,Tamil Nadu Department of Economics and Statistics - Districtwise Average Yield Rates of Crops 2024-25,9
Ramanathapuram,Onion,Rabi,7307.0,kg/ha,2024-25,Tamil Nadu Department of Economics and Statistics - Districtwise Average Yield Rates of Crops 2024-25,9
Ramanathapuram,Orange,Combined,0.0,kg/ha,2024-25,Tamil Nadu Department of Economics and Statistics - Districtwise Average Yield Rates of Crops 2024-25,10
Ramanathapuram,Other Cereals,Combined,1415.0,kg/ha,2024-25,Tamil Nadu Department of Economics and Statistics - Districtwise Average Yield Rates of Crops 2024-25,4
Ramanathapuram,Other Pulses,Combined,585.0,kg/ha,2024-25,Tamil Nadu Department of Economics and Statistics - Districtwise Average Yield Rates of Crops 2024-25,6
Ramanathapuram,Other Pulses,Kharif,0.0,kg/ha,2024-25,Tamil Nadu Department of Economics and Statistics - Districtwise Average Yield Rates of Crops 2024-25,6
Ramanathapuram,Other Pulses,Rabi,585.0,kg/ha,2024-25,Tamil Nadu Department of Economics and Statistics - Districtwise Average Yield Rates of Crops 2024-25,6
Ramanathapuram,Paddy,Combined,1966.0,kg/ha,2024-25,Tamil Nadu Department of Economics and Statistics - Districtwise Average Yield Rates of Crops 2024-25,1
Ramanathapuram,Paddy,Kar/Kuruvai/Sornavari,0.0,kg/ha,2024-25,Tamil Nadu Department of Economics and Statistics - Districtwise Average Yield Rates of Crops 2024-25,1
Ramanathapuram,Paddy,Navarai/Kodai,3874.0,kg/ha,2024-25,Tamil Nadu Department of Economics and Statistics - Districtwise Average Yield Rates of Crops 2024-25,1
Ramanathapuram,Paddy,Samba/Thaladi/Pishanam,1966.0,kg/ha,2024-25,Tamil Nadu Department of Economics and Statistics - Districtwise Average Yield Rates of Crops 2024-25,1
Ramanathapuram,Pepper,Combined,0.0,kg/ha,2024-25,Tamil Nadu Department of Economics and Statistics - Districtwise Average Yield Rates of Crops 2024-25,7
Ramanathapuram,Pine Apple,Combined,0.0,kg/ha,2024-25,Tamil Nadu Department of Economics and Statistics - Districtwise Average Yield Rates of Crops 2024-25,10
Ramanathapuram,Potato,Combined,0.0,kg/ha,2024-25,Tamil Nadu Department of Economics and Statistics - Districtwise Average Yield Rates of Crops 2024-25,8
Ramanathapuram,Potato,Kharif,0.0,kg/ha,2024-25,Tamil Nadu Department of Economics and Statistics - Districtwise Average Yield Rates of Crops 2024-25,8
Ramanathapuram,Potato,Rabi,0.0,kg/ha,2024-25,Tamil Nadu Department of Economics and Statistics - Districtwise Average Yield Rates of Crops 2024-25,8
Ramanathapuram,Ragi,Combined,6942.0,kg/ha,2024-25,Tamil Nadu Department of Economics and Statistics - Districtwise Average Yield Rates of Crops 2024-25,2
Ramanathapuram,Ragi,Kharif,3922.0,kg/ha,2024-25,Tamil Nadu Department of Economics and Statistics - Districtwise Average Yield Rates of Crops 2024-25,2
Ramanathapuram,Ragi,Rabi,6942.0,kg/ha,2024-25,Tamil Nadu Department of Economics and Statistics - Districtwise Average Yield Rates of Crops 2024-25,2
Ramanathapuram,Rapeseed & Mustard,Combined,0.0,kg/ha,2024-25,Tamil Nadu Department of Economics and Statistics - Districtwise Average Yield Rates of Crops 2024-25,12
Ramanathapuram,Red Gram,Combined,0.0,kg/ha,2024-25,Tamil Nadu Department of Economics and Statistics - Districtwise Average Yield Rates of Crops 2024-25,4
Ramanathapuram,Red Gram,Kharif,0.0,kg/ha,2024-25,Tamil Nadu Department of Economics and Statistics - Districtwise Average Yield Rates of Crops 2024-25,4
Ramanathapuram,Red Gram,Rabi,0.0,kg/ha,2024-25,Tamil Nadu Department of Economics and Statistics - Districtwise Average Yield Rates of Crops 2024-25,4
Ramanathapuram,Samai,Combined,1456.0,kg/ha,2024-25,Tamil Nadu Department of Economics and Statistics - Districtwise Average Yield Rates of Crops 2024-25,4
Ramanathapuram,Samai,Kharif,0.0,kg/ha,2024-25,Tamil Nadu Department of Economics and Statistics - Districtwise Average Yield Rates of Crops 2024-25,4
Ramanathapuram,Samai,Rabi,1456.0,kg/ha,2024-25,Tamil Nadu Department of Economics and Statistics - Districtwise Average Yield Rates of Crops 2024-25,4
Ramanathapuram,Sugar Cane,Combined,102.0,tonnes/ha,2024-25,Tamil Nadu Department of Economics and Statistics - Districtwise Average Yield Rates of Crops 2024-25,6
Ramanathapuram,Sun Flower,Combined,653.0,kg/ha,2024-25,Tamil Nadu Department of Economics and Statistics - Districtwise Average Yield Rates of Crops 2024-25,12
Ramanathapuram,Sun Flower,Kharif,0.0,kg/ha,2024-25,Tamil Nadu Department of Economics and Statistics - Districtwise Average Yield Rates of Crops 2024-25,12
Ramanathapuram,Sun Flower,Rabi,653.0,kg/ha,2024-25,Tamil Nadu Department of Economics and Statistics - Districtwise Average Yield Rates of Crops 2024-25,12
Ramanathapuram,Sweet Potato,Combined,19336.0,kg/ha,2024-25,Tamil Nadu Department of Economics and Statistics - Districtwise Average Yield Rates of Crops 2024-25,8
Ramanathapuram,Tamarind,Combined,3237.0,kg/ha,2024-25,Tamil Nadu Department of Economics and Statistics - Districtwise Average Yield Rates of Crops 2024-25,8
Ramanathapuram,Tapioca,Combined,40259.0,kg/ha,2024-25,Tamil Nadu Department of Economics and Statistics - Districtwise Average Yield Rates of Crops 2024-25,8
Ramanathapuram,Tobacco,Combined,0.0,kg/ha,2024-25,Tamil Nadu Department of Economics and Statistics - Districtwise Average Yield Rates of Crops 2024-25,13
Ramanathapuram,Tomato,Combined,19663.0,kg/ha,2024-25,Tamil Nadu Department of Economics and Statistics - Districtwise Average Yield Rates of Crops 2024-25,9
Ramanathapuram,Turmeric,Combined,0.0,kg/ha,2024-25,Tamil Nadu Department of Economics and Statistics - Districtwise Average Yield Rates of Crops 2024-25,7
Ramanathapuram,Varagu,Combined,1415.0,kg/ha,2024-25,Tamil Nadu Department of Economics and Statistics - Districtwise Average Yield Rates of Crops 2024-25,3
Ramanathapuram,Varagu,Kharif,0.0,kg/ha,2024-25,Tamil Nadu Department of Economics and Statistics - Districtwise Average Yield Rates of Crops 2024-25,3
Ramanathapuram,Varagu,Rabi,1415.0,kg/ha,2024-25,Tamil Nadu Department of Economics and Statistics - Districtwise Average Yield Rates of Crops 2024-25,3
Ranipet,Arecanut,Combined,0.0,kg/ha,2024-25,Tamil Nadu Department of Economics and Statistics - Districtwise Average Yield Rates of Crops 2024-25,7
Ranipet,Bajra (Cumbu),Combined,3581.0,kg/ha,2024-25,Tamil Nadu Department of Economics and Statistics - Districtwise Average Yield Rates of Crops 2024-25,2
Ranipet,Bajra (Cumbu),Kharif,3645.0,kg/ha,2024-25,Tamil Nadu Department of Economics and Statistics - Districtwise Average Yield Rates of Crops 2024-25,2
Ranipet,Bajra (Cumbu),Rabi,1597.0,kg/ha,2024-25,Tamil Nadu Department of Economics and Statistics - Districtwise Average Yield Rates of Crops 2024-25,2
Ranipet,Banana,Combined,58510.0,kg/ha,2024-25,Tamil Nadu Department of Economics and Statistics - Districtwise Average Yield Rates of Crops 2024-25,10
Ranipet,Bengal Gram,Combined,0.0,kg/ha,2024-25,Tamil Nadu Department of Economics and Statistics - Districtwise Average Yield Rates of Crops 2024-25,4
Ranipet,Black Gram,Combined,460.0,kg/ha,2024-25,Tamil Nadu Department of Economics and Statistics - Districtwise Average Yield Rates of Crops 2024-25,5
Ranipet,Black Gram,Kharif,464.0,kg/ha,2024-25,Tamil Nadu Department of Economics and Statistics - Districtwise Average Yield Rates of Crops 2024-25,5
Ranipet,Black Gram,Rabi,456.0,kg/ha,2024-25,Tamil Nadu Department of Economics and Statistics - Districtwise Average Yield Rates of Crops 2024-25,5
Ranipet,Brinjal,Combined,5913.0,kg/ha,2024-25,Tamil Nadu Department of Economics and Statistics - Districtwise Average Yield Rates of Crops 2024-25,9
Ranipet,Cabbage,Combined,0.0,kg/ha,2024-25,Tamil Nadu Department of Economics and Statistics - Districtwise Average Yield Rates of Crops 2024-25,9
Ranipet,Cardamom,Combined,0.0,kg/ha,2024-25,Tamil Nadu Department of Economics and Statistics - Districtwise Average Yield Rates of Crops 2024-25,8
Ranipet,Cashew Nut,Combined,364.0,kg/ha,2024-25,Tamil Nadu Department of Economics and Statistics - Districtwise Average Yield Rates of Crops 2024-25,10
Ranipet,Castor,Combined,0.0,kg/ha,2024-25,Tamil Nadu Department of Economics and Statistics - Districtwise Average Yield Rates of Crops 2024-25,12
Ranipet,Chillies,Combined,683.0,kg/ha,2024-25,Tamil Nadu Department of Economics and Statistics - Districtwise Average Yield Rates of Crops 2024-25,7
Ranipet,Cloves,Combined,0.0,kg/ha,2024-25,Tamil Nadu Department of Economics and Statistics - Districtwise Average Yield Rates of Crops 2024-25,7
Ranipet,Coconut,Combined,14469.0,nuts/ha,2024-25,Tamil Nadu Department of Economics and Statistics - Districtwise Average Yield Rates of Crops 2024-25,13
Ranipet,Coriander,Combined,0.0,kg/ha,2024-25,Tamil Nadu Department of Economics and Statistics - Districtwise Average Yield Rates of Crops 2024-25,8
Ranipet,Cotton,Combined,1761.0,kg/ha,2024-25,Tamil Nadu Department of Economics and Statistics - Districtwise Average Yield Rates of Crops 2024-25,13
Ranipet,Cotton,Kharif,282.0,kg/ha,2024-25,Tamil Nadu Department of Economics and Statistics - Districtwise Average Yield Rates of Crops 2024-25,13
Ranipet,Cotton,Rabi,386.0,kg/ha,2024-25,Tamil Nadu Department of Economics and Statistics - Districtwise Average Yield Rates of Crops 2024-25,13
Ranipet,Cowpea,Combined,392.0,kg/ha,2024-25,Tamil Nadu Department of Economics and Statistics - Districtwise Average Yield Rates of Crops 2024-25,6
Ranipet,Cowpea,Kharif,352.0,kg/ha,2024-25,Tamil Nadu Department of Economics and Statistics - Districtwise Average Yield Rates of Crops 2024-25,6
Ranipet,Cowpea,Rabi,549.0,kg/ha,2024-25,Tamil Nadu Department of Economics and Statistics - Districtwise Average Yield Rates of Crops 2024-25,6
Ranipet,Garlic,Combined,0.0,kg/ha,2024-25,Tamil Nadu Department of Economics and Statistics - Districtwise Average Yield Rates of Crops 2024-25,7
Ranipet,Gingelly,Combined,440.0,kg/ha,2024-25,Tamil Nadu Department of Economics and Statistics - Districtwise Average Yield Rates of Crops 2024-25,11
Ranipet,Gingelly,Kharif,487.0,kg/ha,2024-25,Tamil Nadu Department of Economics and Statistics - Districtwise Average Yield Rates of Crops 2024-25,11
Ranipet,Gingelly,Rabi,414.0,kg/ha,2024-25,Tamil Nadu Department of Economics and Statistics - Districtwise Average Yield Rates of Crops 2024-25,11
Ranipet,Ginger,Combined,5488.0,kg/ha,2024-25,Tamil Nadu Department of Economics and Statistics - Districtwise Average Yield Rates of Crops 2024-25,7
Ranipet,Grapes,Combined,0.0,kg/ha,2024-25,Tamil Nadu Department of Economics and Statistics - Districtwise Average Yield Rates of Crops 2024-25,11
Ranipet,Green Gram,Combined,420.0,kg/ha,2024-25,Tamil Nadu Department of Economics and Statistics - Districtwise Average Yield Rates of Crops 2024-25,5
Ranipet,Green Gram,Kharif,564.0,kg/ha,2024-25,Tamil Nadu Department of Economics and Statistics - Districtwise Average Yield Rates of Crops 2024-25,5
Ranipet,Green Gram,Rabi,248.0,kg/ha,2024-25,Tamil Nadu Department of Economics and Statistics - Districtwise Average Yield Rates of Crops 2024-25,5
Ranipet,Groundnut,Combined,1995.0,kg/ha,2024-25,Tamil Nadu Department of Economics and Statistics - Districtwise Average Yield Rates of Crops 2024-25,11
Ranipet,Groundnut,Kharif,1876.0,kg/ha,2024-25,Tamil Nadu Department of Economics and Statistics - Districtwise Average Yield Rates of Crops 2024-25,11
Ranipet,Groundnut,Rabi,2419.0,kg/ha,2024-25,Tamil Nadu Department of Economics and Statistics - Districtwise Average Yield Rates of Crops 2024-25,11
Ranipet,Guava,Combined,7076.0,kg/ha,2024-25,Tamil Nadu Department of Economics and Statistics - Districtwise Average Yield Rates of Crops 2024-25,11
Ranipet,Horse Gram,Combined,0.0,kg/ha,2024-25,Tamil Nadu Department of Economics and Statistics - Districtwise Average Yield Rates of Crops 2024-25,5
Ranipet,Horse Gram,Kharif,0.0,kg/ha,2024-25,Tamil Nadu Department of Economics and Statistics - Districtwise Average Yield Rates of Crops 2024-25,5
Ranipet,Horse Gram,Rabi,0.0,kg/ha,2024-25,Tamil Nadu Department of Economics and Statistics - Districtwise Average Yield Rates of Crops 2024-25,5
Ranipet,Jack Fruit,Combined,20056.0,kg/ha,2024-25,Tamil Nadu Department of Economics and Statistics - Districtwise Average Yield Rates of Crops 2024-25,10
Ranipet,Jowar (Cholam),Combined,1291.0,kg/ha,2024-25,Tamil Nadu Department of Economics and Statistics - Districtwise Average Yield Rates of Crops 2024-25,1
Ranipet,Jowar (Cholam),Kharif,1293.0,kg/ha,2024-25,Tamil Nadu Department of Economics and Statistics - Districtwise Average Yield Rates of Crops 2024-25,1
Ranipet,Jowar (Cholam),Rabi,1147.0,kg/ha,2024-25,Tamil Nadu Department of Economics and Statistics - Districtwise Average Yield Rates of Crops 2024-25,1
Ranipet,Korra,Combined,0.0,kg/ha,2024-25,Tamil Nadu Department of Economics and Statistics - Districtwise Average Yield Rates of Crops 2024-25,3
Ranipet,Lady's Finger,Combined,10767.0,kg/ha,2024-25,Tamil Nadu Department of Economics and Statistics - Districtwise Average Yield Rates of Crops 2024-25,9
Ranipet,Lemon,Combined,6533.0,kg/ha,2024-25,Tamil Nadu Department of Economics and Statistics - Districtwise Average Yield Rates of Crops 2024-25,10
Ranipet,Maize,Combined,5422.0,kg/ha,2024-25,Tamil Nadu Department of Economics and Statistics - Districtwise Average Yield Rates of Crops 2024-25,3
Ranipet,Maize,Kharif,5923.0,kg/ha,2024-25,Tamil Nadu Department of Economics and Statistics - Districtwise Average Yield Rates of Crops 2024-25,3
Ranipet,Maize,Rabi,5084.0,kg/ha,2024-25,Tamil Nadu Department of Economics and Statistics - Districtwise Average Yield Rates of Crops 2024-25,3
Ranipet,Mango,Combined,5855.0,kg/ha,2024-25,Tamil Nadu Department of Economics and Statistics - Districtwise Average Yield Rates of Crops 2024-25,10
Ranipet,Onion,Combined,9455.0,kg/ha,2024-25,Tamil Nadu Department of Economics and Statistics - Districtwise Average Yield Rates of Crops 2024-25,9
Ranipet,Onion,Kharif,10529.0,kg/ha,2024-25,Tamil Nadu Department of Economics and Statistics - Districtwise Average Yield Rates of Crops 2024-25,9
Ranipet,Onion,Rabi,7307.0,kg/ha,2024-25,Tamil Nadu Department of Economics and Statistics - Districtwise Average Yield Rates of Crops 2024-25,9
Ranipet,Orange,Combined,3912.0,kg/ha,2024-25,Tamil Nadu Department of Economics and Statistics - Districtwise Average Yield Rates of Crops 2024-25,10
Ranipet,Other Cereals,Combined,0.0,kg/ha,2024-25,Tamil Nadu Department of Economics and Statistics - Districtwise Average Yield Rates of Crops 2024-25,4
Ranipet,Other Pulses,Combined,585.0,kg/ha,2024-25,Tamil Nadu Department of Economics and Statistics - Districtwise Average Yield Rates of Crops 2024-25,6
Ranipet,Other Pulses,Kharif,585.0,kg/ha,2024-25,Tamil Nadu Department of Economics and Statistics - Districtwise Average Yield Rates of Crops 2024-25,6
Ranipet,Other Pulses,Rabi,585.0,kg/ha,2024-25,Tamil Nadu Department of Economics and Statistics - Districtwise Average Yield Rates of Crops 2024-25,6
Ranipet,Paddy,Combined,3650.0,kg/ha,2024-25,Tamil Nadu Department of Economics and Statistics - Districtwise Average Yield Rates of Crops 2024-25,1
Ranipet,Paddy,Kar/Kuruvai/Sornavari,4085.0,kg/ha,2024-25,Tamil Nadu Department of Economics and Statistics - Districtwise Average Yield Rates of Crops 2024-25,1
Ranipet,Paddy,Navarai/Kodai,3826.0,kg/ha,2024-25,Tamil Nadu Department of Economics and Statistics - Districtwise Average Yield Rates of Crops 2024-25,1
Ranipet,Paddy,Samba/Thaladi/Pishanam,2855.0,kg/ha,2024-25,Tamil Nadu Department of Economics and Statistics - Districtwise Average Yield Rates of Crops 2024-25,1
Ranipet,Pepper,Combined,0.0,kg/ha,2024-25,Tamil Nadu Department of Economics and Statistics - Districtwise Average Yield Rates of Crops 2024-25,7
Ranipet,Pine Apple,Combined,0.0,kg/ha,2024-25,Tamil Nadu Department of Economics and Statistics - Districtwise Average Yield Rates of Crops 2024-25,10
Ranipet,Potato,Combined,0.0,kg/ha,2024-25,Tamil Nadu Department of Economics and Statistics - Districtwise Average Yield Rates of Crops 2024-25,8
Ranipet,Potato,Kharif,0.0,kg/ha,2024-25,Tamil Nadu Department of Economics and Statistics - Districtwise Average Yield Rates of Crops 2024-25,8
Ranipet,Potato,Rabi,0.0,kg/ha,2024-25,Tamil Nadu Department of Economics and Statistics - Districtwise Average Yield Rates of Crops 2024-25,8
Ranipet,Ragi,Combined,6076.0,kg/ha,2024-25,Tamil Nadu Department of Economics and Statistics - Districtwise Average Yield Rates of Crops 2024-25,2
Ranipet,Ragi,Kharif,3922.0,kg/ha,2024-25,Tamil Nadu Department of Economics and Statistics - Districtwise Average Yield Rates of Crops 2024-25,2
Ranipet,Ragi,Rabi,6942.0,kg/ha,2024-25,Tamil Nadu Department of Economics and Statistics - Districtwise Average Yield Rates of Crops 2024-25,2
Ranipet,Rapeseed & Mustard,Combined,0.0,kg/ha,2024-25,Tamil Nadu Department of Economics and Statistics - Districtwise Average Yield Rates of Crops 2024-25,12
Ranipet,Red Gram,Combined,755.0,kg/ha,2024-25,Tamil Nadu Department of Economics and Statistics - Districtwise Average Yield Rates of Crops 2024-25,4
Ranipet,Red Gram,Kharif,755.0,kg/ha,2024-25,Tamil Nadu Department of Economics and Statistics - Districtwise Average Yield Rates of Crops 2024-25,4
Ranipet,Red Gram,Rabi,0.0,kg/ha,2024-25,Tamil Nadu Department of Economics and Statistics - Districtwise Average Yield Rates of Crops 2024-25,4
Ranipet,Samai,Combined,0.0,kg/ha,2024-25,Tamil Nadu Department of Economics and Statistics - Districtwise Average Yield Rates of Crops 2024-25,4
Ranipet,Samai,Kharif,0.0,kg/ha,2024-25,Tamil Nadu Department of Economics and Statistics - Districtwise Average Yield Rates of Crops 2024-25,4
Ranipet,Samai,Rabi,0.0,kg/ha,2024-25,Tamil Nadu Department of Economics and Statistics - Districtwise Average Yield Rates of Crops 2024-25,4
Ranipet,Sugar Cane,Combined,97.0,tonnes/ha,2024-25,Tamil Nadu Department of Economics and Statistics - Districtwise Average Yield Rates of Crops 2024-25,6
Ranipet,Sun Flower,Combined,0.0,kg/ha,2024-25,Tamil Nadu Department of Economics and Statistics - Districtwise Average Yield Rates of Crops 2024-25,12
Ranipet,Sun Flower,Kharif,0.0,kg/ha,2024-25,Tamil Nadu Department of Economics and Statistics - Districtwise Average Yield Rates of Crops 2024-25,12
Ranipet,Sun Flower,Rabi,0.0,kg/ha,2024-25,Tamil Nadu Department of Economics and Statistics - Districtwise Average Yield Rates of Crops 2024-25,12
Ranipet,Sweet Potato,Combined,19336.0,kg/ha,2024-25,Tamil Nadu Department of Economics and Statistics - Districtwise Average Yield Rates of Crops 2024-25,8
Ranipet,Tamarind,Combined,3775.0,kg/ha,2024-25,Tamil Nadu Department of Economics and Statistics - Districtwise Average Yield Rates of Crops 2024-25,8
Ranipet,Tapioca,Combined,40259.0,kg/ha,2024-25,Tamil Nadu Department of Economics and Statistics - Districtwise Average Yield Rates of Crops 2024-25,8
Ranipet,Tobacco,Combined,0.0,kg/ha,2024-25,Tamil Nadu Department of Economics and Statistics - Districtwise Average Yield Rates of Crops 2024-25,13
Ranipet,Tomato,Combined,19663.0,kg/ha,2024-25,Tamil Nadu Department of Economics and Statistics - Districtwise Average Yield Rates of Crops 2024-25,9
Ranipet,Turmeric,Combined,0.0,kg/ha,2024-25,Tamil Nadu Department of Economics and Statistics - Districtwise Average Yield Rates of Crops 2024-25,7
Ranipet,Varagu,Combined,0.0,kg/ha,2024-25,Tamil Nadu Department of Economics and Statistics - Districtwise Average Yield Rates of Crops 2024-25,3
Ranipet,Varagu,Kharif,0.0,kg/ha,2024-25,Tamil Nadu Department of Economics and Statistics - Districtwise Average Yield Rates of Crops 2024-25,3
Ranipet,Varagu,Rabi,0.0,kg/ha,2024-25,Tamil Nadu Department of Economics and Statistics - Districtwise Average Yield Rates of Crops 2024-25,3
Salem,Arecanut,Combined,1657.0,kg/ha,2024-25,Tamil Nadu Department of Economics and Statistics - Districtwise Average Yield Rates of Crops 2024-25,7
Salem,Bajra (Cumbu),Combined,2704.0,kg/ha,2024-25,Tamil Nadu Department of Economics and Statistics - Districtwise Average Yield Rates of Crops 2024-25,2
Salem,Bajra (Cumbu),Kharif,2652.0,kg/ha,2024-25,Tamil Nadu Department of Economics and Statistics - Districtwise Average Yield Rates of Crops 2024-25,2
Salem,Bajra (Cumbu),Rabi,4028.0,kg/ha,2024-25,Tamil Nadu Department of Economics and Statistics - Districtwise Average Yield Rates of Crops 2024-25,2
Salem,Banana,Combined,27023.0,kg/ha,2024-25,Tamil Nadu Department of Economics and Statistics - Districtwise Average Yield Rates of Crops 2024-25,10
Salem,Bengal Gram,Combined,926.0,kg/ha,2024-25,Tamil Nadu Department of Economics and Statistics - Districtwise Average Yield Rates of Crops 2024-25,4
Salem,Black Gram,Combined,636.0,kg/ha,2024-25,Tamil Nadu Department of Economics and Statistics - Districtwise Average Yield Rates of Crops 2024-25,5
Salem,Black Gram,Kharif,776.0,kg/ha,2024-25,Tamil Nadu Department of Economics and Statistics - Districtwise Average Yield Rates of Crops 2024-25,5
Salem,Black Gram,Rabi,456.0,kg/ha,2024-25,Tamil Nadu Department of Economics and Statistics - Districtwise Average Yield Rates of Crops 2024-25,5
Salem,Brinjal,Combined,9760.0,kg/ha,2024-25,Tamil Nadu Department of Economics and Statistics - Districtwise Average Yield Rates of Crops 2024-25,9
Salem,Cabbage,Combined,71595.0,kg/ha,2024-25,Tamil Nadu Department of Economics and Statistics - Districtwise Average Yield Rates of Crops 2024-25,9
Salem,Cardamom,Combined,82.0,kg/ha,2024-25,Tamil Nadu Department of Economics and Statistics - Districtwise Average Yield Rates of Crops 2024-25,8
Salem,Cashew Nut,Combined,364.0,kg/ha,2024-25,Tamil Nadu Department of Economics and Statistics - Districtwise Average Yield Rates of Crops 2024-25,10
Salem,Castor,Combined,312.0,kg/ha,2024-25,Tamil Nadu Department of Economics and Statistics - Districtwise Average Yield Rates of Crops 2024-25,12
Salem,Chillies,Combined,600.0,kg/ha,2024-25,Tamil Nadu Department of Economics and Statistics - Districtwise Average Yield Rates of Crops 2024-25,7
Salem,Cloves,Combined,959.0,kg/ha,2024-25,Tamil Nadu Department of Economics and Statistics - Districtwise Average Yield Rates of Crops 2024-25,7
Salem,Coconut,Combined,10381.0,nuts/ha,2024-25,Tamil Nadu Department of Economics and Statistics - Districtwise Average Yield Rates of Crops 2024-25,13
Salem,Coriander,Combined,444.0,kg/ha,2024-25,Tamil Nadu Department of Economics and Statistics - Districtwise Average Yield Rates of Crops 2024-25,8
Salem,Cotton,Combined,2415.0,kg/ha,2024-25,Tamil Nadu Department of Economics and Statistics - Districtwise Average Yield Rates of Crops 2024-25,13
Salem,Cotton,Kharif,334.0,kg/ha,2024-25,Tamil Nadu Department of Economics and Statistics - Districtwise Average Yield Rates of Crops 2024-25,13
Salem,Cotton,Rabi,605.0,kg/ha,2024-25,Tamil Nadu Department of Economics and Statistics - Districtwise Average Yield Rates of Crops 2024-25,13
Salem,Cowpea,Combined,633.0,kg/ha,2024-25,Tamil Nadu Department of Economics and Statistics - Districtwise Average Yield Rates of Crops 2024-25,6
Salem,Cowpea,Kharif,632.0,kg/ha,2024-25,Tamil Nadu Department of Economics and Statistics - Districtwise Average Yield Rates of Crops 2024-25,6
Salem,Cowpea,Rabi,637.0,kg/ha,2024-25,Tamil Nadu Department of Economics and Statistics - Districtwise Average Yield Rates of Crops 2024-25,6
Salem,Garlic,Combined,5712.0,kg/ha,2024-25,Tamil Nadu Department of Economics and Statistics - Districtwise Average Yield Rates of Crops 2024-25,7
Salem,Gingelly,Combined,746.0,kg/ha,2024-25,Tamil Nadu Department of Economics and Statistics - Districtwise Average Yield Rates of Crops 2024-25,11
Salem,Gingelly,Kharif,559.0,kg/ha,2024-25,Tamil Nadu Department of Economics and Statistics - Districtwise Average Yield Rates of Crops 2024-25,11
Salem,Gingelly,Rabi,849.0,kg/ha,2024-25,Tamil Nadu Department of Economics and Statistics - Districtwise Average Yield Rates of Crops 2024-25,11
Salem,Ginger,Combined,4249.0,kg/ha,2024-25,Tamil Nadu Department of Economics and Statistics - Districtwise Average Yield Rates of Crops 2024-25,7
Salem,Grapes,Combined,41573.0,kg/ha,2024-25,Tamil Nadu Department of Economics and Statistics - Districtwise Average Yield Rates of Crops 2024-25,11
Salem,Green Gram,Combined,573.0,kg/ha,2024-25,Tamil Nadu Department of Economics and Statistics - Districtwise Average Yield Rates of Crops 2024-25,5
Salem,Green Gram,Kharif,625.0,kg/ha,2024-25,Tamil Nadu Department of Economics and Statistics - Districtwise Average Yield Rates of Crops 2024-25,5
Salem,Green Gram,Rabi,248.0,kg/ha,2024-25,Tamil Nadu Department of Economics and Statistics - Districtwise Average Yield Rates of Crops 2024-25,5
Salem,Groundnut,Combined,2171.0,kg/ha,2024-25,Tamil Nadu Department of Economics and Statistics - Districtwise Average Yield Rates of Crops 2024-25,11
Salem,Groundnut,Kharif,1969.0,kg/ha,2024-25,Tamil Nadu Department of Economics and Statistics - Districtwise Average Yield Rates of Crops 2024-25,11
Salem,Groundnut,Rabi,2952.0,kg/ha,2024-25,Tamil Nadu Department of Economics and Statistics - Districtwise Average Yield Rates of Crops 2024-25,11
Salem,Guava,Combined,1709.0,kg/ha,2024-25,Tamil Nadu Department of Economics and Statistics - Districtwise Average Yield Rates of Crops 2024-25,11
Salem,Horse Gram,Combined,579.0,kg/ha,2024-25,Tamil Nadu Department of Economics and Statistics - Districtwise Average Yield Rates of Crops 2024-25,5
Salem,Horse Gram,Kharif,579.0,kg/ha,2024-25,Tamil Nadu Department of Economics and Statistics - Districtwise Average Yield Rates of Crops 2024-25,5
Salem,Horse Gram,Rabi,579.0,kg/ha,2024-25,Tamil Nadu Department of Economics and Statistics - Districtwise Average Yield Rates of Crops 2024-25,5
Salem,Jack Fruit,Combined,9778.0,kg/ha,2024-25,Tamil Nadu Department of Economics and Statistics - Districtwise Average Yield Rates of Crops 2024-25,10
Salem,Jowar (Cholam),Combined,1146.0,kg/ha,2024-25,Tamil Nadu Department of Economics and Statistics - Districtwise Average Yield Rates of Crops 2024-25,1
Salem,Jowar (Cholam),Kharif,1183.0,kg/ha,2024-25,Tamil Nadu Department of Economics and Statistics - Districtwise Average Yield Rates of Crops 2024-25,1
Salem,Jowar (Cholam),Rabi,1093.0,kg/ha,2024-25,Tamil Nadu Department of Economics and Statistics - Districtwise Average Yield Rates of Crops 2024-25,1
Salem,Korra,Combined,470.0,kg/ha,2024-25,Tamil Nadu Department of Economics and Statistics - Districtwise Average Yield Rates of Crops 2024-25,3
Salem,Lady's Finger,Combined,13178.0,kg/ha,2024-25,Tamil Nadu Department of Economics and Statistics - Districtwise Average Yield Rates of Crops 2024-25,9
Salem,Lemon,Combined,6533.0,kg/ha,2024-25,Tamil Nadu Department of Economics and Statistics - Districtwise Average Yield Rates of Crops 2024-25,10
Salem,Maize,Combined,8010.0,kg/ha,2024-25,Tamil Nadu Department of Economics and Statistics - Districtwise Average Yield Rates of Crops 2024-25,3
Salem,Maize,Kharif,8318.0,kg/ha,2024-25,Tamil Nadu Department of Economics and Statistics - Districtwise Average Yield Rates of Crops 2024-25,3
Salem,Maize,Rabi,7184.0,kg/ha,2024-25,Tamil Nadu Department of Economics and Statistics - Districtwise Average Yield Rates of Crops 2024-25,3
Salem,Mango,Combined,3191.0,kg/ha,2024-25,Tamil Nadu Department of Economics and Statistics - Districtwise Average Yield Rates of Crops 2024-25,10
Salem,Onion,Combined,7273.0,kg/ha,2024-25,Tamil Nadu Department of Economics and Statistics - Districtwise Average Yield Rates of Crops 2024-25,9
Salem,Onion,Kharif,6835.0,kg/ha,2024-25,Tamil Nadu Department of Economics and Statistics - Districtwise Average Yield Rates of Crops 2024-25,9
Salem,Onion,Rabi,7820.0,kg/ha,2024-25,Tamil Nadu Department of Economics and Statistics - Districtwise Average Yield Rates of Crops 2024-25,9
Salem,Orange,Combined,3912.0,kg/ha,2024-25,Tamil Nadu Department of Economics and Statistics - Districtwise Average Yield Rates of Crops 2024-25,10
Salem,Other Cereals,Combined,1415.0,kg/ha,2024-25,Tamil Nadu Department of Economics and Statistics - Districtwise Average Yield Rates of Crops 2024-25,4
Salem,Other Pulses,Combined,585.0,kg/ha,2024-25,Tamil Nadu Department of Economics and Statistics - Districtwise Average Yield Rates of Crops 2024-25,6
Salem,Other Pulses,Kharif,585.0,kg/ha,2024-25,Tamil Nadu Department of Economics and Statistics - Districtwise Average Yield Rates of Crops 2024-25,6
Salem,Other Pulses,Rabi,585.0,kg/ha,2024-25,Tamil Nadu Department of Economics and Statistics - Districtwise Average Yield Rates of Crops 2024-25,6
Salem,Paddy,Combined,4151.0,kg/ha,2024-25,Tamil Nadu Department of Economics and Statistics - Districtwise Average Yield Rates of Crops 2024-25,1
Salem,Paddy,Kar/Kuruvai/Sornavari,3689.0,kg/ha,2024-25,Tamil Nadu Department of Economics and Statistics - Districtwise Average Yield Rates of Crops 2024-25,1
Salem,Paddy,Navarai/Kodai,4988.0,kg/ha,2024-25,Tamil Nadu Department of Economics and Statistics - Districtwise Average Yield Rates of Crops 2024-25,1
Salem,Paddy,Samba/Thaladi/Pishanam,3864.0,kg/ha,2024-25,Tamil Nadu Department of Economics and Statistics - Districtwise Average Yield Rates of Crops 2024-25,1
Salem,Pepper,Combined,192.0,kg/ha,2024-25,Tamil Nadu Department of Economics and Statistics - Districtwise Average Yield Rates of Crops 2024-25,7
Salem,Pine Apple,Combined,41249.0,kg/ha,2024-25,Tamil Nadu Department of Economics and Statistics - Districtwise Average Yield Rates of Crops 2024-25,10
Salem,Potato,Combined,0.0,kg/ha,2024-25,Tamil Nadu Department of Economics and Statistics - Districtwise Average Yield Rates of Crops 2024-25,8
Salem,Potato,Kharif,0.0,kg/ha,2024-25,Tamil Nadu Department of Economics and Statistics - Districtwise Average Yield Rates of Crops 2024-25,8
Salem,Potato,Rabi,0.0,kg/ha,2024-25,Tamil Nadu Department of Economics and Statistics - Districtwise Average Yield Rates of Crops 2024-25,8
Salem,Ragi,Combined,5161.0,kg/ha,2024-25,Tamil Nadu Department of Economics and Statistics - Districtwise Average Yield Rates of Crops 2024-25,2
Salem,Ragi,Kharif,3155.0,kg/ha,2024-25,Tamil Nadu Department of Economics and Statistics - Districtwise Average Yield Rates of Crops 2024-25,2
Salem,Ragi,Rabi,7362.0,kg/ha,2024-25,Tamil Nadu Department of Economics and Statistics - Districtwise Average Yield Rates of Crops 2024-25,2
Salem,Rapeseed & Mustard,Combined,0.0,kg/ha,2024-25,Tamil Nadu Department of Economics and Statistics - Districtwise Average Yield Rates of Crops 2024-25,12
Salem,Red Gram,Combined,1020.0,kg/ha,2024-25,Tamil Nadu Department of Economics and Statistics - Districtwise Average Yield Rates of Crops 2024-25,4
Salem,Red Gram,Kharif,1020.0,kg/ha,2024-25,Tamil Nadu Department of Economics and Statistics - Districtwise Average Yield Rates of Crops 2024-25,4
Salem,Red Gram,Rabi,1020.0,kg/ha,2024-25,Tamil Nadu Department of Economics and Statistics - Districtwise Average Yield Rates of Crops 2024-25,4
Salem,Samai,Combined,1456.0,kg/ha,2024-25,Tamil Nadu Department of Economics and Statistics - Districtwise Average Yield Rates of Crops 2024-25,4
Salem,Samai,Kharif,1456.0,kg/ha,2024-25,Tamil Nadu Department of Economics and Statistics - Districtwise Average Yield Rates of Crops 2024-25,4
Salem,Samai,Rabi,1456.0,kg/ha,2024-25,Tamil Nadu Department of Economics and Statistics - Districtwise Average Yield Rates of Crops 2024-25,4
Salem,Sugar Cane,Combined,91.0,tonnes/ha,2024-25,Tamil Nadu Department of Economics and Statistics - Districtwise Average Yield Rates of Crops 2024-25,6
Salem,Sun Flower,Combined,0.0,kg/ha,2024-25,Tamil Nadu Department of Economics and Statistics - Districtwise Average Yield Rates of Crops 2024-25,12
Salem,Sun Flower,Kharif,0.0,kg/ha,2024-25,Tamil Nadu Department of Economics and Statistics - Districtwise Average Yield Rates of Crops 2024-25,12
Salem,Sun Flower,Rabi,0.0,kg/ha,2024-25,Tamil Nadu Department of Economics and Statistics - Districtwise Average Yield Rates of Crops 2024-25,12
Salem,Sweet Potato,Combined,19336.0,kg/ha,2024-25,Tamil Nadu Department of Economics and Statistics - Districtwise Average Yield Rates of Crops 2024-25,8
Salem,Tamarind,Combined,3403.0,kg/ha,2024-25,Tamil Nadu Department of Economics and Statistics - Districtwise Average Yield Rates of Crops 2024-25,8
Salem,Tapioca,Combined,40615.0,kg/ha,2024-25,Tamil Nadu Department of Economics and Statistics - Districtwise Average Yield Rates of Crops 2024-25,8
Salem,Tobacco,Combined,1525.0,kg/ha,2024-25,Tamil Nadu Department of Economics and Statistics - Districtwise Average Yield Rates of Crops 2024-25,13
Salem,Tomato,Combined,16393.0,kg/ha,2024-25,Tamil Nadu Department of Economics and Statistics - Districtwise Average Yield Rates of Crops 2024-25,9
Salem,Turmeric,Combined,46519.0,kg/ha,2024-25,Tamil Nadu Department of Economics and Statistics - Districtwise Average Yield Rates of Crops 2024-25,7
Salem,Varagu,Combined,1326.0,kg/ha,2024-25,Tamil Nadu Department of Economics and Statistics - Districtwise Average Yield Rates of Crops 2024-25,3
Salem,Varagu,Kharif,1323.0,kg/ha,2024-25,Tamil Nadu Department of Economics and Statistics - Districtwise Average Yield Rates of Crops 2024-25,3
Salem,Varagu,Rabi,1415.0,kg/ha,2024-25,Tamil Nadu Department of Economics and Statistics - Districtwise Average Yield Rates of Crops 2024-25,3
Sivagangai,Arecanut,Combined,1141.0,kg/ha,2024-25,Tamil Nadu Department of Economics and Statistics - Districtwise Average Yield Rates of Crops 2024-25,7
Sivagangai,Bajra (Cumbu),Combined,2263.0,kg/ha,2024-25,Tamil Nadu Department of Economics and Statistics - Districtwise Average Yield Rates of Crops 2024-25,2
Sivagangai,Bajra (Cumbu),Kharif,2652.0,kg/ha,2024-25,Tamil Nadu Department of Economics and Statistics - Districtwise Average Yield Rates of Crops 2024-25,2
Sivagangai,Bajra (Cumbu),Rabi,1597.0,kg/ha,2024-25,Tamil Nadu Department of Economics and Statistics - Districtwise Average Yield Rates of Crops 2024-25,2
Sivagangai,Banana,Combined,31310.0,kg/ha,2024-25,Tamil Nadu Department of Economics and Statistics - Districtwise Average Yield Rates of Crops 2024-25,10
Sivagangai,Bengal Gram,Combined,0.0,kg/ha,2024-25,Tamil Nadu Department of Economics and Statistics - Districtwise Average Yield Rates of Crops 2024-25,4
Sivagangai,Black Gram,Combined,472.0,kg/ha,2024-25,Tamil Nadu Department of Economics and Statistics - Districtwise Average Yield Rates of Crops 2024-25,5
Sivagangai,Black Gram,Kharif,531.0,kg/ha,2024-25,Tamil Nadu Department of Economics and Statistics - Districtwise Average Yield Rates of Crops 2024-25,5
Sivagangai,Black Gram,Rabi,456.0,kg/ha,2024-25,Tamil Nadu Department of Economics and Statistics - Districtwise Average Yield Rates of Crops 2024-25,5
Sivagangai,Brinjal,Combined,13225.0,kg/ha,2024-25,Tamil Nadu Department of Economics and Statistics - Districtwise Average Yield Rates of Crops 2024-25,9
Sivagangai,Cabbage,Combined,0.0,kg/ha,2024-25,Tamil Nadu Department of Economics and Statistics - Districtwise Average Yield Rates of Crops 2024-25,9
Sivagangai,Cardamom,Combined,0.0,kg/ha,2024-25,Tamil Nadu Department of Economics and Statistics - Districtwise Average Yield Rates of Crops 2024-25,8
Sivagangai,Cashew Nut,Combined,10.0,kg/ha,2024-25,Tamil Nadu Department of Economics and Statistics - Districtwise Average Yield Rates of Crops 2024-25,10
Sivagangai,Castor,Combined,312.0,kg/ha,2024-25,Tamil Nadu Department of Economics and Statistics - Districtwise Average Yield Rates of Crops 2024-25,12
Sivagangai,Chillies,Combined,321.0,kg/ha,2024-25,Tamil Nadu Department of Economics and Statistics - Districtwise Average Yield Rates of Crops 2024-25,7
Sivagangai,Cloves,Combined,0.0,kg/ha,2024-25,Tamil Nadu Department of Economics and Statistics - Districtwise Average Yield Rates of Crops 2024-25,7
Sivagangai,Coconut,Combined,16370.0,nuts/ha,2024-25,Tamil Nadu Department of Economics and Statistics - Districtwise Average Yield Rates of Crops 2024-25,13
Sivagangai,Coriander,Combined,444.0,kg/ha,2024-25,Tamil Nadu Department of Economics and Statistics - Districtwise Average Yield Rates of Crops 2024-25,8
Sivagangai,Cotton,Combined,2208.0,kg/ha,2024-25,Tamil Nadu Department of Economics and Statistics - Districtwise Average Yield Rates of Crops 2024-25,13
Sivagangai,Cotton,Kharif,282.0,kg/ha,2024-25,Tamil Nadu Department of Economics and Statistics - Districtwise Average Yield Rates of Crops 2024-25,13
Sivagangai,Cotton,Rabi,386.0,kg/ha,2024-25,Tamil Nadu Department of Economics and Statistics - Districtwise Average Yield Rates of Crops 2024-25,13
Sivagangai,Cowpea,Combined,575.0,kg/ha,2024-25,Tamil Nadu Department of Economics and Statistics - Districtwise Average Yield Rates of Crops 2024-25,6
Sivagangai,Cowpea,Kharif,604.0,kg/ha,2024-25,Tamil Nadu Department of Economics and Statistics - Districtwise Average Yield Rates of Crops 2024-25,6
Sivagangai,Cowpea,Rabi,549.0,kg/ha,2024-25,Tamil Nadu Department of Economics and Statistics - Districtwise Average Yield Rates of Crops 2024-25,6
Sivagangai,Garlic,Combined,0.0,kg/ha,2024-25,Tamil Nadu Department of Economics and Statistics - Districtwise Average Yield Rates of Crops 2024-25,7
Sivagangai,Gingelly,Combined,427.0,kg/ha,2024-25,Tamil Nadu Department of Economics and Statistics - Districtwise Average Yield Rates of Crops 2024-25,11
Sivagangai,Gingelly,Kharif,487.0,kg/ha,2024-25,Tamil Nadu Department of Economics and Statistics - Districtwise Average Yield Rates of Crops 2024-25,11
Sivagangai,Gingelly,Rabi,414.0,kg/ha,2024-25,Tamil Nadu Department of Economics and Statistics - Districtwise Average Yield Rates of Crops 2024-25,11
Sivagangai,Ginger,Combined,5488.0,kg/ha,2024-25,Tamil Nadu Department of Economics and Statistics - Districtwise Average Yield Rates of Crops 2024-25,7
Sivagangai,Grapes,Combined,0.0,kg/ha,2024-25,Tamil Nadu Department of Economics and Statistics - Districtwise Average Yield Rates of Crops 2024-25,11
Sivagangai,Green Gram,Combined,564.0,kg/ha,2024-25,Tamil Nadu Department of Economics and Statistics - Districtwise Average Yield Rates of Crops 2024-25,5
Sivagangai,Green Gram,Kharif,564.0,kg/ha,2024-25,Tamil Nadu Department of Economics and Statistics - Districtwise Average Yield Rates of Crops 2024-25,5
Sivagangai,Green Gram,Rabi,248.0,kg/ha,2024-25,Tamil Nadu Department of Economics and Statistics - Districtwise Average Yield Rates of Crops 2024-25,5
Sivagangai,Groundnut,Combined,2014.0,kg/ha,2024-25,Tamil Nadu Department of Economics and Statistics - Districtwise Average Yield Rates of Crops 2024-25,11
Sivagangai,Groundnut,Kharif,1222.0,kg/ha,2024-25,Tamil Nadu Department of Economics and Statistics - Districtwise Average Yield Rates of Crops 2024-25,11
Sivagangai,Groundnut,Rabi,3202.0,kg/ha,2024-25,Tamil Nadu Department of Economics and Statistics - Districtwise Average Yield Rates of Crops 2024-25,11
Sivagangai,Guava,Combined,3705.0,kg/ha,2024-25,Tamil Nadu Department of Economics and Statistics - Districtwise Average Yield Rates of Crops 2024-25,11
Sivagangai,Horse Gram,Combined,710.0,kg/ha,2024-25,Tamil Nadu Department of Economics and Statistics - Districtwise Average Yield Rates of Crops 2024-25,5
Sivagangai,Horse Gram,Kharif,0.0,kg/ha,2024-25,Tamil Nadu Department of Economics and Statistics - Districtwise Average Yield Rates of Crops 2024-25,5
Sivagangai,Horse Gram,Rabi,710.0,kg/ha,2024-25,Tamil Nadu Department of Economics and Statistics - Districtwise Average Yield Rates of Crops 2024-25,5
Sivagangai,Jack Fruit,Combined,20056.0,kg/ha,2024-25,Tamil Nadu Department of Economics and Statistics - Districtwise Average Yield Rates of Crops 2024-25,10
Sivagangai,Jowar (Cholam),Combined,1218.0,kg/ha,2024-25,Tamil Nadu Department of Economics and Statistics - Districtwise Average Yield Rates of Crops 2024-25,1
Sivagangai,Jowar (Cholam),Kharif,1293.0,kg/ha,2024-25,Tamil Nadu Department of Economics and Statistics - Districtwise Average Yield Rates of Crops 2024-25,1
Sivagangai,Jowar (Cholam),Rabi,1147.0,kg/ha,2024-25,Tamil Nadu Department of Economics and Statistics - Districtwise Average Yield Rates of Crops 2024-25,1
Sivagangai,Korra,Combined,0.0,kg/ha,2024-25,Tamil Nadu Department of Economics and Statistics - Districtwise Average Yield Rates of Crops 2024-25,3
Sivagangai,Lady's Finger,Combined,11366.0,kg/ha,2024-25,Tamil Nadu Department of Economics and Statistics - Districtwise Average Yield Rates of Crops 2024-25,9
Sivagangai,Lemon,Combined,6533.0,kg/ha,2024-25,Tamil Nadu Department of Economics and Statistics - Districtwise Average Yield Rates of Crops 2024-25,10
Sivagangai,Maize,Combined,5348.0,kg/ha,2024-25,Tamil Nadu Department of Economics and Statistics - Districtwise Average Yield Rates of Crops 2024-25,3
Sivagangai,Maize,Kharif,5923.0,kg/ha,2024-25,Tamil Nadu Department of Economics and Statistics - Districtwise Average Yield Rates of Crops 2024-25,3
Sivagangai,Maize,Rabi,5084.0,kg/ha,2024-25,Tamil Nadu Department of Economics and Statistics - Districtwise Average Yield Rates of Crops 2024-25,3
Sivagangai,Mango,Combined,4892.0,kg/ha,2024-25,Tamil Nadu Department of Economics and Statistics - Districtwise Average Yield Rates of Crops 2024-25,10
Sivagangai,Onion,Combined,8296.0,kg/ha,2024-25,Tamil Nadu Department of Economics and Statistics - Districtwise Average Yield Rates of Crops 2024-25,9
Sivagangai,Onion,Kharif,10529.0,kg/ha,2024-25,Tamil Nadu Department of Economics and Statistics - Districtwise Average Yield Rates of Crops 2024-25,9
Sivagangai,Onion,Rabi,7307.0,kg/ha,2024-25,Tamil Nadu Department of Economics and Statistics - Districtwise Average Yield Rates of Crops 2024-25,9
Sivagangai,Orange,Combined,3912.0,kg/ha,2024-25,Tamil Nadu Department of Economics and Statistics - Districtwise Average Yield Rates of Crops 2024-25,10
Sivagangai,Other Cereals,Combined,1415.0,kg/ha,2024-25,Tamil Nadu Department of Economics and Statistics - Districtwise Average Yield Rates of Crops 2024-25,4
Sivagangai,Other Pulses,Combined,585.0,kg/ha,2024-25,Tamil Nadu Department of Economics and Statistics - Districtwise Average Yield Rates of Crops 2024-25,6
Sivagangai,Other Pulses,Kharif,585.0,kg/ha,2024-25,Tamil Nadu Department of Economics and Statistics - Districtwise Average Yield Rates of Crops 2024-25,6
Sivagangai,Other Pulses,Rabi,585.0,kg/ha,2024-25,Tamil Nadu Department of Economics and Statistics - Districtwise Average Yield Rates of Crops 2024-25,6
Sivagangai,Paddy,Combined,2892.0,kg/ha,2024-25,Tamil Nadu Department of Economics and Statistics - Districtwise Average Yield Rates of Crops 2024-25,1
Sivagangai,Paddy,Kar/Kuruvai/Sornavari,3689.0,kg/ha,2024-25,Tamil Nadu Department of Economics and Statistics - Districtwise Average Yield Rates of Crops 2024-25,1
Sivagangai,Paddy,Navarai/Kodai,3874.0,kg/ha,2024-25,Tamil Nadu Department of Economics and Statistics - Districtwise Average Yield Rates of Crops 2024-25,1
Sivagangai,Paddy,Samba/Thaladi/Pishanam,2858.0,kg/ha,2024-25,Tamil Nadu Department of Economics and Statistics - Districtwise Average Yield Rates of Crops 2024-25,1
Sivagangai,Pepper,Combined,0.0,kg/ha,2024-25,Tamil Nadu Department of Economics and Statistics - Districtwise Average Yield Rates of Crops 2024-25,7
Sivagangai,Pine Apple,Combined,0.0,kg/ha,2024-25,Tamil Nadu Department of Economics and Statistics - Districtwise Average Yield Rates of Crops 2024-25,10
Sivagangai,Potato,Combined,0.0,kg/ha,2024-25,Tamil Nadu Department of Economics and Statistics - Districtwise Average Yield Rates of Crops 2024-25,8
Sivagangai,Potato,Kharif,0.0,kg/ha,2024-25,Tamil Nadu Department of Economics and Statistics - Districtwise Average Yield Rates of Crops 2024-25,8
Sivagangai,Potato,Rabi,0.0,kg/ha,2024-25,Tamil Nadu Department of Economics and Statistics - Districtwise Average Yield Rates of Crops 2024-25,8
Sivagangai,Ragi,Combined,5895.0,kg/ha,2024-25,Tamil Nadu Department of Economics and Statistics - Districtwise Average Yield Rates of Crops 2024-25,2
Sivagangai,Ragi,Kharif,3922.0,kg/ha,2024-25,Tamil Nadu Department of Economics and Statistics - Districtwise Average Yield Rates of Crops 2024-25,2
Sivagangai,Ragi,Rabi,6942.0,kg/ha,2024-25,Tamil Nadu Department of Economics and Statistics - Districtwise Average Yield Rates of Crops 2024-25,2
Sivagangai,Rapeseed & Mustard,Combined,0.0,kg/ha,2024-25,Tamil Nadu Department of Economics and Statistics - Districtwise Average Yield Rates of Crops 2024-25,12
Sivagangai,Red Gram,Combined,1024.0,kg/ha,2024-25,Tamil Nadu Department of Economics and Statistics - Districtwise Average Yield Rates of Crops 2024-25,4
Sivagangai,Red Gram,Kharif,1015.0,kg/ha,2024-25,Tamil Nadu Department of Economics and Statistics - Districtwise Average Yield Rates of Crops 2024-25,4
Sivagangai,Red Gram,Rabi,1026.0,kg/ha,2024-25,Tamil Nadu Department of Economics and Statistics - Districtwise Average Yield Rates of Crops 2024-25,4
Sivagangai,Samai,Combined,0.0,kg/ha,2024-25,Tamil Nadu Department of Economics and Statistics - Districtwise Average Yield Rates of Crops 2024-25,4
Sivagangai,Samai,Kharif,0.0,kg/ha,2024-25,Tamil Nadu Department of Economics and Statistics - Districtwise Average Yield Rates of Crops 2024-25,4
Sivagangai,Samai,Rabi,0.0,kg/ha,2024-25,Tamil Nadu Department of Economics and Statistics - Districtwise Average Yield Rates of Crops 2024-25,4
Sivagangai,Sugar Cane,Combined,88.0,tonnes/ha,2024-25,Tamil Nadu Department of Economics and Statistics - Districtwise Average Yield Rates of Crops 2024-25,6
Sivagangai,Sun Flower,Combined,0.0,kg/ha,2024-25,Tamil Nadu Department of Economics and Statistics - Districtwise Average Yield Rates of Crops 2024-25,12
Sivagangai,Sun Flower,Kharif,0.0,kg/ha,2024-25,Tamil Nadu Department of Economics and Statistics - Districtwise Average Yield Rates of Crops 2024-25,12
Sivagangai,Sun Flower,Rabi,0.0,kg/ha,2024-25,Tamil Nadu Department of Economics and Statistics - Districtwise Average Yield Rates of Crops 2024-25,12
Sivagangai,Sweet Potato,Combined,19336.0,kg/ha,2024-25,Tamil Nadu Department of Economics and Statistics - Districtwise Average Yield Rates of Crops 2024-25,8
Sivagangai,Tamarind,Combined,3153.0,kg/ha,2024-25,Tamil Nadu Department of Economics and Statistics - Districtwise Average Yield Rates of Crops 2024-25,8
Sivagangai,Tapioca,Combined,40259.0,kg/ha,2024-25,Tamil Nadu Department of Economics and Statistics - Districtwise Average Yield Rates of Crops 2024-25,8
Sivagangai,Tobacco,Combined,0.0,kg/ha,2024-25,Tamil Nadu Department of Economics and Statistics - Districtwise Average Yield Rates of Crops 2024-25,13
Sivagangai,Tomato,Combined,19663.0,kg/ha,2024-25,Tamil Nadu Department of Economics and Statistics - Districtwise Average Yield Rates of Crops 2024-25,9
Sivagangai,Turmeric,Combined,46519.0,kg/ha,2024-25,Tamil Nadu Department of Economics and Statistics - Districtwise Average Yield Rates of Crops 2024-25,7
Sivagangai,Varagu,Combined,1409.0,kg/ha,2024-25,Tamil Nadu Department of Economics and Statistics - Districtwise Average Yield Rates of Crops 2024-25,3
Sivagangai,Varagu,Kharif,1323.0,kg/ha,2024-25,Tamil Nadu Department of Economics and Statistics - Districtwise Average Yield Rates of Crops 2024-25,3
Sivagangai,Varagu,Rabi,1415.0,kg/ha,2024-25,Tamil Nadu Department of Economics and Statistics - Districtwise Average Yield Rates of Crops 2024-25,3
Tenkasi,Arecanut,Combined,356.0,kg/ha,2024-25,Tamil Nadu Department of Economics and Statistics - Districtwise Average Yield Rates of Crops 2024-25,7
Tenkasi,Bajra (Cumbu),Combined,2604.0,kg/ha,2024-25,Tamil Nadu Department of Economics and Statistics - Districtwise Average Yield Rates of Crops 2024-25,2
Tenkasi,Bajra (Cumbu),Kharif,2652.0,kg/ha,2024-25,Tamil Nadu Department of Economics and Statistics - Districtwise Average Yield Rates of Crops 2024-25,2
Tenkasi,Bajra (Cumbu),Rabi,1469.0,kg/ha,2024-25,Tamil Nadu Department of Economics and Statistics - Districtwise Average Yield Rates of Crops 2024-25,2
Tenkasi,Banana,Combined,30353.0,kg/ha,2024-25,Tamil Nadu Department of Economics and Statistics - Districtwise Average Yield Rates of Crops 2024-25,10
Tenkasi,Bengal Gram,Combined,0.0,kg/ha,2024-25,Tamil Nadu Department of Economics and Statistics - Districtwise Average Yield Rates of Crops 2024-25,4
Tenkasi,Black Gram,Combined,299.0,kg/ha,2024-25,Tamil Nadu Department of Economics and Statistics - Districtwise Average Yield Rates of Crops 2024-25,5
Tenkasi,Black Gram,Kharif,531.0,kg/ha,2024-25,Tamil Nadu Department of Economics and Statistics - Districtwise Average Yield Rates of Crops 2024-25,5
Tenkasi,Black Gram,Rabi,293.0,kg/ha,2024-25,Tamil Nadu Department of Economics and Statistics - Districtwise Average Yield Rates of Crops 2024-25,5
Tenkasi,Brinjal,Combined,13225.0,kg/ha,2024-25,Tamil Nadu Department of Economics and Statistics - Districtwise Average Yield Rates of Crops 2024-25,9
Tenkasi,Cabbage,Combined,71595.0,kg/ha,2024-25,Tamil Nadu Department of Economics and Statistics - Districtwise Average Yield Rates of Crops 2024-25,9
Tenkasi,Cardamom,Combined,92.0,kg/ha,2024-25,Tamil Nadu Department of Economics and Statistics - Districtwise Average Yield Rates of Crops 2024-25,8
Tenkasi,Cashew Nut,Combined,152.0,kg/ha,2024-25,Tamil Nadu Department of Economics and Statistics - Districtwise Average Yield Rates of Crops 2024-25,10
Tenkasi,Castor,Combined,312.0,kg/ha,2024-25,Tamil Nadu Department of Economics and Statistics - Districtwise Average Yield Rates of Crops 2024-25,12
Tenkasi,Chillies,Combined,528.0,kg/ha,2024-25,Tamil Nadu Department of Economics and Statistics - Districtwise Average Yield Rates of Crops 2024-25,7
Tenkasi,Cloves,Combined,959.0,kg/ha,2024-25,Tamil Nadu Department of Economics and Statistics - Districtwise Average Yield Rates of Crops 2024-25,7
Tenkasi,Coconut,Combined,16351.0,nuts/ha,2024-25,Tamil Nadu Department of Economics and Statistics - Districtwise Average Yield Rates of Crops 2024-25,13
Tenkasi,Coriander,Combined,444.0,kg/ha,2024-25,Tamil Nadu Department of Economics and Statistics - Districtwise Average Yield Rates of Crops 2024-25,8
Tenkasi,Cotton,Combined,1347.0,kg/ha,2024-25,Tamil Nadu Department of Economics and Statistics - Districtwise Average Yield Rates of Crops 2024-25,13
Tenkasi,Cotton,Kharif,282.0,kg/ha,2024-25,Tamil Nadu Department of Economics and Statistics - Districtwise Average Yield Rates of Crops 2024-25,13
Tenkasi,Cotton,Rabi,197.0,kg/ha,2024-25,Tamil Nadu Department of Economics and Statistics - Districtwise Average Yield Rates of Crops 2024-25,13
Tenkasi,Cowpea,Combined,564.0,kg/ha,2024-25,Tamil Nadu Department of Economics and Statistics - Districtwise Average Yield Rates of Crops 2024-25,6
Tenkasi,Cowpea,Kharif,604.0,kg/ha,2024-25,Tamil Nadu Department of Economics and Statistics - Districtwise Average Yield Rates of Crops 2024-25,6
Tenkasi,Cowpea,Rabi,549.0,kg/ha,2024-25,Tamil Nadu Department of Economics and Statistics - Districtwise Average Yield Rates of Crops 2024-25,6
Tenkasi,Garlic,Combined,0.0,kg/ha,2024-25,Tamil Nadu Department of Economics and Statistics - Districtwise Average Yield Rates of Crops 2024-25,7
Tenkasi,Gingelly,Combined,334.0,kg/ha,2024-25,Tamil Nadu Department of Economics and Statistics - Districtwise Average Yield Rates of Crops 2024-25,11
Tenkasi,Gingelly,Kharif,295.0,kg/ha,2024-25,Tamil Nadu Department of Economics and Statistics - Districtwise Average Yield Rates of Crops 2024-25,11
Tenkasi,Gingelly,Rabi,414.0,kg/ha,2024-25,Tamil Nadu Department of Economics and Statistics - Districtwise Average Yield Rates of Crops 2024-25,11
Tenkasi,Ginger,Combined,5488.0,kg/ha,2024-25,Tamil Nadu Department of Economics and Statistics - Districtwise Average Yield Rates of Crops 2024-25,7
Tenkasi,Grapes,Combined,41573.0,kg/ha,2024-25,Tamil Nadu Department of Economics and Statistics - Districtwise Average Yield Rates of Crops 2024-25,11
Tenkasi,Green Gram,Combined,129.0,kg/ha,2024-25,Tamil Nadu Department of Economics and Statistics - Districtwise Average Yield Rates of Crops 2024-25,5
Tenkasi,Green Gram,Kharif,564.0,kg/ha,2024-25,Tamil Nadu Department of Economics and Statistics - Districtwise Average Yield Rates of Crops 2024-25,5
Tenkasi,Green Gram,Rabi,125.0,kg/ha,2024-25,Tamil Nadu Department of Economics and Statistics - Districtwise Average Yield Rates of Crops 2024-25,5
Tenkasi,Groundnut,Combined,2119.0,kg/ha,2024-25,Tamil Nadu Department of Economics and Statistics - Districtwise Average Yield Rates of Crops 2024-25,11
Tenkasi,Groundnut,Kharif,1970.0,kg/ha,2024-25,Tamil Nadu Department of Economics and Statistics - Districtwise Average Yield Rates of Crops 2024-25,11
Tenkasi,Groundnut,Rabi,3202.0,kg/ha,2024-25,Tamil Nadu Department of Economics and Statistics - Districtwise Average Yield Rates of Crops 2024-25,11
Tenkasi,Guava,Combined,5804.0,kg/ha,2024-25,Tamil Nadu Department of Economics and Statistics - Districtwise Average Yield Rates of Crops 2024-25,11
Tenkasi,Horse Gram,Combined,0.0,kg/ha,2024-25,Tamil Nadu Department of Economics and Statistics - Districtwise Average Yield Rates of Crops 2024-25,5
Tenkasi,Horse Gram,Kharif,0.0,kg/ha,2024-25,Tamil Nadu Department of Economics and Statistics - Districtwise Average Yield Rates of Crops 2024-25,5
Tenkasi,Horse Gram,Rabi,0.0,kg/ha,2024-25,Tamil Nadu Department of Economics and Statistics - Districtwise Average Yield Rates of Crops 2024-25,5
Tenkasi,Jack Fruit,Combined,20056.0,kg/ha,2024-25,Tamil Nadu Department of Economics and Statistics - Districtwise Average Yield Rates of Crops 2024-25,10
Tenkasi,Jowar (Cholam),Combined,1293.0,kg/ha,2024-25,Tamil Nadu Department of Economics and Statistics - Districtwise Average Yield Rates of Crops 2024-25,1
Tenkasi,Jowar (Cholam),Kharif,1293.0,kg/ha,2024-25,Tamil Nadu Department of Economics and Statistics - Districtwise Average Yield Rates of Crops 2024-25,1
Tenkasi,Jowar (Cholam),Rabi,1382.0,kg/ha,2024-25,Tamil Nadu Department of Economics and Statistics - Districtwise Average Yield Rates of Crops 2024-25,1
Tenkasi,Korra,Combined,0.0,kg/ha,2024-25,Tamil Nadu Department of Economics and Statistics - Districtwise Average Yield Rates of Crops 2024-25,3
Tenkasi,Lady's Finger,Combined,11366.0,kg/ha,2024-25,Tamil Nadu Department of Economics and Statistics - Districtwise Average Yield Rates of Crops 2024-25,9
Tenkasi,Lemon,Combined,7002.0,kg/ha,2024-25,Tamil Nadu Department of Economics and Statistics - Districtwise Average Yield Rates of Crops 2024-25,10
Tenkasi,Maize,Combined,4646.0,kg/ha,2024-25,Tamil Nadu Department of Economics and Statistics - Districtwise Average Yield Rates of Crops 2024-25,3
Tenkasi,Maize,Kharif,5923.0,kg/ha,2024-25,Tamil Nadu Department of Economics and Statistics - Districtwise Average Yield Rates of Crops 2024-25,3
Tenkasi,Maize,Rabi,4547.0,kg/ha,2024-25,Tamil Nadu Department of Economics and Statistics - Districtwise Average Yield Rates of Crops 2024-25,3
Tenkasi,Mango,Combined,23674.0,kg/ha,2024-25,Tamil Nadu Department of Economics and Statistics - Districtwise Average Yield Rates of Crops 2024-25,10
Tenkasi,Onion,Combined,17084.0,kg/ha,2024-25,Tamil Nadu Department of Economics and Statistics - Districtwise Average Yield Rates of Crops 2024-25,9
Tenkasi,Onion,Kharif,17859.0,kg/ha,2024-25,Tamil Nadu Department of Economics and Statistics - Districtwise Average Yield Rates of Crops 2024-25,9
Tenkasi,Onion,Rabi,7307.0,kg/ha,2024-25,Tamil Nadu Department of Economics and Statistics - Districtwise Average Yield Rates of Crops 2024-25,9
Tenkasi,Orange,Combined,3912.0,kg/ha,2024-25,Tamil Nadu Department of Economics and Statistics - Districtwise Average Yield Rates of Crops 2024-25,10
Tenkasi,Other Cereals,Combined,1415.0,kg/ha,2024-25,Tamil Nadu Department of Economics and Statistics - Districtwise Average Yield Rates of Crops 2024-25,4
Tenkasi,Other Pulses,Combined,585.0,kg/ha,2024-25,Tamil Nadu Department of Economics and Statistics - Districtwise Average Yield Rates of Crops 2024-25,6
Tenkasi,Other Pulses,Kharif,585.0,kg/ha,2024-25,Tamil Nadu Department of Economics and Statistics - Districtwise Average Yield Rates of Crops 2024-25,6
Tenkasi,Other Pulses,Rabi,0.0,kg/ha,2024-25,Tamil Nadu Department of Economics and Statistics - Districtwise Average Yield Rates of Crops 2024-25,6
Tenkasi,Paddy,Combined,3684.0,kg/ha,2024-25,Tamil Nadu Department of Economics and Statistics - Districtwise Average Yield Rates of Crops 2024-25,1
Tenkasi,Paddy,Kar/Kuruvai/Sornavari,3508.0,kg/ha,2024-25,Tamil Nadu Department of Economics and Statistics - Districtwise Average Yield Rates of Crops 2024-25,1
Tenkasi,Paddy,Navarai/Kodai,3396.0,kg/ha,2024-25,Tamil Nadu Department of Economics and Statistics - Districtwise Average Yield Rates of Crops 2024-25,1
Tenkasi,Paddy,Samba/Thaladi/Pishanam,3954.0,kg/ha,2024-25,Tamil Nadu Department of Economics and Statistics - Districtwise Average Yield Rates of Crops 2024-25,1
Tenkasi,Pepper,Combined,217.0,kg/ha,2024-25,Tamil Nadu Department of Economics and Statistics - Districtwise Average Yield Rates of Crops 2024-25,7
Tenkasi,Pine Apple,Combined,0.0,kg/ha,2024-25,Tamil Nadu Department of Economics and Statistics - Districtwise Average Yield Rates of Crops 2024-25,10
Tenkasi,Potato,Combined,0.0,kg/ha,2024-25,Tamil Nadu Department of Economics and Statistics - Districtwise Average Yield Rates of Crops 2024-25,8
Tenkasi,Potato,Kharif,0.0,kg/ha,2024-25,Tamil Nadu Department of Economics and Statistics - Districtwise Average Yield Rates of Crops 2024-25,8
Tenkasi,Potato,Rabi,0.0,kg/ha,2024-25,Tamil Nadu Department of Economics and Statistics - Districtwise Average Yield Rates of Crops 2024-25,8
Tenkasi,Ragi,Combined,5083.0,kg/ha,2024-25,Tamil Nadu Department of Economics and Statistics - Districtwise Average Yield Rates of Crops 2024-25,2
Tenkasi,Ragi,Kharif,3922.0,kg/ha,2024-25,Tamil Nadu Department of Economics and Statistics - Districtwise Average Yield Rates of Crops 2024-25,2
Tenkasi,Ragi,Rabi,6942.0,kg/ha,2024-25,Tamil Nadu Department of Economics and Statistics - Districtwise Average Yield Rates of Crops 2024-25,2
Tenkasi,Rapeseed & Mustard,Combined,0.0,kg/ha,2024-25,Tamil Nadu Department of Economics and Statistics - Districtwise Average Yield Rates of Crops 2024-25,12
Tenkasi,Red Gram,Combined,0.0,kg/ha,2024-25,Tamil Nadu Department of Economics and Statistics - Districtwise Average Yield Rates of Crops 2024-25,4
Tenkasi,Red Gram,Kharif,0.0,kg/ha,2024-25,Tamil Nadu Department of Economics and Statistics - Districtwise Average Yield Rates of Crops 2024-25,4
Tenkasi,Red Gram,Rabi,0.0,kg/ha,2024-25,Tamil Nadu Department of Economics and Statistics - Districtwise Average Yield Rates of Crops 2024-25,4
Tenkasi,Samai,Combined,0.0,kg/ha,2024-25,Tamil Nadu Department of Economics and Statistics - Districtwise Average Yield Rates of Crops 2024-25,4
Tenkasi,Samai,Kharif,0.0,kg/ha,2024-25,Tamil Nadu Department of Economics and Statistics - Districtwise Average Yield Rates of Crops 2024-25,4
Tenkasi,Samai,Rabi,0.0,kg/ha,2024-25,Tamil Nadu Department of Economics and Statistics - Districtwise Average Yield Rates of Crops 2024-25,4
Tenkasi,Sugar Cane,Combined,72.0,tonnes/ha,2024-25,Tamil Nadu Department of Economics and Statistics - Districtwise Average Yield Rates of Crops 2024-25,6
Tenkasi,Sun Flower,Combined,1485.0,kg/ha,2024-25,Tamil Nadu Department of Economics and Statistics - Districtwise Average Yield Rates of Crops 2024-25,12
Tenkasi,Sun Flower,Kharif,1632.0,kg/ha,2024-25,Tamil Nadu Department of Economics and Statistics - Districtwise Average Yield Rates of Crops 2024-25,12
Tenkasi,Sun Flower,Rabi,794.0,kg/ha,2024-25,Tamil Nadu Department of Economics and Statistics - Districtwise Average Yield Rates of Crops 2024-25,12
Tenkasi,Sweet Potato,Combined,19336.0,kg/ha,2024-25,Tamil Nadu Department of Economics and Statistics - Districtwise Average Yield Rates of Crops 2024-25,8
Tenkasi,Tamarind,Combined,2874.0,kg/ha,2024-25,Tamil Nadu Department of Economics and Statistics - Districtwise Average Yield Rates of Crops 2024-25,8
Tenkasi,Tapioca,Combined,40259.0,kg/ha,2024-25,Tamil Nadu Department of Economics and Statistics - Districtwise Average Yield Rates of Crops 2024-25,8
Tenkasi,Tobacco,Combined,0.0,kg/ha,2024-25,Tamil Nadu Department of Economics and Statistics - Districtwise Average Yield Rates of Crops 2024-25,13
Tenkasi,Tomato,Combined,19663.0,kg/ha,2024-25,Tamil Nadu Department of Economics and Statistics - Districtwise Average Yield Rates of Crops 2024-25,9
Tenkasi,Turmeric,Combined,46519.0,kg/ha,2024-25,Tamil Nadu Department of Economics and Statistics - Districtwise Average Yield Rates of Crops 2024-25,7
Tenkasi,Varagu,Combined,0.0,kg/ha,2024-25,Tamil Nadu Department of Economics and Statistics - Districtwise Average Yield Rates of Crops 2024-25,3
Tenkasi,Varagu,Kharif,0.0,kg/ha,2024-25,Tamil Nadu Department of Economics and Statistics - Districtwise Average Yield Rates of Crops 2024-25,3
Tenkasi,Varagu,Rabi,0.0,kg/ha,2024-25,Tamil Nadu Department of Economics and Statistics - Districtwise Average Yield Rates of Crops 2024-25,3
Thanjavur,Arecanut,Combined,1437.0,kg/ha,2024-25,Tamil Nadu Department of Economics and Statistics - Districtwise Average Yield Rates of Crops 2024-25,7
Thanjavur,Bajra (Cumbu),Combined,2652.0,kg/ha,2024-25,Tamil Nadu Department of Economics and Statistics - Districtwise Average Yield Rates of Crops 2024-25,2
Thanjavur,Bajra (Cumbu),Kharif,2652.0,kg/ha,2024-25,Tamil Nadu Department of Economics and Statistics - Districtwise Average Yield Rates of Crops 2024-25,2
Thanjavur,Bajra (Cumbu),Rabi,0.0,kg/ha,2024-25,Tamil Nadu Department of Economics and Statistics - Districtwise Average Yield Rates of Crops 2024-25,2
Thanjavur,Banana,Combined,43497.0,kg/ha,2024-25,Tamil Nadu Department of Economics and Statistics - Districtwise Average Yield Rates of Crops 2024-25,10
Thanjavur,Bengal Gram,Combined,926.0,kg/ha,2024-25,Tamil Nadu Department of Economics and Statistics - Districtwise Average Yield Rates of Crops 2024-25,4
Thanjavur,Black Gram,Combined,547.0,kg/ha,2024-25,Tamil Nadu Department of Economics and Statistics - Districtwise Average Yield Rates of Crops 2024-25,5
Thanjavur,Black Gram,Kharif,642.0,kg/ha,2024-25,Tamil Nadu Department of Economics and Statistics - Districtwise Average Yield Rates of Crops 2024-25,5
Thanjavur,Black Gram,Rabi,522.0,kg/ha,2024-25,Tamil Nadu Department of Economics and Statistics - Districtwise Average Yield Rates of Crops 2024-25,5
Thanjavur,Brinjal,Combined,13225.0,kg/ha,2024-25,Tamil Nadu Department of Economics and Statistics - Districtwise Average Yield Rates of Crops 2024-25,9
Thanjavur,Cabbage,Combined,0.0,kg/ha,2024-25,Tamil Nadu Department of Economics and Statistics - Districtwise Average Yield Rates of Crops 2024-25,9
Thanjavur,Cardamom,Combined,0.0,kg/ha,2024-25,Tamil Nadu Department of Economics and Statistics - Districtwise Average Yield Rates of Crops 2024-25,8
Thanjavur,Cashew Nut,Combined,237.0,kg/ha,2024-25,Tamil Nadu Department of Economics and Statistics - Districtwise Average Yield Rates of Crops 2024-25,10
Thanjavur,Castor,Combined,0.0,kg/ha,2024-25,Tamil Nadu Department of Economics and Statistics - Districtwise Average Yield Rates of Crops 2024-25,12
Thanjavur,Chillies,Combined,528.0,kg/ha,2024-25,Tamil Nadu Department of Economics and Statistics - Districtwise Average Yield Rates of Crops 2024-25,7
Thanjavur,Cloves,Combined,971.0,kg/ha,2024-25,Tamil Nadu Department of Economics and Statistics - Districtwise Average Yield Rates of Crops 2024-25,7
Thanjavur,Coconut,Combined,8305.0,nuts/ha,2024-25,Tamil Nadu Department of Economics and Statistics - Districtwise Average Yield Rates of Crops 2024-25,13
Thanjavur,Coriander,Combined,444.0,kg/ha,2024-25,Tamil Nadu Department of Economics and Statistics - Districtwise Average Yield Rates of Crops 2024-25,8
Thanjavur,Cotton,Combined,2206.0,kg/ha,2024-25,Tamil Nadu Department of Economics and Statistics - Districtwise Average Yield Rates of Crops 2024-25,13
Thanjavur,Cotton,Kharif,282.0,kg/ha,2024-25,Tamil Nadu Department of Economics and Statistics - Districtwise Average Yield Rates of Crops 2024-25,13
Thanjavur,Cotton,Rabi,386.0,kg/ha,2024-25,Tamil Nadu Department of Economics and Statistics - Districtwise Average Yield Rates of Crops 2024-25,13
Thanjavur,Cowpea,Combined,0.0,kg/ha,2024-25,Tamil Nadu Department of Economics and Statistics - Districtwise Average Yield Rates of Crops 2024-25,6
Thanjavur,Cowpea,Kharif,0.0,kg/ha,2024-25,Tamil Nadu Department of Economics and Statistics - Districtwise Average Yield Rates of Crops 2024-25,6
Thanjavur,Cowpea,Rabi,0.0,kg/ha,2024-25,Tamil Nadu Department of Economics and Statistics - Districtwise Average Yield Rates of Crops 2024-25,6
Thanjavur,Garlic,Combined,5839.0,kg/ha,2024-25,Tamil Nadu Department of Economics and Statistics - Districtwise Average Yield Rates of Crops 2024-25,7
Thanjavur,Gingelly,Combined,376.0,kg/ha,2024-25,Tamil Nadu Department of Economics and Statistics - Districtwise Average Yield Rates of Crops 2024-25,11
Thanjavur,Gingelly,Kharif,362.0,kg/ha,2024-25,Tamil Nadu Department of Economics and Statistics - Districtwise Average Yield Rates of Crops 2024-25,11
Thanjavur,Gingelly,Rabi,380.0,kg/ha,2024-25,Tamil Nadu Department of Economics and Statistics - Districtwise Average Yield Rates of Crops 2024-25,11
Thanjavur,Ginger,Combined,5488.0,kg/ha,2024-25,Tamil Nadu Department of Economics and Statistics - Districtwise Average Yield Rates of Crops 2024-25,7
Thanjavur,Grapes,Combined,41573.0,kg/ha,2024-25,Tamil Nadu Department of Economics and Statistics - Districtwise Average Yield Rates of Crops 2024-25,11
Thanjavur,Green Gram,Combined,419.0,kg/ha,2024-25,Tamil Nadu Department of Economics and Statistics - Districtwise Average Yield Rates of Crops 2024-25,5
Thanjavur,Green Gram,Kharif,564.0,kg/ha,2024-25,Tamil Nadu Department of Economics and Statistics - Districtwise Average Yield Rates of Crops 2024-25,5
Thanjavur,Green Gram,Rabi,398.0,kg/ha,2024-25,Tamil Nadu Department of Economics and Statistics - Districtwise Average Yield Rates of Crops 2024-25,5
Thanjavur,Groundnut,Combined,3237.0,kg/ha,2024-25,Tamil Nadu Department of Economics and Statistics - Districtwise Average Yield Rates of Crops 2024-25,11
Thanjavur,Groundnut,Kharif,1970.0,kg/ha,2024-25,Tamil Nadu Department of Economics and Statistics - Districtwise Average Yield Rates of Crops 2024-25,11
Thanjavur,Groundnut,Rabi,3410.0,kg/ha,2024-25,Tamil Nadu Department of Economics and Statistics - Districtwise Average Yield Rates of Crops 2024-25,11
Thanjavur,Guava,Combined,7076.0,kg/ha,2024-25,Tamil Nadu Department of Economics and Statistics - Districtwise Average Yield Rates of Crops 2024-25,11
Thanjavur,Horse Gram,Combined,0.0,kg/ha,2024-25,Tamil Nadu Department of Economics and Statistics - Districtwise Average Yield Rates of Crops 2024-25,5
Thanjavur,Horse Gram,Kharif,0.0,kg/ha,2024-25,Tamil Nadu Department of Economics and Statistics - Districtwise Average Yield Rates of Crops 2024-25,5
Thanjavur,Horse Gram,Rabi,0.0,kg/ha,2024-25,Tamil Nadu Department of Economics and Statistics - Districtwise Average Yield Rates of Crops 2024-25,5
Thanjavur,Jack Fruit,Combined,20056.0,kg/ha,2024-25,Tamil Nadu Department of Economics and Statistics - Districtwise Average Yield Rates of Crops 2024-25,10
Thanjavur,Jowar (Cholam),Combined,1188.0,kg/ha,2024-25,Tamil Nadu Department of Economics and Statistics - Districtwise Average Yield Rates of Crops 2024-25,1
Thanjavur,Jowar (Cholam),Kharif,1293.0,kg/ha,2024-25,Tamil Nadu Department of Economics and Statistics - Districtwise Average Yield Rates of Crops 2024-25,1
Thanjavur,Jowar (Cholam),Rabi,1147.0,kg/ha,2024-25,Tamil Nadu Department of Economics and Statistics - Districtwise Average Yield Rates of Crops 2024-25,1
Thanjavur,Korra,Combined,0.0,kg/ha,2024-25,Tamil Nadu Department of Economics and Statistics - Districtwise Average Yield Rates of Crops 2024-25,3
Thanjavur,Lady's Finger,Combined,11366.0,kg/ha,2024-25,Tamil Nadu Department of Economics and Statistics - Districtwise Average Yield Rates of Crops 2024-25,9
Thanjavur,Lemon,Combined,6533.0,kg/ha,2024-25,Tamil Nadu Department of Economics and Statistics - Districtwise Average Yield Rates of Crops 2024-25,10
Thanjavur,Maize,Combined,5546.0,kg/ha,2024-25,Tamil Nadu Department of Economics and Statistics - Districtwise Average Yield Rates of Crops 2024-25,3
Thanjavur,Maize,Kharif,5923.0,kg/ha,2024-25,Tamil Nadu Department of Economics and Statistics - Districtwise Average Yield Rates of Crops 2024-25,3
Thanjavur,Maize,Rabi,5084.0,kg/ha,2024-25,Tamil Nadu Department of Economics and Statistics - Districtwise Average Yield Rates of Crops 2024-25,3
Thanjavur,Mango,Combined,5855.0,kg/ha,2024-25,Tamil Nadu Department of Economics and Statistics - Districtwise Average Yield Rates of Crops 2024-25,10
Thanjavur,Onion,Combined,9696.0,kg/ha,2024-25,Tamil Nadu Department of Economics and Statistics - Districtwise Average Yield Rates of Crops 2024-25,9
Thanjavur,Onion,Kharif,10529.0,kg/ha,2024-25,Tamil Nadu Department of Economics and Statistics - Districtwise Average Yield Rates of Crops 2024-25,9
Thanjavur,Onion,Rabi,7307.0,kg/ha,2024-25,Tamil Nadu Department of Economics and Statistics - Districtwise Average Yield Rates of Crops 2024-25,9
Thanjavur,Orange,Combined,3912.0,kg/ha,2024-25,Tamil Nadu Department of Economics and Statistics - Districtwise Average Yield Rates of Crops 2024-25,10
Thanjavur,Other Cereals,Combined,0.0,kg/ha,2024-25,Tamil Nadu Department of Economics and Statistics - Districtwise Average Yield Rates of Crops 2024-25,4
Thanjavur,Other Pulses,Combined,0.0,kg/ha,2024-25,Tamil Nadu Department of Economics and Statistics - Districtwise Average Yield Rates of Crops 2024-25,6
Thanjavur,Other Pulses,Kharif,0.0,kg/ha,2024-25,Tamil Nadu Department of Economics and Statistics - Districtwise Average Yield Rates of Crops 2024-25,6
Thanjavur,Other Pulses,Rabi,0.0,kg/ha,2024-25,Tamil Nadu Department of Economics and Statistics - Districtwise Average Yield Rates of Crops 2024-25,6
Thanjavur,Paddy,Combined,3176.0,kg/ha,2024-25,Tamil Nadu Department of Economics and Statistics - Districtwise Average Yield Rates of Crops 2024-25,1
Thanjavur,Paddy,Kar/Kuruvai/Sornavari,3271.0,kg/ha,2024-25,Tamil Nadu Department of Economics and Statistics - Districtwise Average Yield Rates of Crops 2024-25,1
Thanjavur,Paddy,Navarai/Kodai,3583.0,kg/ha,2024-25,Tamil Nadu Department of Economics and Statistics - Districtwise Average Yield Rates of Crops 2024-25,1
Thanjavur,Paddy,Samba/Thaladi/Pishanam,3069.0,kg/ha,2024-25,Tamil Nadu Department of Economics and Statistics - Districtwise Average Yield Rates of Crops 2024-25,1
Thanjavur,Pepper,Combined,205.0,kg/ha,2024-25,Tamil Nadu Department of Economics and Statistics - Districtwise Average Yield Rates of Crops 2024-25,7
Thanjavur,Pine Apple,Combined,0.0,kg/ha,2024-25,Tamil Nadu Department of Economics and Statistics - Districtwise Average Yield Rates of Crops 2024-25,10
Thanjavur,Potato,Combined,0.0,kg/ha,2024-25,Tamil Nadu Department of Economics and Statistics - Districtwise Average Yield Rates of Crops 2024-25,8
Thanjavur,Potato,Kharif,0.0,kg/ha,2024-25,Tamil Nadu Department of Economics and Statistics - Districtwise Average Yield Rates of Crops 2024-25,8
Thanjavur,Potato,Rabi,0.0,kg/ha,2024-25,Tamil Nadu Department of Economics and Statistics - Districtwise Average Yield Rates of Crops 2024-25,8
Thanjavur,Ragi,Combined,6631.0,kg/ha,2024-25,Tamil Nadu Department of Economics and Statistics - Districtwise Average Yield Rates of Crops 2024-25,2
Thanjavur,Ragi,Kharif,3922.0,kg/ha,2024-25,Tamil Nadu Department of Economics and Statistics - Districtwise Average Yield Rates of Crops 2024-25,2
Thanjavur,Ragi,Rabi,6942.0,kg/ha,2024-25,Tamil Nadu Department of Economics and Statistics - Districtwise Average Yield Rates of Crops 2024-25,2
Thanjavur,Rapeseed & Mustard,Combined,0.0,kg/ha,2024-25,Tamil Nadu Department of Economics and Statistics - Districtwise Average Yield Rates of Crops 2024-25,12
Thanjavur,Red Gram,Combined,1017.0,kg/ha,2024-25,Tamil Nadu Department of Economics and Statistics - Districtwise Average Yield Rates of Crops 2024-25,4
Thanjavur,Red Gram,Kharif,1015.0,kg/ha,2024-25,Tamil Nadu Department of Economics and Statistics - Districtwise Average Yield Rates of Crops 2024-25,4
Thanjavur,Red Gram,Rabi,1026.0,kg/ha,2024-25,Tamil Nadu Department of Economics and Statistics - Districtwise Average Yield Rates of Crops 2024-25,4
Thanjavur,Samai,Combined,0.0,kg/ha,2024-25,Tamil Nadu Department of Economics and Statistics - Districtwise Average Yield Rates of Crops 2024-25,4
Thanjavur,Samai,Kharif,0.0,kg/ha,2024-25,Tamil Nadu Department of Economics and Statistics - Districtwise Average Yield Rates of Crops 2024-25,4
Thanjavur,Samai,Rabi,0.0,kg/ha,2024-25,Tamil Nadu Department of Economics and Statistics - Districtwise Average Yield Rates of Crops 2024-25,4
Thanjavur,Sugar Cane,Combined,81.0,tonnes/ha,2024-25,Tamil Nadu Department of Economics and Statistics - Districtwise Average Yield Rates of Crops 2024-25,6
Thanjavur,Sun Flower,Combined,0.0,kg/ha,2024-25,Tamil Nadu Department of Economics and Statistics - Districtwise Average Yield Rates of Crops 2024-25,12
Thanjavur,Sun Flower,Kharif,0.0,kg/ha,2024-25,Tamil Nadu Department of Economics and Statistics - Districtwise Average Yield Rates of Crops 2024-25,12
Thanjavur,Sun Flower,Rabi,0.0,kg/ha,2024-25,Tamil Nadu Department of Economics and Statistics - Districtwise Average Yield Rates of Crops 2024-25,12
Thanjavur,Sweet Potato,Combined,0.0,kg/ha,2024-25,Tamil Nadu Department of Economics and Statistics - Districtwise Average Yield Rates of Crops 2024-25,8
Thanjavur,Tamarind,Combined,2543.0,kg/ha,2024-25,Tamil Nadu Department of Economics and Statistics - Districtwise Average Yield Rates of Crops 2024-25,8
Thanjavur,Tapioca,Combined,54781.0,kg/ha,2024-25,Tamil Nadu Department of Economics and Statistics - Districtwise Average Yield Rates of Crops 2024-25,8
Thanjavur,Tobacco,Combined,0.0,kg/ha,2024-25,Tamil Nadu Department of Economics and Statistics - Districtwise Average Yield Rates of Crops 2024-25,13
Thanjavur,Tomato,Combined,19663.0,kg/ha,2024-25,Tamil Nadu Department of Economics and Statistics - Districtwise Average Yield Rates of Crops 2024-25,9
Thanjavur,Turmeric,Combined,46519.0,kg/ha,2024-25,Tamil Nadu Department of Economics and Statistics - Districtwise Average Yield Rates of Crops 2024-25,7
Thanjavur,Varagu,Combined,0.0,kg/ha,2024-25,Tamil Nadu Department of Economics and Statistics - Districtwise Average Yield Rates of Crops 2024-25,3
Thanjavur,Varagu,Kharif,0.0,kg/ha,2024-25,Tamil Nadu Department of Economics and Statistics - Districtwise Average Yield Rates of Crops 2024-25,3
Thanjavur,Varagu,Rabi,0.0,kg/ha,2024-25,Tamil Nadu Department of Economics and Statistics - Districtwise Average Yield Rates of Crops 2024-25,3
The Nilgiris,Arecanut,Combined,1369.0,kg/ha,2024-25,Tamil Nadu Department of Economics and Statistics - Districtwise Average Yield Rates of Crops 2024-25,7
The Nilgiris,Bajra (Cumbu),Combined,0.0,kg/ha,2024-25,Tamil Nadu Department of Economics and Statistics - Districtwise Average Yield Rates of Crops 2024-25,2
The Nilgiris,Bajra (Cumbu),Kharif,0.0,kg/ha,2024-25,Tamil Nadu Department of Economics and Statistics - Districtwise Average Yield Rates of Crops 2024-25,2
The Nilgiris,Bajra (Cumbu),Rabi,0.0,kg/ha,2024-25,Tamil Nadu Department of Economics and Statistics - Districtwise Average Yield Rates of Crops 2024-25,2
The Nilgiris,Banana,Combined,39691.0,kg/ha,2024-25,Tamil Nadu Department of Economics and Statistics - Districtwise Average Yield Rates of Crops 2024-25,10
The Nilgiris,Bengal Gram,Combined,0.0,kg/ha,2024-25,Tamil Nadu Department of Economics and Statistics - Districtwise Average Yield Rates of Crops 2024-25,4
The Nilgiris,Black Gram,Combined,0.0,kg/ha,2024-25,Tamil Nadu Department of Economics and Statistics - Districtwise Average Yield Rates of Crops 2024-25,5
The Nilgiris,Black Gram,Kharif,0.0,kg/ha,2024-25,Tamil Nadu Department of Economics and Statistics - Districtwise Average Yield Rates of Crops 2024-25,5
The Nilgiris,Black Gram,Rabi,0.0,kg/ha,2024-25,Tamil Nadu Department of Economics and Statistics - Districtwise Average Yield Rates of Crops 2024-25,5
The Nilgiris,Brinjal,Combined,13225.0,kg/ha,2024-25,Tamil Nadu Department of Economics and Statistics - Districtwise Average Yield Rates of Crops 2024-25,9
The Nilgiris,Cabbage,Combined,69654.0,kg/ha,2024-25,Tamil Nadu Department of Economics and Statistics - Districtwise Average Yield Rates of Crops 2024-25,9
The Nilgiris,Cardamom,Combined,92.0,kg/ha,2024-25,Tamil Nadu Department of Economics and Statistics - Districtwise Average Yield Rates of Crops 2024-25,8
The Nilgiris,Cashew Nut,Combined,0.0,kg/ha,2024-25,Tamil Nadu Department of Economics and Statistics - Districtwise Average Yield Rates of Crops 2024-25,10
The Nilgiris,Castor,Combined,0.0,kg/ha,2024-25,Tamil Nadu Department of Economics and Statistics - Districtwise Average Yield Rates of Crops 2024-25,12
The Nilgiris,Chillies,Combined,528.0,kg/ha,2024-25,Tamil Nadu Department of Economics and Statistics - Districtwise Average Yield Rates of Crops 2024-25,7
The Nilgiris,Cloves,Combined,944.0,kg/ha,2024-25,Tamil Nadu Department of Economics and Statistics - Districtwise Average Yield Rates of Crops 2024-25,7
The Nilgiris,Coconut,Combined,6451.0,nuts/ha,2024-25,Tamil Nadu Department of Economics and Statistics - Districtwise Average Yield Rates of Crops 2024-25,13
The Nilgiris,Coriander,Combined,0.0,kg/ha,2024-25,Tamil Nadu Department of Economics and Statistics - Districtwise Average Yield Rates of Crops 2024-25,8
The Nilgiris,Cotton,Combined,0.0,kg/ha,2024-25,Tamil Nadu Department of Economics and Statistics - Districtwise Average Yield Rates of Crops 2024-25,13
The Nilgiris,Cotton,Kharif,0.0,kg/ha,2024-25,Tamil Nadu Department of Economics and Statistics - Districtwise Average Yield Rates of Crops 2024-25,13
The Nilgiris,Cotton,Rabi,0.0,kg/ha,2024-25,Tamil Nadu Department of Economics and Statistics - Districtwise Average Yield Rates of Crops 2024-25,13
The Nilgiris,Cowpea,Combined,0.0,kg/ha,2024-25,Tamil Nadu Department of Economics and Statistics - Districtwise Average Yield Rates of Crops 2024-25,6
The Nilgiris,Cowpea,Kharif,0.0,kg/ha,2024-25,Tamil Nadu Department of Economics and Statistics - Districtwise Average Yield Rates of Crops 2024-25,6
The Nilgiris,Cowpea,Rabi,0.0,kg/ha,2024-25,Tamil Nadu Department of Economics and Statistics - Districtwise Average Yield Rates of Crops 2024-25,6
The Nilgiris,Garlic,Combined,5604.0,kg/ha,2024-25,Tamil Nadu Department of Economics and Statistics - Districtwise Average Yield Rates of Crops 2024-25,7
The Nilgiris,Gingelly,Combined,0.0,kg/ha,2024-25,Tamil Nadu Department of Economics and Statistics - Districtwise Average Yield Rates of Crops 2024-25,11
The Nilgiris,Gingelly,Kharif,0.0,kg/ha,2024-25,Tamil Nadu Department of Economics and Statistics - Districtwise Average Yield Rates of Crops 2024-25,11
The Nilgiris,Gingelly,Rabi,0.0,kg/ha,2024-25,Tamil Nadu Department of Economics and Statistics - Districtwise Average Yield Rates of Crops 2024-25,11
The Nilgiris,Ginger,Combined,5488.0,kg/ha,2024-25,Tamil Nadu Department of Economics and Statistics - Districtwise Average Yield Rates of Crops 2024-25,7
The Nilgiris,Grapes,Combined,0.0,kg/ha,2024-25,Tamil Nadu Department of Economics and Statistics - Districtwise Average Yield Rates of Crops 2024-25,11
The Nilgiris,Green Gram,Combined,0.0,kg/ha,2024-25,Tamil Nadu Department of Economics and Statistics - Districtwise Average Yield Rates of Crops 2024-25,5
The Nilgiris,Green Gram,Kharif,0.0,kg/ha,2024-25,Tamil Nadu Department of Economics and Statistics - Districtwise Average Yield Rates of Crops 2024-25,5
The Nilgiris,Green Gram,Rabi,0.0,kg/ha,2024-25,Tamil Nadu Department of Economics and Statistics - Districtwise Average Yield Rates of Crops 2024-25,5
The Nilgiris,Groundnut,Combined,2135.0,kg/ha,2024-25,Tamil Nadu Department of Economics and Statistics - Districtwise Average Yield Rates of Crops 2024-25,11
The Nilgiris,Groundnut,Kharif,0.0,kg/ha,2024-25,Tamil Nadu Department of Economics and Statistics - Districtwise Average Yield Rates of Crops 2024-25,11
The Nilgiris,Groundnut,Rabi,3202.0,kg/ha,2024-25,Tamil Nadu Department of Economics and Statistics - Districtwise Average Yield Rates of Crops 2024-25,11
The Nilgiris,Guava,Combined,7076.0,kg/ha,2024-25,Tamil Nadu Department of Economics and Statistics - Districtwise Average Yield Rates of Crops 2024-25,11
The Nilgiris,Horse Gram,Combined,0.0,kg/ha,2024-25,Tamil Nadu Department of Economics and Statistics - Districtwise Average Yield Rates of Crops 2024-25,5
The Nilgiris,Horse Gram,Kharif,0.0,kg/ha,2024-25,Tamil Nadu Department of Economics and Statistics - Districtwise Average Yield Rates of Crops 2024-25,5
The Nilgiris,Horse Gram,Rabi,0.0,kg/ha,2024-25,Tamil Nadu Department of Economics and Statistics - Districtwise Average Yield Rates of Crops 2024-25,5
The Nilgiris,Jack Fruit,Combined,20056.0,kg/ha,2024-25,Tamil Nadu Department of Economics and Statistics - Districtwise Average Yield Rates of Crops 2024-25,10
The Nilgiris,Jowar (Cholam),Combined,1147.0,kg/ha,2024-25,Tamil Nadu Department of Economics and Statistics - Districtwise Average Yield Rates of Crops 2024-25,1
The Nilgiris,Jowar (Cholam),Kharif,0.0,kg/ha,2024-25,Tamil Nadu Department of Economics and Statistics - Districtwise Average Yield Rates of Crops 2024-25,1
The Nilgiris,Jowar (Cholam),Rabi,1147.0,kg/ha,2024-25,Tamil Nadu Department of Economics and Statistics - Districtwise Average Yield Rates of Crops 2024-25,1
The Nilgiris,Korra,Combined,0.0,kg/ha,2024-25,Tamil Nadu Department of Economics and Statistics - Districtwise Average Yield Rates of Crops 2024-25,3
The Nilgiris,Lady's Finger,Combined,11366.0,kg/ha,2024-25,Tamil Nadu Department of Economics and Statistics - Districtwise Average Yield Rates of Crops 2024-25,9
The Nilgiris,Lemon,Combined,6533.0,kg/ha,2024-25,Tamil Nadu Department of Economics and Statistics - Districtwise Average Yield Rates of Crops 2024-25,10
The Nilgiris,Maize,Combined,5554.0,kg/ha,2024-25,Tamil Nadu Department of Economics and Statistics - Districtwise Average Yield Rates of Crops 2024-25,3
The Nilgiris,Maize,Kharif,5923.0,kg/ha,2024-25,Tamil Nadu Department of Economics and Statistics - Districtwise Average Yield Rates of Crops 2024-25,3
The Nilgiris,Maize,Rabi,5084.0,kg/ha,2024-25,Tamil Nadu Department of Economics and Statistics - Districtwise Average Yield Rates of Crops 2024-25,3
The Nilgiris,Mango,Combined,5855.0,kg/ha,2024-25,Tamil Nadu Department of Economics and Statistics - Districtwise Average Yield Rates of Crops 2024-25,10
The Nilgiris,Onion,Combined,8314.0,kg/ha,2024-25,Tamil Nadu Department of Economics and Statistics - Districtwise Average Yield Rates of Crops 2024-25,9
The Nilgiris,Onion,Kharif,10529.0,kg/ha,2024-25,Tamil Nadu Department of Economics and Statistics - Districtwise Average Yield Rates of Crops 2024-25,9
The Nilgiris,Onion,Rabi,0.0,kg/ha,2024-25,Tamil Nadu Department of Economics and Statistics - Districtwise Average Yield Rates of Crops 2024-25,9
The Nilgiris,Orange,Combined,135.0,kg/ha,2024-25,Tamil Nadu Department of Economics and Statistics - Districtwise Average Yield Rates of Crops 2024-25,10
The Nilgiris,Other Cereals,Combined,0.0,kg/ha,2024-25,Tamil Nadu Department of Economics and Statistics - Districtwise Average Yield Rates of Crops 2024-25,4
The Nilgiris,Other Pulses,Combined,0.0,kg/ha,2024-25,Tamil Nadu Department of Economics and Statistics - Districtwise Average Yield Rates of Crops 2024-25,6
The Nilgiris,Other Pulses,Kharif,0.0,kg/ha,2024-25,Tamil Nadu Department of Economics and Statistics - Districtwise Average Yield Rates of Crops 2024-25,6
The Nilgiris,Other Pulses,Rabi,0.0,kg/ha,2024-25,Tamil Nadu Department of Economics and Statistics - Districtwise Average Yield Rates of Crops 2024-25,6
The Nilgiris,Paddy,Combined,3008.0,kg/ha,2024-25,Tamil Nadu Department of Economics and Statistics - Districtwise Average Yield Rates of Crops 2024-25,1
The Nilgiris,Paddy,Kar/Kuruvai/Sornavari,0.0,kg/ha,2024-25,Tamil Nadu Department of Economics and Statistics - Districtwise Average Yield Rates of Crops 2024-25,1
The Nilgiris,Paddy,Navarai/Kodai,0.0,kg/ha,2024-25,Tamil Nadu Department of Economics and Statistics - Districtwise Average Yield Rates of Crops 2024-25,1
The Nilgiris,Paddy,Samba/Thaladi/Pishanam,3008.0,kg/ha,2024-25,Tamil Nadu Department of Economics and Statistics - Districtwise Average Yield Rates of Crops 2024-25,1
The Nilgiris,Pepper,Combined,186.0,kg/ha,2024-25,Tamil Nadu Department of Economics and Statistics - Districtwise Average Yield Rates of Crops 2024-25,7
The Nilgiris,Pine Apple,Combined,0.0,kg/ha,2024-25,Tamil Nadu Department of Economics and Statistics - Districtwise Average Yield Rates of Crops 2024-25,10
The Nilgiris,Potato,Combined,25268.0,kg/ha,2024-25,Tamil Nadu Department of Economics and Statistics - Districtwise Average Yield Rates of Crops 2024-25,8
The Nilgiris,Potato,Kharif,23498.0,kg/ha,2024-25,Tamil Nadu Department of Economics and Statistics - Districtwise Average Yield Rates of Crops 2024-25,8
The Nilgiris,Potato,Rabi,28032.0,kg/ha,2024-25,Tamil Nadu Department of Economics and Statistics - Districtwise Average Yield Rates of Crops 2024-25,8
The Nilgiris,Ragi,Combined,0.0,kg/ha,2024-25,Tamil Nadu Department of Economics and Statistics - Districtwise Average Yield Rates of Crops 2024-25,2
The Nilgiris,Ragi,Kharif,0.0,kg/ha,2024-25,Tamil Nadu Department of Economics and Statistics - Districtwise Average Yield Rates of Crops 2024-25,2
The Nilgiris,Ragi,Rabi,0.0,kg/ha,2024-25,Tamil Nadu Department of Economics and Statistics - Districtwise Average Yield Rates of Crops 2024-25,2
The Nilgiris,Rapeseed & Mustard,Combined,0.0,kg/ha,2024-25,Tamil Nadu Department of Economics and Statistics - Districtwise Average Yield Rates of Crops 2024-25,12
The Nilgiris,Red Gram,Combined,0.0,kg/ha,2024-25,Tamil Nadu Department of Economics and Statistics - Districtwise Average Yield Rates of Crops 2024-25,4
The Nilgiris,Red Gram,Kharif,0.0,kg/ha,2024-25,Tamil Nadu Department of Economics and Statistics - Districtwise Average Yield Rates of Crops 2024-25,4
The Nilgiris,Red Gram,Rabi,0.0,kg/ha,2024-25,Tamil Nadu Department of Economics and Statistics - Districtwise Average Yield Rates of Crops 2024-25,4
The Nilgiris,Samai,Combined,0.0,kg/ha,2024-25,Tamil Nadu Department of Economics and Statistics - Districtwise Average Yield Rates of Crops 2024-25,4
The Nilgiris,Samai,Kharif,0.0,kg/ha,2024-25,Tamil Nadu Department of Economics and Statistics - Districtwise Average Yield Rates of Crops 2024-25,4
The Nilgiris,Samai,Rabi,0.0,kg/ha,2024-25,Tamil Nadu Department of Economics and Statistics - Districtwise Average Yield Rates of Crops 2024-25,4
The Nilgiris,Sugar Cane,Combined,0.0,tonnes/ha,2024-25,Tamil Nadu Department of Economics and Statistics - Districtwise Average Yield Rates of Crops 2024-25,6
The Nilgiris,Sun Flower,Combined,0.0,kg/ha,2024-25,Tamil Nadu Department of Economics and Statistics - Districtwise Average Yield Rates of Crops 2024-25,12
The Nilgiris,Sun Flower,Kharif,0.0,kg/ha,2024-25,Tamil Nadu Department of Economics and Statistics - Districtwise Average Yield Rates of Crops 2024-25,12
The Nilgiris,Sun Flower,Rabi,0.0,kg/ha,2024-25,Tamil Nadu Department of Economics and Statistics - Districtwise Average Yield Rates of Crops 2024-25,12
The Nilgiris,Sweet Potato,Combined,19336.0,kg/ha,2024-25,Tamil Nadu Department of Economics and Statistics - Districtwise Average Yield Rates of Crops 2024-25,8
The Nilgiris,Tamarind,Combined,0.0,kg/ha,2024-25,Tamil Nadu Department of Economics and Statistics - Districtwise Average Yield Rates of Crops 2024-25,8
The Nilgiris,Tapioca,Combined,40259.0,kg/ha,2024-25,Tamil Nadu Department of Economics and Statistics - Districtwise Average Yield Rates of Crops 2024-25,8
The Nilgiris,Tobacco,Combined,0.0,kg/ha,2024-25,Tamil Nadu Department of Economics and Statistics - Districtwise Average Yield Rates of Crops 2024-25,13
The Nilgiris,Tomato,Combined,19663.0,kg/ha,2024-25,Tamil Nadu Department of Economics and Statistics - Districtwise Average Yield Rates of Crops 2024-25,9
The Nilgiris,Turmeric,Combined,34987.0,kg/ha,2024-25,Tamil Nadu Department of Economics and Statistics - Districtwise Average Yield Rates of Crops 2024-25,7
The Nilgiris,Varagu,Combined,0.0,kg/ha,2024-25,Tamil Nadu Department of Economics and Statistics - Districtwise Average Yield Rates of Crops 2024-25,3
The Nilgiris,Varagu,Kharif,0.0,kg/ha,2024-25,Tamil Nadu Department of Economics and Statistics - Districtwise Average Yield Rates of Crops 2024-25,3
The Nilgiris,Varagu,Rabi,0.0,kg/ha,2024-25,Tamil Nadu Department of Economics and Statistics - Districtwise Average Yield Rates of Crops 2024-25,3
Theni,Arecanut,Combined,1080.0,kg/ha,2024-25,Tamil Nadu Department of Economics and Statistics - Districtwise Average Yield Rates of Crops 2024-25,7
Theni,Bajra (Cumbu),Combined,2615.0,kg/ha,2024-25,Tamil Nadu Department of Economics and Statistics - Districtwise Average Yield Rates of Crops 2024-25,2
Theni,Bajra (Cumbu),Kharif,2652.0,kg/ha,2024-25,Tamil Nadu Department of Economics and Statistics - Districtwise Average Yield Rates of Crops 2024-25,2
Theni,Bajra (Cumbu),Rabi,2611.0,kg/ha,2024-25,Tamil Nadu Department of Economics and Statistics - Districtwise Average Yield Rates of Crops 2024-25,2
Theni,Banana,Combined,77968.0,kg/ha,2024-25,Tamil Nadu Department of Economics and Statistics - Districtwise Average Yield Rates of Crops 2024-25,10
Theni,Bengal Gram,Combined,0.0,kg/ha,2024-25,Tamil Nadu Department of Economics and Statistics - Districtwise Average Yield Rates of Crops 2024-25,4
Theni,Black Gram,Combined,473.0,kg/ha,2024-25,Tamil Nadu Department of Economics and Statistics - Districtwise Average Yield Rates of Crops 2024-25,5
Theni,Black Gram,Kharif,531.0,kg/ha,2024-25,Tamil Nadu Department of Economics and Statistics - Districtwise Average Yield Rates of Crops 2024-25,5
Theni,Black Gram,Rabi,456.0,kg/ha,2024-25,Tamil Nadu Department of Economics and Statistics - Districtwise Average Yield Rates of Crops 2024-25,5
Theni,Brinjal,Combined,18453.0,kg/ha,2024-25,Tamil Nadu Department of Economics and Statistics - Districtwise Average Yield Rates of Crops 2024-25,9
Theni,Cabbage,Combined,71595.0,kg/ha,2024-25,Tamil Nadu Department of Economics and Statistics - Districtwise Average Yield Rates of Crops 2024-25,9
Theni,Cardamom,Combined,91.0,kg/ha,2024-25,Tamil Nadu Department of Economics and Statistics - Districtwise Average Yield Rates of Crops 2024-25,8
Theni,Cashew Nut,Combined,209.0,kg/ha,2024-25,Tamil Nadu Department of Economics and Statistics - Districtwise Average Yield Rates of Crops 2024-25,10
Theni,Castor,Combined,312.0,kg/ha,2024-25,Tamil Nadu Department of Economics and Statistics - Districtwise Average Yield Rates of Crops 2024-25,12
Theni,Chillies,Combined,528.0,kg/ha,2024-25,Tamil Nadu Department of Economics and Statistics - Districtwise Average Yield Rates of Crops 2024-25,7
Theni,Cloves,Combined,778.0,kg/ha,2024-25,Tamil Nadu Department of Economics and Statistics - Districtwise Average Yield Rates of Crops 2024-25,7
Theni,Coconut,Combined,16181.0,nuts/ha,2024-25,Tamil Nadu Department of Economics and Statistics - Districtwise Average Yield Rates of Crops 2024-25,13
Theni,Coriander,Combined,444.0,kg/ha,2024-25,Tamil Nadu Department of Economics and Statistics - Districtwise Average Yield Rates of Crops 2024-25,8
Theni,Cotton,Combined,4566.0,kg/ha,2024-25,Tamil Nadu Department of Economics and Statistics - Districtwise Average Yield Rates of Crops 2024-25,13
Theni,Cotton,Kharif,786.0,kg/ha,2024-25,Tamil Nadu Department of Economics and Statistics - Districtwise Average Yield Rates of Crops 2024-25,13
Theni,Cotton,Rabi,774.0,kg/ha,2024-25,Tamil Nadu Department of Economics and Statistics - Districtwise Average Yield Rates of Crops 2024-25,13
Theni,Cowpea,Combined,557.0,kg/ha,2024-25,Tamil Nadu Department of Economics and Statistics - Districtwise Average Yield Rates of Crops 2024-25,6
Theni,Cowpea,Kharif,410.0,kg/ha,2024-25,Tamil Nadu Department of Economics and Statistics - Districtwise Average Yield Rates of Crops 2024-25,6
Theni,Cowpea,Rabi,612.0,kg/ha,2024-25,Tamil Nadu Department of Economics and Statistics - Districtwise Average Yield Rates of Crops 2024-25,6
Theni,Garlic,Combined,0.0,kg/ha,2024-25,Tamil Nadu Department of Economics and Statistics - Districtwise Average Yield Rates of Crops 2024-25,7
Theni,Gingelly,Combined,481.0,kg/ha,2024-25,Tamil Nadu Department of Economics and Statistics - Districtwise Average Yield Rates of Crops 2024-25,11
Theni,Gingelly,Kharif,593.0,kg/ha,2024-25,Tamil Nadu Department of Economics and Statistics - Districtwise Average Yield Rates of Crops 2024-25,11
Theni,Gingelly,Rabi,414.0,kg/ha,2024-25,Tamil Nadu Department of Economics and Statistics - Districtwise Average Yield Rates of Crops 2024-25,11
Theni,Ginger,Combined,5488.0,kg/ha,2024-25,Tamil Nadu Department of Economics and Statistics - Districtwise Average Yield Rates of Crops 2024-25,7
Theni,Grapes,Combined,47270.0,kg/ha,2024-25,Tamil Nadu Department of Economics and Statistics - Districtwise Average Yield Rates of Crops 2024-25,11
Theni,Green Gram,Combined,591.0,kg/ha,2024-25,Tamil Nadu Department of Economics and Statistics - Districtwise Average Yield Rates of Crops 2024-25,5
Theni,Green Gram,Kharif,794.0,kg/ha,2024-25,Tamil Nadu Department of Economics and Statistics - Districtwise Average Yield Rates of Crops 2024-25,5
Theni,Green Gram,Rabi,440.0,kg/ha,2024-25,Tamil Nadu Department of Economics and Statistics - Districtwise Average Yield Rates of Crops 2024-25,5
Theni,Groundnut,Combined,3036.0,kg/ha,2024-25,Tamil Nadu Department of Economics and Statistics - Districtwise Average Yield Rates of Crops 2024-25,11
Theni,Groundnut,Kharif,2768.0,kg/ha,2024-25,Tamil Nadu Department of Economics and Statistics - Districtwise Average Yield Rates of Crops 2024-25,11
Theni,Groundnut,Rabi,3202.0,kg/ha,2024-25,Tamil Nadu Department of Economics and Statistics - Districtwise Average Yield Rates of Crops 2024-25,11
Theni,Guava,Combined,8869.0,kg/ha,2024-25,Tamil Nadu Department of Economics and Statistics - Districtwise Average Yield Rates of Crops 2024-25,11
Theni,Horse Gram,Combined,701.0,kg/ha,2024-25,Tamil Nadu Department of Economics and Statistics - Districtwise Average Yield Rates of Crops 2024-25,5
Theni,Horse Gram,Kharif,604.0,kg/ha,2024-25,Tamil Nadu Department of Economics and Statistics - Districtwise Average Yield Rates of Crops 2024-25,5
Theni,Horse Gram,Rabi,710.0,kg/ha,2024-25,Tamil Nadu Department of Economics and Statistics - Districtwise Average Yield Rates of Crops 2024-25,5
Theni,Jack Fruit,Combined,20056.0,kg/ha,2024-25,Tamil Nadu Department of Economics and Statistics - Districtwise Average Yield Rates of Crops 2024-25,10
Theni,Jowar (Cholam),Combined,4479.0,kg/ha,2024-25,Tamil Nadu Department of Economics and Statistics - Districtwise Average Yield Rates of Crops 2024-25,1
Theni,Jowar (Cholam),Kharif,2896.0,kg/ha,2024-25,Tamil Nadu Department of Economics and Statistics - Districtwise Average Yield Rates of Crops 2024-25,1
Theni,Jowar (Cholam),Rabi,4852.0,kg/ha,2024-25,Tamil Nadu Department of Economics and Statistics - Districtwise Average Yield Rates of Crops 2024-25,1
Theni,Korra,Combined,0.0,kg/ha,2024-25,Tamil Nadu Department of Economics and Statistics - Districtwise Average Yield Rates of Crops 2024-25,3
Theni,Lady's Finger,Combined,11366.0,kg/ha,2024-25,Tamil Nadu Department of Economics and Statistics - Districtwise Average Yield Rates of Crops 2024-25,9
Theni,Lemon,Combined,1933.0,kg/ha,2024-25,Tamil Nadu Department of Economics and Statistics - Districtwise Average Yield Rates of Crops 2024-25,10
Theni,Maize,Combined,5336.0,kg/ha,2024-25,Tamil Nadu Department of Economics and Statistics - Districtwise Average Yield Rates of Crops 2024-25,3
Theni,Maize,Kharif,5923.0,kg/ha,2024-25,Tamil Nadu Department of Economics and Statistics - Districtwise Average Yield Rates of Crops 2024-25,3
Theni,Maize,Rabi,5084.0,kg/ha,2024-25,Tamil Nadu Department of Economics and Statistics - Districtwise Average Yield Rates of Crops 2024-25,3
Theni,Mango,Combined,6374.0,kg/ha,2024-25,Tamil Nadu Department of Economics and Statistics - Districtwise Average Yield Rates of Crops 2024-25,10
Theni,Onion,Combined,9133.0,kg/ha,2024-25,Tamil Nadu Department of Economics and Statistics - Districtwise Average Yield Rates of Crops 2024-25,9
Theni,Onion,Kharif,8850.0,kg/ha,2024-25,Tamil Nadu Department of Economics and Statistics - Districtwise Average Yield Rates of Crops 2024-25,9
Theni,Onion,Rabi,9525.0,kg/ha,2024-25,Tamil Nadu Department of Economics and Statistics - Districtwise Average Yield Rates of Crops 2024-25,9
Theni,Orange,Combined,3912.0,kg/ha,2024-25,Tamil Nadu Department of Economics and Statistics - Districtwise Average Yield Rates of Crops 2024-25,10
Theni,Other Cereals,Combined,1415.0,kg/ha,2024-25,Tamil Nadu Department of Economics and Statistics - Districtwise Average Yield Rates of Crops 2024-25,4
Theni,Other Pulses,Combined,585.0,kg/ha,2024-25,Tamil Nadu Department of Economics and Statistics - Districtwise Average Yield Rates of Crops 2024-25,6
Theni,Other Pulses,Kharif,585.0,kg/ha,2024-25,Tamil Nadu Department of Economics and Statistics - Districtwise Average Yield Rates of Crops 2024-25,6
Theni,Other Pulses,Rabi,585.0,kg/ha,2024-25,Tamil Nadu Department of Economics and Statistics - Districtwise Average Yield Rates of Crops 2024-25,6
Theni,Paddy,Combined,4289.0,kg/ha,2024-25,Tamil Nadu Department of Economics and Statistics - Districtwise Average Yield Rates of Crops 2024-25,1
Theni,Paddy,Kar/Kuruvai/Sornavari,4719.0,kg/ha,2024-25,Tamil Nadu Department of Economics and Statistics - Districtwise Average Yield Rates of Crops 2024-25,1
Theni,Paddy,Navarai/Kodai,3874.0,kg/ha,2024-25,Tamil Nadu Department of Economics and Statistics - Districtwise Average Yield Rates of Crops 2024-25,1
Theni,Paddy,Samba/Thaladi/Pishanam,4050.0,kg/ha,2024-25,Tamil Nadu Department of Economics and Statistics - Districtwise Average Yield Rates of Crops 2024-25,1
Theni,Pepper,Combined,285.0,kg/ha,2024-25,Tamil Nadu Department of Economics and Statistics - Districtwise Average Yield Rates of Crops 2024-25,7
Theni,Pine Apple,Combined,0.0,kg/ha,2024-25,Tamil Nadu Department of Economics and Statistics - Districtwise Average Yield Rates of Crops 2024-25,10
Theni,Potato,Combined,0.0,kg/ha,2024-25,Tamil Nadu Department of Economics and Statistics - Districtwise Average Yield Rates of Crops 2024-25,8
Theni,Potato,Kharif,0.0,kg/ha,2024-25,Tamil Nadu Department of Economics and Statistics - Districtwise Average Yield Rates of Crops 2024-25,8
Theni,Potato,Rabi,0.0,kg/ha,2024-25,Tamil Nadu Department of Economics and Statistics - Districtwise Average Yield Rates of Crops 2024-25,8
Theni,Ragi,Combined,6298.0,kg/ha,2024-25,Tamil Nadu Department of Economics and Statistics - Districtwise Average Yield Rates of Crops 2024-25,2
Theni,Ragi,Kharif,3922.0,kg/ha,2024-25,Tamil Nadu Department of Economics and Statistics - Districtwise Average Yield Rates of Crops 2024-25,2
Theni,Ragi,Rabi,6942.0,kg/ha,2024-25,Tamil Nadu Department of Economics and Statistics - Districtwise Average Yield Rates of Crops 2024-25,2
Theni,Rapeseed & Mustard,Combined,235.0,kg/ha,2024-25,Tamil Nadu Department of Economics and Statistics - Districtwise Average Yield Rates of Crops 2024-25,12
Theni,Red Gram,Combined,954.0,kg/ha,2024-25,Tamil Nadu Department of Economics and Statistics - Districtwise Average Yield Rates of Crops 2024-25,4
Theni,Red Gram,Kharif,954.0,kg/ha,2024-25,Tamil Nadu Department of Economics and Statistics - Districtwise Average Yield Rates of Crops 2024-25,4
Theni,Red Gram,Rabi,954.0,kg/ha,2024-25,Tamil Nadu Department of Economics and Statistics - Districtwise Average Yield Rates of Crops 2024-25,4
Theni,Samai,Combined,1456.0,kg/ha,2024-25,Tamil Nadu Department of Economics and Statistics - Districtwise Average Yield Rates of Crops 2024-25,4
Theni,Samai,Kharif,0.0,kg/ha,2024-25,Tamil Nadu Department of Economics and Statistics - Districtwise Average Yield Rates of Crops 2024-25,4
Theni,Samai,Rabi,1456.0,kg/ha,2024-25,Tamil Nadu Department of Economics and Statistics - Districtwise Average Yield Rates of Crops 2024-25,4
Theni,Sugar Cane,Combined,82.0,tonnes/ha,2024-25,Tamil Nadu Department of Economics and Statistics - Districtwise Average Yield Rates of Crops 2024-25,6
Theni,Sun Flower,Combined,1935.0,kg/ha,2024-25,Tamil Nadu Department of Economics and Statistics - Districtwise Average Yield Rates of Crops 2024-25,12
Theni,Sun Flower,Kharif,1935.0,kg/ha,2024-25,Tamil Nadu Department of Economics and Statistics - Districtwise Average Yield Rates of Crops 2024-25,12
Theni,Sun Flower,Rabi,0.0,kg/ha,2024-25,Tamil Nadu Department of Economics and Statistics - Districtwise Average Yield Rates of Crops 2024-25,12
Theni,Sweet Potato,Combined,19336.0,kg/ha,2024-25,Tamil Nadu Department of Economics and Statistics - Districtwise Average Yield Rates of Crops 2024-25,8
Theni,Tamarind,Combined,2977.0,kg/ha,2024-25,Tamil Nadu Department of Economics and Statistics - Districtwise Average Yield Rates of Crops 2024-25,8
Theni,Tapioca,Combined,40259.0,kg/ha,2024-25,Tamil Nadu Department of Economics and Statistics - Districtwise Average Yield Rates of Crops 2024-25,8
Theni,Tobacco,Combined,0.0,kg/ha,2024-25,Tamil Nadu Department of Economics and Statistics - Districtwise Average Yield Rates of Crops 2024-25,13
Theni,Tomato,Combined,12745.0,kg/ha,2024-25,Tamil Nadu Department of Economics and Statistics - Districtwise Average Yield Rates of Crops 2024-25,9
Theni,Turmeric,Combined,0.0,kg/ha,2024-25,Tamil Nadu Department of Economics and Statistics - Districtwise Average Yield Rates of Crops 2024-25,7
Theni,Varagu,Combined,0.0,kg/ha,2024-25,Tamil Nadu Department of Economics and Statistics - Districtwise Average Yield Rates of Crops 2024-25,3
Theni,Varagu,Kharif,0.0,kg/ha,2024-25,Tamil Nadu Department of Economics and Statistics - Districtwise Average Yield Rates of Crops 2024-25,3
Theni,Varagu,Rabi,0.0,kg/ha,2024-25,Tamil Nadu Department of Economics and Statistics - Districtwise Average Yield Rates of Crops 2024-25,3
Thoothukudi,Arecanut,Combined,0.0,kg/ha,2024-25,Tamil Nadu Department of Economics and Statistics - Districtwise Average Yield Rates of Crops 2024-25,7
Thoothukudi,Bajra (Cumbu),Combined,1396.0,kg/ha,2024-25,Tamil Nadu Department of Economics and Statistics - Districtwise Average Yield Rates of Crops 2024-25,2
Thoothukudi,Bajra (Cumbu),Kharif,2652.0,kg/ha,2024-25,Tamil Nadu Department of Economics and Statistics - Districtwise Average Yield Rates of Crops 2024-25,2
Thoothukudi,Bajra (Cumbu),Rabi,1394.0,kg/ha,2024-25,Tamil Nadu Department of Economics and Statistics - Districtwise Average Yield Rates of Crops 2024-25,2
Thoothukudi,Banana,Combined,44758.0,kg/ha,2024-25,Tamil Nadu Department of Economics and Statistics - Districtwise Average Yield Rates of Crops 2024-25,10
Thoothukudi,Bengal Gram,Combined,0.0,kg/ha,2024-25,Tamil Nadu Department of Economics and Statistics - Districtwise Average Yield Rates of Crops 2024-25,4
Thoothukudi,Black Gram,Combined,317.0,kg/ha,2024-25,Tamil Nadu Department of Economics and Statistics - Districtwise Average Yield Rates of Crops 2024-25,5
Thoothukudi,Black Gram,Kharif,531.0,kg/ha,2024-25,Tamil Nadu Department of Economics and Statistics - Districtwise Average Yield Rates of Crops 2024-25,5
Thoothukudi,Black Gram,Rabi,311.0,kg/ha,2024-25,Tamil Nadu Department of Economics and Statistics - Districtwise Average Yield Rates of Crops 2024-25,5
Thoothukudi,Brinjal,Combined,13225.0,kg/ha,2024-25,Tamil Nadu Department of Economics and Statistics - Districtwise Average Yield Rates of Crops 2024-25,9
Thoothukudi,Cabbage,Combined,0.0,kg/ha,2024-25,Tamil Nadu Department of Economics and Statistics - Districtwise Average Yield Rates of Crops 2024-25,9
Thoothukudi,Cardamom,Combined,0.0,kg/ha,2024-25,Tamil Nadu Department of Economics and Statistics - Districtwise Average Yield Rates of Crops 2024-25,8
Thoothukudi,Cashew Nut,Combined,364.0,kg/ha,2024-25,Tamil Nadu Department of Economics and Statistics - Districtwise Average Yield Rates of Crops 2024-25,10
Thoothukudi,Castor,Combined,312.0,kg/ha,2024-25,Tamil Nadu Department of Economics and Statistics - Districtwise Average Yield Rates of Crops 2024-25,12
Thoothukudi,Chillies,Combined,503.0,kg/ha,2024-25,Tamil Nadu Department of Economics and Statistics - Districtwise Average Yield Rates of Crops 2024-25,7
Thoothukudi,Cloves,Combined,0.0,kg/ha,2024-25,Tamil Nadu Department of Economics and Statistics - Districtwise Average Yield Rates of Crops 2024-25,7
Thoothukudi,Coconut,Combined,6317.0,nuts/ha,2024-25,Tamil Nadu Department of Economics and Statistics - Districtwise Average Yield Rates of Crops 2024-25,13
Thoothukudi,Coriander,Combined,550.0,kg/ha,2024-25,Tamil Nadu Department of Economics and Statistics - Districtwise Average Yield Rates of Crops 2024-25,8
Thoothukudi,Cotton,Combined,963.0,kg/ha,2024-25,Tamil Nadu Department of Economics and Statistics - Districtwise Average Yield Rates of Crops 2024-25,13
Thoothukudi,Cotton,Kharif,282.0,kg/ha,2024-25,Tamil Nadu Department of Economics and Statistics - Districtwise Average Yield Rates of Crops 2024-25,13
Thoothukudi,Cotton,Rabi,155.0,kg/ha,2024-25,Tamil Nadu Department of Economics and Statistics - Districtwise Average Yield Rates of Crops 2024-25,13
Thoothukudi,Cowpea,Combined,549.0,kg/ha,2024-25,Tamil Nadu Department of Economics and Statistics - Districtwise Average Yield Rates of Crops 2024-25,6
Thoothukudi,Cowpea,Kharif,0.0,kg/ha,2024-25,Tamil Nadu Department of Economics and Statistics - Districtwise Average Yield Rates of Crops 2024-25,6
Thoothukudi,Cowpea,Rabi,549.0,kg/ha,2024-25,Tamil Nadu Department of Economics and Statistics - Districtwise Average Yield Rates of Crops 2024-25,6
Thoothukudi,Garlic,Combined,0.0,kg/ha,2024-25,Tamil Nadu Department of Economics and Statistics - Districtwise Average Yield Rates of Crops 2024-25,7
Thoothukudi,Gingelly,Combined,452.0,kg/ha,2024-25,Tamil Nadu Department of Economics and Statistics - Districtwise Average Yield Rates of Crops 2024-25,11
Thoothukudi,Gingelly,Kharif,487.0,kg/ha,2024-25,Tamil Nadu Department of Economics and Statistics - Districtwise Average Yield Rates of Crops 2024-25,11
Thoothukudi,Gingelly,Rabi,414.0,kg/ha,2024-25,Tamil Nadu Department of Economics and Statistics - Districtwise Average Yield Rates of Crops 2024-25,11
Thoothukudi,Ginger,Combined,5488.0,kg/ha,2024-25,Tamil Nadu Department of Economics and Statistics - Districtwise Average Yield Rates of Crops 2024-25,7
Thoothukudi,Grapes,Combined,41573.0,kg/ha,2024-25,Tamil Nadu Department of Economics and Statistics - Districtwise Average Yield Rates of Crops 2024-25,11
Thoothukudi,Green Gram,Combined,229.0,kg/ha,2024-25,Tamil Nadu Department of Economics and Statistics - Districtwise Average Yield Rates of Crops 2024-25,5
Thoothukudi,Green Gram,Kharif,564.0,kg/ha,2024-25,Tamil Nadu Department of Economics and Statistics - Districtwise Average Yield Rates of Crops 2024-25,5
Thoothukudi,Green Gram,Rabi,228.0,kg/ha,2024-25,Tamil Nadu Department of Economics and Statistics - Districtwise Average Yield Rates of Crops 2024-25,5
Thoothukudi,Groundnut,Combined,2886.0,kg/ha,2024-25,Tamil Nadu Department of Economics and Statistics - Districtwise Average Yield Rates of Crops 2024-25,11
Thoothukudi,Groundnut,Kharif,1970.0,kg/ha,2024-25,Tamil Nadu Department of Economics and Statistics - Districtwise Average Yield Rates of Crops 2024-25,11
Thoothukudi,Groundnut,Rabi,3202.0,kg/ha,2024-25,Tamil Nadu Department of Economics and Statistics - Districtwise Average Yield Rates of Crops 2024-25,11
Thoothukudi,Guava,Combined,6663.0,kg/ha,2024-25,Tamil Nadu Department of Economics and Statistics - Districtwise Average Yield Rates of Crops 2024-25,11
Thoothukudi,Horse Gram,Combined,0.0,kg/ha,2024-25,Tamil Nadu Department of Economics and Statistics - Districtwise Average Yield Rates of Crops 2024-25,5
Thoothukudi,Horse Gram,Kharif,0.0,kg/ha,2024-25,Tamil Nadu Department of Economics and Statistics - Districtwise Average Yield Rates of Crops 2024-25,5
Thoothukudi,Horse Gram,Rabi,0.0,kg/ha,2024-25,Tamil Nadu Department of Economics and Statistics - Districtwise Average Yield Rates of Crops 2024-25,5
Thoothukudi,Jack Fruit,Combined,20056.0,kg/ha,2024-25,Tamil Nadu Department of Economics and Statistics - Districtwise Average Yield Rates of Crops 2024-25,10
Thoothukudi,Jowar (Cholam),Combined,1877.0,kg/ha,2024-25,Tamil Nadu Department of Economics and Statistics - Districtwise Average Yield Rates of Crops 2024-25,1
Thoothukudi,Jowar (Cholam),Kharif,1293.0,kg/ha,2024-25,Tamil Nadu Department of Economics and Statistics - Districtwise Average Yield Rates of Crops 2024-25,1
Thoothukudi,Jowar (Cholam),Rabi,1878.0,kg/ha,2024-25,Tamil Nadu Department of Economics and Statistics - Districtwise Average Yield Rates of Crops 2024-25,1
Thoothukudi,Korra,Combined,470.0,kg/ha,2024-25,Tamil Nadu Department of Economics and Statistics - Districtwise Average Yield Rates of Crops 2024-25,3
Thoothukudi,Lady's Finger,Combined,11366.0,kg/ha,2024-25,Tamil Nadu Department of Economics and Statistics - Districtwise Average Yield Rates of Crops 2024-25,9
Thoothukudi,Lemon,Combined,2897.0,kg/ha,2024-25,Tamil Nadu Department of Economics and Statistics - Districtwise Average Yield Rates of Crops 2024-25,10
Thoothukudi,Maize,Combined,2580.0,kg/ha,2024-25,Tamil Nadu Department of Economics and Statistics - Districtwise Average Yield Rates of Crops 2024-25,3
Thoothukudi,Maize,Kharif,5923.0,kg/ha,2024-25,Tamil Nadu Department of Economics and Statistics - Districtwise Average Yield Rates of Crops 2024-25,3
Thoothukudi,Maize,Rabi,2579.0,kg/ha,2024-25,Tamil Nadu Department of Economics and Statistics - Districtwise Average Yield Rates of Crops 2024-25,3
Thoothukudi,Mango,Combined,5855.0,kg/ha,2024-25,Tamil Nadu Department of Economics and Statistics - Districtwise Average Yield Rates of Crops 2024-25,10
Thoothukudi,Onion,Combined,1842.0,kg/ha,2024-25,Tamil Nadu Department of Economics and Statistics - Districtwise Average Yield Rates of Crops 2024-25,9
Thoothukudi,Onion,Kharif,10529.0,kg/ha,2024-25,Tamil Nadu Department of Economics and Statistics - Districtwise Average Yield Rates of Crops 2024-25,9
Thoothukudi,Onion,Rabi,1809.0,kg/ha,2024-25,Tamil Nadu Department of Economics and Statistics - Districtwise Average Yield Rates of Crops 2024-25,9
Thoothukudi,Orange,Combined,3912.0,kg/ha,2024-25,Tamil Nadu Department of Economics and Statistics - Districtwise Average Yield Rates of Crops 2024-25,10
Thoothukudi,Other Cereals,Combined,1415.0,kg/ha,2024-25,Tamil Nadu Department of Economics and Statistics - Districtwise Average Yield Rates of Crops 2024-25,4
Thoothukudi,Other Pulses,Combined,585.0,kg/ha,2024-25,Tamil Nadu Department of Economics and Statistics - Districtwise Average Yield Rates of Crops 2024-25,6
Thoothukudi,Other Pulses,Kharif,585.0,kg/ha,2024-25,Tamil Nadu Department of Economics and Statistics - Districtwise Average Yield Rates of Crops 2024-25,6
Thoothukudi,Other Pulses,Rabi,585.0,kg/ha,2024-25,Tamil Nadu Department of Economics and Statistics - Districtwise Average Yield Rates of Crops 2024-25,6
Thoothukudi,Paddy,Combined,3619.0,kg/ha,2024-25,Tamil Nadu Department of Economics and Statistics - Districtwise Average Yield Rates of Crops 2024-25,1
Thoothukudi,Paddy,Kar/Kuruvai/Sornavari,3689.0,kg/ha,2024-25,Tamil Nadu Department of Economics and Statistics - Districtwise Average Yield Rates of Crops 2024-25,1
Thoothukudi,Paddy,Navarai/Kodai,3596.0,kg/ha,2024-25,Tamil Nadu Department of Economics and Statistics - Districtwise Average Yield Rates of Crops 2024-25,1
Thoothukudi,Paddy,Samba/Thaladi/Pishanam,3764.0,kg/ha,2024-25,Tamil Nadu Department of Economics and Statistics - Districtwise Average Yield Rates of Crops 2024-25,1
Thoothukudi,Pepper,Combined,0.0,kg/ha,2024-25,Tamil Nadu Department of Economics and Statistics - Districtwise Average Yield Rates of Crops 2024-25,7
Thoothukudi,Pine Apple,Combined,41249.0,kg/ha,2024-25,Tamil Nadu Department of Economics and Statistics - Districtwise Average Yield Rates of Crops 2024-25,10
Thoothukudi,Potato,Combined,0.0,kg/ha,2024-25,Tamil Nadu Department of Economics and Statistics - Districtwise Average Yield Rates of Crops 2024-25,8
Thoothukudi,Potato,Kharif,0.0,kg/ha,2024-25,Tamil Nadu Department of Economics and Statistics - Districtwise Average Yield Rates of Crops 2024-25,8
Thoothukudi,Potato,Rabi,0.0,kg/ha,2024-25,Tamil Nadu Department of Economics and Statistics - Districtwise Average Yield Rates of Crops 2024-25,8
Thoothukudi,Ragi,Combined,6942.0,kg/ha,2024-25,Tamil Nadu Department of Economics and Statistics - Districtwise Average Yield Rates of Crops 2024-25,2
Thoothukudi,Ragi,Kharif,3922.0,kg/ha,2024-25,Tamil Nadu Department of Economics and Statistics - Districtwise Average Yield Rates of Crops 2024-25,2
Thoothukudi,Ragi,Rabi,6942.0,kg/ha,2024-25,Tamil Nadu Department of Economics and Statistics - Districtwise Average Yield Rates of Crops 2024-25,2
Thoothukudi,Rapeseed & Mustard,Combined,0.0,kg/ha,2024-25,Tamil Nadu Department of Economics and Statistics - Districtwise Average Yield Rates of Crops 2024-25,12
Thoothukudi,Red Gram,Combined,1026.0,kg/ha,2024-25,Tamil Nadu Department of Economics and Statistics - Districtwise Average Yield Rates of Crops 2024-25,4
Thoothukudi,Red Gram,Kharif,1015.0,kg/ha,2024-25,Tamil Nadu Department of Economics and Statistics - Districtwise Average Yield Rates of Crops 2024-25,4
Thoothukudi,Red Gram,Rabi,1026.0,kg/ha,2024-25,Tamil Nadu Department of Economics and Statistics - Districtwise Average Yield Rates of Crops 2024-25,4
Thoothukudi,Samai,Combined,0.0,kg/ha,2024-25,Tamil Nadu Department of Economics and Statistics - Districtwise Average Yield Rates of Crops 2024-25,4
Thoothukudi,Samai,Kharif,0.0,kg/ha,2024-25,Tamil Nadu Department of Economics and Statistics - Districtwise Average Yield Rates of Crops 2024-25,4
Thoothukudi,Samai,Rabi,0.0,kg/ha,2024-25,Tamil Nadu Department of Economics and Statistics - Districtwise Average Yield Rates of Crops 2024-25,4
Thoothukudi,Sugar Cane,Combined,101.0,tonnes/ha,2024-25,Tamil Nadu Department of Economics and Statistics - Districtwise Average Yield Rates of Crops 2024-25,6
Thoothukudi,Sun Flower,Combined,636.0,kg/ha,2024-25,Tamil Nadu Department of Economics and Statistics - Districtwise Average Yield Rates of Crops 2024-25,12
Thoothukudi,Sun Flower,Kharif,1935.0,kg/ha,2024-25,Tamil Nadu Department of Economics and Statistics - Districtwise Average Yield Rates of Crops 2024-25,12
Thoothukudi,Sun Flower,Rabi,614.0,kg/ha,2024-25,Tamil Nadu Department of Economics and Statistics - Districtwise Average Yield Rates of Crops 2024-25,12
Thoothukudi,Sweet Potato,Combined,19336.0,kg/ha,2024-25,Tamil Nadu Department of Economics and Statistics - Districtwise Average Yield Rates of Crops 2024-25,8
Thoothukudi,Tamarind,Combined,2551.0,kg/ha,2024-25,Tamil Nadu Department of Economics and Statistics - Districtwise Average Yield Rates of Crops 2024-25,8
Thoothukudi,Tapioca,Combined,40259.0,kg/ha,2024-25,Tamil Nadu Department of Economics and Statistics - Districtwise Average Yield Rates of Crops 2024-25,8
Thoothukudi,Tobacco,Combined,0.0,kg/ha,2024-25,Tamil Nadu Department of Economics and Statistics - Districtwise Average Yield Rates of Crops 2024-25,13
Thoothukudi,Tomato,Combined,19663.0,kg/ha,2024-25,Tamil Nadu Department of Economics and Statistics - Districtwise Average Yield Rates of Crops 2024-25,9
Thoothukudi,Turmeric,Combined,0.0,kg/ha,2024-25,Tamil Nadu Department of Economics and Statistics - Districtwise Average Yield Rates of Crops 2024-25,7
Thoothukudi,Varagu,Combined,0.0,kg/ha,2024-25,Tamil Nadu Department of Economics and Statistics - Districtwise Average Yield Rates of Crops 2024-25,3
Thoothukudi,Varagu,Kharif,0.0,kg/ha,2024-25,Tamil Nadu Department of Economics and Statistics - Districtwise Average Yield Rates of Crops 2024-25,3
Thoothukudi,Varagu,Rabi,0.0,kg/ha,2024-25,Tamil Nadu Department of Economics and Statistics - Districtwise Average Yield Rates of Crops 2024-25,3
Tiruchirapalli,Arecanut,Combined,3552.0,kg/ha,2024-25,Tamil Nadu Department of Economics and Statistics - Districtwise Average Yield Rates of Crops 2024-25,7
Tiruchirapalli,Bajra (Cumbu),Combined,2367.0,kg/ha,2024-25,Tamil Nadu Department of Economics and Statistics - Districtwise Average Yield Rates of Crops 2024-25,2
Tiruchirapalli,Bajra (Cumbu),Kharif,2652.0,kg/ha,2024-25,Tamil Nadu Department of Economics and Statistics - Districtwise Average Yield Rates of Crops 2024-25,2
Tiruchirapalli,Bajra (Cumbu),Rabi,1597.0,kg/ha,2024-25,Tamil Nadu Department of Economics and Statistics - Districtwise Average Yield Rates of Crops 2024-25,2
Tiruchirapalli,Banana,Combined,36604.0,kg/ha,2024-25,Tamil Nadu Department of Economics and Statistics - Districtwise Average Yield Rates of Crops 2024-25,10
Tiruchirapalli,Bengal Gram,Combined,926.0,kg/ha,2024-25,Tamil Nadu Department of Economics and Statistics - Districtwise Average Yield Rates of Crops 2024-25,4
Tiruchirapalli,Black Gram,Combined,804.0,kg/ha,2024-25,Tamil Nadu Department of Economics and Statistics - Districtwise Average Yield Rates of Crops 2024-25,5
Tiruchirapalli,Black Gram,Kharif,531.0,kg/ha,2024-25,Tamil Nadu Department of Economics and Statistics - Districtwise Average Yield Rates of Crops 2024-25,5
Tiruchirapalli,Black Gram,Rabi,833.0,kg/ha,2024-25,Tamil Nadu Department of Economics and Statistics - Districtwise Average Yield Rates of Crops 2024-25,5
Tiruchirapalli,Brinjal,Combined,13225.0,kg/ha,2024-25,Tamil Nadu Department of Economics and Statistics - Districtwise Average Yield Rates of Crops 2024-25,9
Tiruchirapalli,Cabbage,Combined,0.0,kg/ha,2024-25,Tamil Nadu Department of Economics and Statistics - Districtwise Average Yield Rates of Crops 2024-25,9
Tiruchirapalli,Cardamom,Combined,0.0,kg/ha,2024-25,Tamil Nadu Department of Economics and Statistics - Districtwise Average Yield Rates of Crops 2024-25,8
Tiruchirapalli,Cashew Nut,Combined,868.0,kg/ha,2024-25,Tamil Nadu Department of Economics and Statistics - Districtwise Average Yield Rates of Crops 2024-25,10
Tiruchirapalli,Castor,Combined,312.0,kg/ha,2024-25,Tamil Nadu Department of Economics and Statistics - Districtwise Average Yield Rates of Crops 2024-25,12
Tiruchirapalli,Chillies,Combined,502.0,kg/ha,2024-25,Tamil Nadu Department of Economics and Statistics - Districtwise Average Yield Rates of Crops 2024-25,7
Tiruchirapalli,Cloves,Combined,0.0,kg/ha,2024-25,Tamil Nadu Department of Economics and Statistics - Districtwise Average Yield Rates of Crops 2024-25,7
Tiruchirapalli,Coconut,Combined,14259.0,nuts/ha,2024-25,Tamil Nadu Department of Economics and Statistics - Districtwise Average Yield Rates of Crops 2024-25,13
Tiruchirapalli,Coriander,Combined,444.0,kg/ha,2024-25,Tamil Nadu Department of Economics and Statistics - Districtwise Average Yield Rates of Crops 2024-25,8
Tiruchirapalli,Cotton,Combined,1641.0,kg/ha,2024-25,Tamil Nadu Department of Economics and Statistics - Districtwise Average Yield Rates of Crops 2024-25,13
Tiruchirapalli,Cotton,Kharif,254.0,kg/ha,2024-25,Tamil Nadu Department of Economics and Statistics - Districtwise Average Yield Rates of Crops 2024-25,13
Tiruchirapalli,Cotton,Rabi,386.0,kg/ha,2024-25,Tamil Nadu Department of Economics and Statistics - Districtwise Average Yield Rates of Crops 2024-25,13
Tiruchirapalli,Cowpea,Combined,562.0,kg/ha,2024-25,Tamil Nadu Department of Economics and Statistics - Districtwise Average Yield Rates of Crops 2024-25,6
Tiruchirapalli,Cowpea,Kharif,604.0,kg/ha,2024-25,Tamil Nadu Department of Economics and Statistics - Districtwise Average Yield Rates of Crops 2024-25,6
Tiruchirapalli,Cowpea,Rabi,549.0,kg/ha,2024-25,Tamil Nadu Department of Economics and Statistics - Districtwise Average Yield Rates of Crops 2024-25,6
Tiruchirapalli,Garlic,Combined,0.0,kg/ha,2024-25,Tamil Nadu Department of Economics and Statistics - Districtwise Average Yield Rates of Crops 2024-25,7
Tiruchirapalli,Gingelly,Combined,889.0,kg/ha,2024-25,Tamil Nadu Department of Economics and Statistics - Districtwise Average Yield Rates of Crops 2024-25,11
Tiruchirapalli,Gingelly,Kharif,487.0,kg/ha,2024-25,Tamil Nadu Department of Economics and Statistics - Districtwise Average Yield Rates of Crops 2024-25,11
Tiruchirapalli,Gingelly,Rabi,909.0,kg/ha,2024-25,Tamil Nadu Department of Economics and Statistics - Districtwise Average Yield Rates of Crops 2024-25,11
Tiruchirapalli,Ginger,Combined,5488.0,kg/ha,2024-25,Tamil Nadu Department of Economics and Statistics - Districtwise Average Yield Rates of Crops 2024-25,7
Tiruchirapalli,Grapes,Combined,41573.0,kg/ha,2024-25,Tamil Nadu Department of Economics and Statistics - Districtwise Average Yield Rates of Crops 2024-25,11
Tiruchirapalli,Green Gram,Combined,251.0,kg/ha,2024-25,Tamil Nadu Department of Economics and Statistics - Districtwise Average Yield Rates of Crops 2024-25,5
Tiruchirapalli,Green Gram,Kharif,564.0,kg/ha,2024-25,Tamil Nadu Department of Economics and Statistics - Districtwise Average Yield Rates of Crops 2024-25,5
Tiruchirapalli,Green Gram,Rabi,248.0,kg/ha,2024-25,Tamil Nadu Department of Economics and Statistics - Districtwise Average Yield Rates of Crops 2024-25,5
Tiruchirapalli,Groundnut,Combined,2561.0,kg/ha,2024-25,Tamil Nadu Department of Economics and Statistics - Districtwise Average Yield Rates of Crops 2024-25,11
Tiruchirapalli,Groundnut,Kharif,2310.0,kg/ha,2024-25,Tamil Nadu Department of Economics and Statistics - Districtwise Average Yield Rates of Crops 2024-25,11
Tiruchirapalli,Groundnut,Rabi,3014.0,kg/ha,2024-25,Tamil Nadu Department of Economics and Statistics - Districtwise Average Yield Rates of Crops 2024-25,11
Tiruchirapalli,Guava,Combined,18756.0,kg/ha,2024-25,Tamil Nadu Department of Economics and Statistics - Districtwise Average Yield Rates of Crops 2024-25,11
Tiruchirapalli,Horse Gram,Combined,707.0,kg/ha,2024-25,Tamil Nadu Department of Economics and Statistics - Districtwise Average Yield Rates of Crops 2024-25,5
Tiruchirapalli,Horse Gram,Kharif,604.0,kg/ha,2024-25,Tamil Nadu Department of Economics and Statistics - Districtwise Average Yield Rates of Crops 2024-25,5
Tiruchirapalli,Horse Gram,Rabi,710.0,kg/ha,2024-25,Tamil Nadu Department of Economics and Statistics - Districtwise Average Yield Rates of Crops 2024-25,5
Tiruchirapalli,Jack Fruit,Combined,20056.0,kg/ha,2024-25,Tamil Nadu Department of Economics and Statistics - Districtwise Average Yield Rates of Crops 2024-25,10
Tiruchirapalli,Jowar (Cholam),Combined,1569.0,kg/ha,2024-25,Tamil Nadu Department of Economics and Statistics - Districtwise Average Yield Rates of Crops 2024-25,1
Tiruchirapalli,Jowar (Cholam),Kharif,1051.0,kg/ha,2024-25,Tamil Nadu Department of Economics and Statistics - Districtwise Average Yield Rates of Crops 2024-25,1
Tiruchirapalli,Jowar (Cholam),Rabi,2373.0,kg/ha,2024-25,Tamil Nadu Department of Economics and Statistics - Districtwise Average Yield Rates of Crops 2024-25,1
Tiruchirapalli,Korra,Combined,470.0,kg/ha,2024-25,Tamil Nadu Department of Economics and Statistics - Districtwise Average Yield Rates of Crops 2024-25,3
Tiruchirapalli,Lady's Finger,Combined,11366.0,kg/ha,2024-25,Tamil Nadu Department of Economics and Statistics - Districtwise Average Yield Rates of Crops 2024-25,9
Tiruchirapalli,Lemon,Combined,16500.0,kg/ha,2024-25,Tamil Nadu Department of Economics and Statistics - Districtwise Average Yield Rates of Crops 2024-25,10
Tiruchirapalli,Maize,Combined,5534.0,kg/ha,2024-25,Tamil Nadu Department of Economics and Statistics - Districtwise Average Yield Rates of Crops 2024-25,3
Tiruchirapalli,Maize,Kharif,5657.0,kg/ha,2024-25,Tamil Nadu Department of Economics and Statistics - Districtwise Average Yield Rates of Crops 2024-25,3
Tiruchirapalli,Maize,Rabi,5084.0,kg/ha,2024-25,Tamil Nadu Department of Economics and Statistics - Districtwise Average Yield Rates of Crops 2024-25,3
Tiruchirapalli,Mango,Combined,15924.0,kg/ha,2024-25,Tamil Nadu Department of Economics and Statistics - Districtwise Average Yield Rates of Crops 2024-25,10
Tiruchirapalli,Onion,Combined,9299.0,kg/ha,2024-25,Tamil Nadu Department of Economics and Statistics - Districtwise Average Yield Rates of Crops 2024-25,9
Tiruchirapalli,Onion,Kharif,9766.0,kg/ha,2024-25,Tamil Nadu Department of Economics and Statistics - Districtwise Average Yield Rates of Crops 2024-25,9
Tiruchirapalli,Onion,Rabi,10593.0,kg/ha,2024-25,Tamil Nadu Department of Economics and Statistics - Districtwise Average Yield Rates of Crops 2024-25,9
Tiruchirapalli,Orange,Combined,3912.0,kg/ha,2024-25,Tamil Nadu Department of Economics and Statistics - Districtwise Average Yield Rates of Crops 2024-25,10
Tiruchirapalli,Other Cereals,Combined,1415.0,kg/ha,2024-25,Tamil Nadu Department of Economics and Statistics - Districtwise Average Yield Rates of Crops 2024-25,4
Tiruchirapalli,Other Pulses,Combined,585.0,kg/ha,2024-25,Tamil Nadu Department of Economics and Statistics - Districtwise Average Yield Rates of Crops 2024-25,6
Tiruchirapalli,Other Pulses,Kharif,585.0,kg/ha,2024-25,Tamil Nadu Department of Economics and Statistics - Districtwise Average Yield Rates of Crops 2024-25,6
Tiruchirapalli,Other Pulses,Rabi,585.0,kg/ha,2024-25,Tamil Nadu Department of Economics and Statistics - Districtwise Average Yield Rates of Crops 2024-25,6
Tiruchirapalli,Paddy,Combined,3829.0,kg/ha,2024-25,Tamil Nadu Department of Economics and Statistics - Districtwise Average Yield Rates of Crops 2024-25,1
Tiruchirapalli,Paddy,Kar/Kuruvai/Sornavari,4298.0,kg/ha,2024-25,Tamil Nadu Department of Economics and Statistics - Districtwise Average Yield Rates of Crops 2024-25,1
Tiruchirapalli,Paddy,Navarai/Kodai,3968.0,kg/ha,2024-25,Tamil Nadu Department of Economics and Statistics - Districtwise Average Yield Rates of Crops 2024-25,1
Tiruchirapalli,Paddy,Samba/Thaladi/Pishanam,3753.0,kg/ha,2024-25,Tamil Nadu Department of Economics and Statistics - Districtwise Average Yield Rates of Crops 2024-25,1
Tiruchirapalli,Pepper,Combined,206.0,kg/ha,2024-25,Tamil Nadu Department of Economics and Statistics - Districtwise Average Yield Rates of Crops 2024-25,7
Tiruchirapalli,Pine Apple,Combined,41249.0,kg/ha,2024-25,Tamil Nadu Department of Economics and Statistics - Districtwise Average Yield Rates of Crops 2024-25,10
Tiruchirapalli,Potato,Combined,0.0,kg/ha,2024-25,Tamil Nadu Department of Economics and Statistics - Districtwise Average Yield Rates of Crops 2024-25,8
Tiruchirapalli,Potato,Kharif,0.0,kg/ha,2024-25,Tamil Nadu Department of Economics and Statistics - Districtwise Average Yield Rates of Crops 2024-25,8
Tiruchirapalli,Potato,Rabi,0.0,kg/ha,2024-25,Tamil Nadu Department of Economics and Statistics - Districtwise Average Yield Rates of Crops 2024-25,8
Tiruchirapalli,Ragi,Combined,6045.0,kg/ha,2024-25,Tamil Nadu Department of Economics and Statistics - Districtwise Average Yield Rates of Crops 2024-25,2
Tiruchirapalli,Ragi,Kharif,3922.0,kg/ha,2024-25,Tamil Nadu Department of Economics and Statistics - Districtwise Average Yield Rates of Crops 2024-25,2
Tiruchirapalli,Ragi,Rabi,6942.0,kg/ha,2024-25,Tamil Nadu Department of Economics and Statistics - Districtwise Average Yield Rates of Crops 2024-25,2
Tiruchirapalli,Rapeseed & Mustard,Combined,0.0,kg/ha,2024-25,Tamil Nadu Department of Economics and Statistics - Districtwise Average Yield Rates of Crops 2024-25,12
Tiruchirapalli,Red Gram,Combined,742.0,kg/ha,2024-25,Tamil Nadu Department of Economics and Statistics - Districtwise Average Yield Rates of Crops 2024-25,4
Tiruchirapalli,Red Gram,Kharif,742.0,kg/ha,2024-25,Tamil Nadu Department of Economics and Statistics - Districtwise Average Yield Rates of Crops 2024-25,4
Tiruchirapalli,Red Gram,Rabi,742.0,kg/ha,2024-25,Tamil Nadu Department of Economics and Statistics - Districtwise Average Yield Rates of Crops 2024-25,4
Tiruchirapalli,Samai,Combined,0.0,kg/ha,2024-25,Tamil Nadu Department of Economics and Statistics - Districtwise Average Yield Rates of Crops 2024-25,4
Tiruchirapalli,Samai,Kharif,0.0,kg/ha,2024-25,Tamil Nadu Department of Economics and Statistics - Districtwise Average Yield Rates of Crops 2024-25,4
Tiruchirapalli,Samai,Rabi,0.0,kg/ha,2024-25,Tamil Nadu Department of Economics and Statistics - Districtwise Average Yield Rates of Crops 2024-25,4
Tiruchirapalli,Sugar Cane,Combined,92.0,tonnes/ha,2024-25,Tamil Nadu Department of Economics and Statistics - Districtwise Average Yield Rates of Crops 2024-25,6
Tiruchirapalli,Sun Flower,Combined,1984.0,kg/ha,2024-25,Tamil Nadu Department of Economics and Statistics - Districtwise Average Yield Rates of Crops 2024-25,12
Tiruchirapalli,Sun Flower,Kharif,2036.0,kg/ha,2024-25,Tamil Nadu Department of Economics and Statistics - Districtwise Average Yield Rates of Crops 2024-25,12
Tiruchirapalli,Sun Flower,Rabi,902.0,kg/ha,2024-25,Tamil Nadu Department of Economics and Statistics - Districtwise Average Yield Rates of Crops 2024-25,12
Tiruchirapalli,Sweet Potato,Combined,19336.0,kg/ha,2024-25,Tamil Nadu Department of Economics and Statistics - Districtwise Average Yield Rates of Crops 2024-25,8
Tiruchirapalli,Tamarind,Combined,2628.0,kg/ha,2024-25,Tamil Nadu Department of Economics and Statistics - Districtwise Average Yield Rates of Crops 2024-25,8
Tiruchirapalli,Tapioca,Combined,33114.0,kg/ha,2024-25,Tamil Nadu Department of Economics and Statistics - Districtwise Average Yield Rates of Crops 2024-25,8
Tiruchirapalli,Tobacco,Combined,0.0,kg/ha,2024-25,Tamil Nadu Department of Economics and Statistics - Districtwise Average Yield Rates of Crops 2024-25,13
Tiruchirapalli,Tomato,Combined,19663.0,kg/ha,2024-25,Tamil Nadu Department of Economics and Statistics - Districtwise Average Yield Rates of Crops 2024-25,9
Tiruchirapalli,Turmeric,Combined,0.0,kg/ha,2024-25,Tamil Nadu Department of Economics and Statistics - Districtwise Average Yield Rates of Crops 2024-25,7
Tiruchirapalli,Varagu,Combined,1373.0,kg/ha,2024-25,Tamil Nadu Department of Economics and Statistics - Districtwise Average Yield Rates of Crops 2024-25,3
Tiruchirapalli,Varagu,Kharif,1323.0,kg/ha,2024-25,Tamil Nadu Department of Economics and Statistics - Districtwise Average Yield Rates of Crops 2024-25,3
Tiruchirapalli,Varagu,Rabi,1415.0,kg/ha,2024-25,Tamil Nadu Department of Economics and Statistics - Districtwise Average Yield Rates of Crops 2024-25,3
Tirunelveli,Arecanut,Combined,881.0,kg/ha,2024-25,Tamil Nadu Department of Economics and Statistics - Districtwise Average Yield Rates of Crops 2024-25,7
Tirunelveli,Bajra (Cumbu),Combined,1922.0,kg/ha,2024-25,Tamil Nadu Department of Economics and Statistics - Districtwise Average Yield Rates of Crops 2024-25,2
Tirunelveli,Bajra (Cumbu),Kharif,2652.0,kg/ha,2024-25,Tamil Nadu Department of Economics and Statistics - Districtwise Average Yield Rates of Crops 2024-25,2
Tirunelveli,Bajra (Cumbu),Rabi,1597.0,kg/ha,2024-25,Tamil Nadu Department of Economics and Statistics - Districtwise Average Yield Rates of Crops 2024-25,2
Tirunelveli,Banana,Combined,32655.0,kg/ha,2024-25,Tamil Nadu Department of Economics and Statistics - Districtwise Average Yield Rates of Crops 2024-25,10
Tirunelveli,Bengal Gram,Combined,0.0,kg/ha,2024-25,Tamil Nadu Department of Economics and Statistics - Districtwise Average Yield Rates of Crops 2024-25,4
Tirunelveli,Black Gram,Combined,194.0,kg/ha,2024-25,Tamil Nadu Department of Economics and Statistics - Districtwise Average Yield Rates of Crops 2024-25,5
Tirunelveli,Black Gram,Kharif,531.0,kg/ha,2024-25,Tamil Nadu Department of Economics and Statistics - Districtwise Average Yield Rates of Crops 2024-25,5
Tirunelveli,Black Gram,Rabi,122.0,kg/ha,2024-25,Tamil Nadu Department of Economics and Statistics - Districtwise Average Yield Rates of Crops 2024-25,5
Tirunelveli,Brinjal,Combined,13225.0,kg/ha,2024-25,Tamil Nadu Department of Economics and Statistics - Districtwise Average Yield Rates of Crops 2024-25,9
Tirunelveli,Cabbage,Combined,0.0,kg/ha,2024-25,Tamil Nadu Department of Economics and Statistics - Districtwise Average Yield Rates of Crops 2024-25,9
Tirunelveli,Cardamom,Combined,93.0,kg/ha,2024-25,Tamil Nadu Department of Economics and Statistics - Districtwise Average Yield Rates of Crops 2024-25,8
Tirunelveli,Cashew Nut,Combined,25.0,kg/ha,2024-25,Tamil Nadu Department of Economics and Statistics - Districtwise Average Yield Rates of Crops 2024-25,10
Tirunelveli,Castor,Combined,312.0,kg/ha,2024-25,Tamil Nadu Department of Economics and Statistics - Districtwise Average Yield Rates of Crops 2024-25,12
Tirunelveli,Chillies,Combined,528.0,kg/ha,2024-25,Tamil Nadu Department of Economics and Statistics - Districtwise Average Yield Rates of Crops 2024-25,7
Tirunelveli,Cloves,Combined,959.0,kg/ha,2024-25,Tamil Nadu Department of Economics and Statistics - Districtwise Average Yield Rates of Crops 2024-25,7
Tirunelveli,Coconut,Combined,5559.0,nuts/ha,2024-25,Tamil Nadu Department of Economics and Statistics - Districtwise Average Yield Rates of Crops 2024-25,13
Tirunelveli,Coriander,Combined,0.0,kg/ha,2024-25,Tamil Nadu Department of Economics and Statistics - Districtwise Average Yield Rates of Crops 2024-25,8
Tirunelveli,Cotton,Combined,1797.0,kg/ha,2024-25,Tamil Nadu Department of Economics and Statistics - Districtwise Average Yield Rates of Crops 2024-25,13
Tirunelveli,Cotton,Kharif,282.0,kg/ha,2024-25,Tamil Nadu Department of Economics and Statistics - Districtwise Average Yield Rates of Crops 2024-25,13
Tirunelveli,Cotton,Rabi,386.0,kg/ha,2024-25,Tamil Nadu Department of Economics and Statistics - Districtwise Average Yield Rates of Crops 2024-25,13
Tirunelveli,Cowpea,Combined,554.0,kg/ha,2024-25,Tamil Nadu Department of Economics and Statistics - Districtwise Average Yield Rates of Crops 2024-25,6
Tirunelveli,Cowpea,Kharif,604.0,kg/ha,2024-25,Tamil Nadu Department of Economics and Statistics - Districtwise Average Yield Rates of Crops 2024-25,6
Tirunelveli,Cowpea,Rabi,549.0,kg/ha,2024-25,Tamil Nadu Department of Economics and Statistics - Districtwise Average Yield Rates of Crops 2024-25,6
Tirunelveli,Garlic,Combined,0.0,kg/ha,2024-25,Tamil Nadu Department of Economics and Statistics - Districtwise Average Yield Rates of Crops 2024-25,7
Tirunelveli,Gingelly,Combined,454.0,kg/ha,2024-25,Tamil Nadu Department of Economics and Statistics - Districtwise Average Yield Rates of Crops 2024-25,11
Tirunelveli,Gingelly,Kharif,487.0,kg/ha,2024-25,Tamil Nadu Department of Economics and Statistics - Districtwise Average Yield Rates of Crops 2024-25,11
Tirunelveli,Gingelly,Rabi,414.0,kg/ha,2024-25,Tamil Nadu Department of Economics and Statistics - Districtwise Average Yield Rates of Crops 2024-25,11
Tirunelveli,Ginger,Combined,5488.0,kg/ha,2024-25,Tamil Nadu Department of Economics and Statistics - Districtwise Average Yield Rates of Crops 2024-25,7
Tirunelveli,Grapes,Combined,41573.0,kg/ha,2024-25,Tamil Nadu Department of Economics and Statistics - Districtwise Average Yield Rates of Crops 2024-25,11
Tirunelveli,Green Gram,Combined,257.0,kg/ha,2024-25,Tamil Nadu Department of Economics and Statistics - Districtwise Average Yield Rates of Crops 2024-25,5
Tirunelveli,Green Gram,Kharif,564.0,kg/ha,2024-25,Tamil Nadu Department of Economics and Statistics - Districtwise Average Yield Rates of Crops 2024-25,5
Tirunelveli,Green Gram,Rabi,248.0,kg/ha,2024-25,Tamil Nadu Department of Economics and Statistics - Districtwise Average Yield Rates of Crops 2024-25,5
Tirunelveli,Groundnut,Combined,2713.0,kg/ha,2024-25,Tamil Nadu Department of Economics and Statistics - Districtwise Average Yield Rates of Crops 2024-25,11
Tirunelveli,Groundnut,Kharif,1970.0,kg/ha,2024-25,Tamil Nadu Department of Economics and Statistics - Districtwise Average Yield Rates of Crops 2024-25,11
Tirunelveli,Groundnut,Rabi,3202.0,kg/ha,2024-25,Tamil Nadu Department of Economics and Statistics - Districtwise Average Yield Rates of Crops 2024-25,11
Tirunelveli,Guava,Combined,7590.0,kg/ha,2024-25,Tamil Nadu Department of Economics and Statistics - Districtwise Average Yield Rates of Crops 2024-25,11
Tirunelveli,Horse Gram,Combined,0.0,kg/ha,2024-25,Tamil Nadu Department of Economics and Statistics - Districtwise Average Yield Rates of Crops 2024-25,5
Tirunelveli,Horse Gram,Kharif,0.0,kg/ha,2024-25,Tamil Nadu Department of Economics and Statistics - Districtwise Average Yield Rates of Crops 2024-25,5
Tirunelveli,Horse Gram,Rabi,0.0,kg/ha,2024-25,Tamil Nadu Department of Economics and Statistics - Districtwise Average Yield Rates of Crops 2024-25,5
Tirunelveli,Jack Fruit,Combined,20056.0,kg/ha,2024-25,Tamil Nadu Department of Economics and Statistics - Districtwise Average Yield Rates of Crops 2024-25,10
Tirunelveli,Jowar (Cholam),Combined,1279.0,kg/ha,2024-25,Tamil Nadu Department of Economics and Statistics - Districtwise Average Yield Rates of Crops 2024-25,1
Tirunelveli,Jowar (Cholam),Kharif,1293.0,kg/ha,2024-25,Tamil Nadu Department of Economics and Statistics - Districtwise Average Yield Rates of Crops 2024-25,1
Tirunelveli,Jowar (Cholam),Rabi,1147.0,kg/ha,2024-25,Tamil Nadu Department of Economics and Statistics - Districtwise Average Yield Rates of Crops 2024-25,1
Tirunelveli,Korra,Combined,0.0,kg/ha,2024-25,Tamil Nadu Department of Economics and Statistics - Districtwise Average Yield Rates of Crops 2024-25,3
Tirunelveli,Lady's Finger,Combined,11366.0,kg/ha,2024-25,Tamil Nadu Department of Economics and Statistics - Districtwise Average Yield Rates of Crops 2024-25,9
Tirunelveli,Lemon,Combined,6795.0,kg/ha,2024-25,Tamil Nadu Department of Economics and Statistics - Districtwise Average Yield Rates of Crops 2024-25,10
Tirunelveli,Maize,Combined,5108.0,kg/ha,2024-25,Tamil Nadu Department of Economics and Statistics - Districtwise Average Yield Rates of Crops 2024-25,3
Tirunelveli,Maize,Kharif,5923.0,kg/ha,2024-25,Tamil Nadu Department of Economics and Statistics - Districtwise Average Yield Rates of Crops 2024-25,3
Tirunelveli,Maize,Rabi,5084.0,kg/ha,2024-25,Tamil Nadu Department of Economics and Statistics - Districtwise Average Yield Rates of Crops 2024-25,3
Tirunelveli,Mango,Combined,3828.0,kg/ha,2024-25,Tamil Nadu Department of Economics and Statistics - Districtwise Average Yield Rates of Crops 2024-25,10
Tirunelveli,Onion,Combined,9873.0,kg/ha,2024-25,Tamil Nadu Department of Economics and Statistics - Districtwise Average Yield Rates of Crops 2024-25,9
Tirunelveli,Onion,Kharif,10529.0,kg/ha,2024-25,Tamil Nadu Department of Economics and Statistics - Districtwise Average Yield Rates of Crops 2024-25,9
Tirunelveli,Onion,Rabi,7307.0,kg/ha,2024-25,Tamil Nadu Department of Economics and Statistics - Districtwise Average Yield Rates of Crops 2024-25,9
Tirunelveli,Orange,Combined,3912.0,kg/ha,2024-25,Tamil Nadu Department of Economics and Statistics - Districtwise Average Yield Rates of Crops 2024-25,10
Tirunelveli,Other Cereals,Combined,1415.0,kg/ha,2024-25,Tamil Nadu Department of Economics and Statistics - Districtwise Average Yield Rates of Crops 2024-25,4
Tirunelveli,Other Pulses,Combined,585.0,kg/ha,2024-25,Tamil Nadu Department of Economics and Statistics - Districtwise Average Yield Rates of Crops 2024-25,6
Tirunelveli,Other Pulses,Kharif,585.0,kg/ha,2024-25,Tamil Nadu Department of Economics and Statistics - Districtwise Average Yield Rates of Crops 2024-25,6
Tirunelveli,Other Pulses,Rabi,0.0,kg/ha,2024-25,Tamil Nadu Department of Economics and Statistics - Districtwise Average Yield Rates of Crops 2024-25,6
Tirunelveli,Paddy,Combined,4068.0,kg/ha,2024-25,Tamil Nadu Department of Economics and Statistics - Districtwise Average Yield Rates of Crops 2024-25,1
Tirunelveli,Paddy,Kar/Kuruvai/Sornavari,4106.0,kg/ha,2024-25,Tamil Nadu Department of Economics and Statistics - Districtwise Average Yield Rates of Crops 2024-25,1
Tirunelveli,Paddy,Navarai/Kodai,3705.0,kg/ha,2024-25,Tamil Nadu Department of Economics and Statistics - Districtwise Average Yield Rates of Crops 2024-25,1
Tirunelveli,Paddy,Samba/Thaladi/Pishanam,4249.0,kg/ha,2024-25,Tamil Nadu Department of Economics and Statistics - Districtwise Average Yield Rates of Crops 2024-25,1
Tirunelveli,Pepper,Combined,209.0,kg/ha,2024-25,Tamil Nadu Department of Economics and Statistics - Districtwise Average Yield Rates of Crops 2024-25,7
Tirunelveli,Pine Apple,Combined,41249.0,kg/ha,2024-25,Tamil Nadu Department of Economics and Statistics - Districtwise Average Yield Rates of Crops 2024-25,10
Tirunelveli,Potato,Combined,0.0,kg/ha,2024-25,Tamil Nadu Department of Economics and Statistics - Districtwise Average Yield Rates of Crops 2024-25,8
Tirunelveli,Potato,Kharif,0.0,kg/ha,2024-25,Tamil Nadu Department of Economics and Statistics - Districtwise Average Yield Rates of Crops 2024-25,8
Tirunelveli,Potato,Rabi,0.0,kg/ha,2024-25,Tamil Nadu Department of Economics and Statistics - Districtwise Average Yield Rates of Crops 2024-25,8
Tirunelveli,Ragi,Combined,6557.0,kg/ha,2024-25,Tamil Nadu Department of Economics and Statistics - Districtwise Average Yield Rates of Crops 2024-25,2
Tirunelveli,Ragi,Kharif,3922.0,kg/ha,2024-25,Tamil Nadu Department of Economics and Statistics - Districtwise Average Yield Rates of Crops 2024-25,2
Tirunelveli,Ragi,Rabi,6942.0,kg/ha,2024-25,Tamil Nadu Department of Economics and Statistics - Districtwise Average Yield Rates of Crops 2024-25,2
Tirunelveli,Rapeseed & Mustard,Combined,0.0,kg/ha,2024-25,Tamil Nadu Department of Economics and Statistics - Districtwise Average Yield Rates of Crops 2024-25,12
Tirunelveli,Red Gram,Combined,1021.0,kg/ha,2024-25,Tamil Nadu Department of Economics and Statistics - Districtwise Average Yield Rates of Crops 2024-25,4
Tirunelveli,Red Gram,Kharif,1015.0,kg/ha,2024-25,Tamil Nadu Department of Economics and Statistics - Districtwise Average Yield Rates of Crops 2024-25,4
Tirunelveli,Red Gram,Rabi,1026.0,kg/ha,2024-25,Tamil Nadu Department of Economics and Statistics - Districtwise Average Yield Rates of Crops 2024-25,4
Tirunelveli,Samai,Combined,0.0,kg/ha,2024-25,Tamil Nadu Department of Economics and Statistics - Districtwise Average Yield Rates of Crops 2024-25,4
Tirunelveli,Samai,Kharif,0.0,kg/ha,2024-25,Tamil Nadu Department of Economics and Statistics - Districtwise Average Yield Rates of Crops 2024-25,4
Tirunelveli,Samai,Rabi,0.0,kg/ha,2024-25,Tamil Nadu Department of Economics and Statistics - Districtwise Average Yield Rates of Crops 2024-25,4
Tirunelveli,Sugar Cane,Combined,100.0,tonnes/ha,2024-25,Tamil Nadu Department of Economics and Statistics - Districtwise Average Yield Rates of Crops 2024-25,6
Tirunelveli,Sun Flower,Combined,1935.0,kg/ha,2024-25,Tamil Nadu Department of Economics and Statistics - Districtwise Average Yield Rates of Crops 2024-25,12
Tirunelveli,Sun Flower,Kharif,1935.0,kg/ha,2024-25,Tamil Nadu Department of Economics and Statistics - Districtwise Average Yield Rates of Crops 2024-25,12
Tirunelveli,Sun Flower,Rabi,0.0,kg/ha,2024-25,Tamil Nadu Department of Economics and Statistics - Districtwise Average Yield Rates of Crops 2024-25,12
Tirunelveli,Sweet Potato,Combined,24063.0,kg/ha,2024-25,Tamil Nadu Department of Economics and Statistics - Districtwise Average Yield Rates of Crops 2024-25,8
Tirunelveli,Tamarind,Combined,2523.0,kg/ha,2024-25,Tamil Nadu Department of Economics and Statistics - Districtwise Average Yield Rates of Crops 2024-25,8
Tirunelveli,Tapioca,Combined,40259.0,kg/ha,2024-25,Tamil Nadu Department of Economics and Statistics - Districtwise Average Yield Rates of Crops 2024-25,8
Tirunelveli,Tobacco,Combined,0.0,kg/ha,2024-25,Tamil Nadu Department of Economics and Statistics - Districtwise Average Yield Rates of Crops 2024-25,13
Tirunelveli,Tomato,Combined,19663.0,kg/ha,2024-25,Tamil Nadu Department of Economics and Statistics - Districtwise Average Yield Rates of Crops 2024-25,9
Tirunelveli,Turmeric,Combined,46519.0,kg/ha,2024-25,Tamil Nadu Department of Economics and Statistics - Districtwise Average Yield Rates of Crops 2024-25,7
Tirunelveli,Varagu,Combined,0.0,kg/ha,2024-25,Tamil Nadu Department of Economics and Statistics - Districtwise Average Yield Rates of Crops 2024-25,3
Tirunelveli,Varagu,Kharif,0.0,kg/ha,2024-25,Tamil Nadu Department of Economics and Statistics - Districtwise Average Yield Rates of Crops 2024-25,3
Tirunelveli,Varagu,Rabi,0.0,kg/ha,2024-25,Tamil Nadu Department of Economics and Statistics - Districtwise Average Yield Rates of Crops 2024-25,3
Tirupathur,Arecanut,Combined,1558.0,kg/ha,2024-25,Tamil Nadu Department of Economics and Statistics - Districtwise Average Yield Rates of Crops 2024-25,7
Tirupathur,Bajra (Cumbu),Combined,2996.0,kg/ha,2024-25,Tamil Nadu Department of Economics and Statistics - Districtwise Average Yield Rates of Crops 2024-25,2
Tirupathur,Bajra (Cumbu),Kharif,3007.0,kg/ha,2024-25,Tamil Nadu Department of Economics and Statistics - Districtwise Average Yield Rates of Crops 2024-25,2
Tirupathur,Bajra (Cumbu),Rabi,1597.0,kg/ha,2024-25,Tamil Nadu Department of Economics and Statistics - Districtwise Average Yield Rates of Crops 2024-25,2
Tirupathur,Banana,Combined,24425.0,kg/ha,2024-25,Tamil Nadu Department of Economics and Statistics - Districtwise Average Yield Rates of Crops 2024-25,10
Tirupathur,Bengal Gram,Combined,0.0,kg/ha,2024-25,Tamil Nadu Department of Economics and Statistics - Districtwise Average Yield Rates of Crops 2024-25,4
Tirupathur,Black Gram,Combined,617.0,kg/ha,2024-25,Tamil Nadu Department of Economics and Statistics - Districtwise Average Yield Rates of Crops 2024-25,5
Tirupathur,Black Gram,Kharif,648.0,kg/ha,2024-25,Tamil Nadu Department of Economics and Statistics - Districtwise Average Yield Rates of Crops 2024-25,5
Tirupathur,Black Gram,Rabi,456.0,kg/ha,2024-25,Tamil Nadu Department of Economics and Statistics - Districtwise Average Yield Rates of Crops 2024-25,5
Tirupathur,Brinjal,Combined,9267.0,kg/ha,2024-25,Tamil Nadu Department of Economics and Statistics - Districtwise Average Yield Rates of Crops 2024-25,9
Tirupathur,Cabbage,Combined,0.0,kg/ha,2024-25,Tamil Nadu Department of Economics and Statistics - Districtwise Average Yield Rates of Crops 2024-25,9
Tirupathur,Cardamom,Combined,0.0,kg/ha,2024-25,Tamil Nadu Department of Economics and Statistics - Districtwise Average Yield Rates of Crops 2024-25,8
Tirupathur,Cashew Nut,Combined,0.0,kg/ha,2024-25,Tamil Nadu Department of Economics and Statistics - Districtwise Average Yield Rates of Crops 2024-25,10
Tirupathur,Castor,Combined,312.0,kg/ha,2024-25,Tamil Nadu Department of Economics and Statistics - Districtwise Average Yield Rates of Crops 2024-25,12
Tirupathur,Chillies,Combined,367.0,kg/ha,2024-25,Tamil Nadu Department of Economics and Statistics - Districtwise Average Yield Rates of Crops 2024-25,7
Tirupathur,Cloves,Combined,0.0,kg/ha,2024-25,Tamil Nadu Department of Economics and Statistics - Districtwise Average Yield Rates of Crops 2024-25,7
Tirupathur,Coconut,Combined,15036.0,nuts/ha,2024-25,Tamil Nadu Department of Economics and Statistics - Districtwise Average Yield Rates of Crops 2024-25,13
Tirupathur,Coriander,Combined,464.0,kg/ha,2024-25,Tamil Nadu Department of Economics and Statistics - Districtwise Average Yield Rates of Crops 2024-25,8
Tirupathur,Cotton,Combined,1575.0,kg/ha,2024-25,Tamil Nadu Department of Economics and Statistics - Districtwise Average Yield Rates of Crops 2024-25,13
Tirupathur,Cotton,Kharif,267.0,kg/ha,2024-25,Tamil Nadu Department of Economics and Statistics - Districtwise Average Yield Rates of Crops 2024-25,13
Tirupathur,Cotton,Rabi,386.0,kg/ha,2024-25,Tamil Nadu Department of Economics and Statistics - Districtwise Average Yield Rates of Crops 2024-25,13
Tirupathur,Cowpea,Combined,599.0,kg/ha,2024-25,Tamil Nadu Department of Economics and Statistics - Districtwise Average Yield Rates of Crops 2024-25,6
Tirupathur,Cowpea,Kharif,604.0,kg/ha,2024-25,Tamil Nadu Department of Economics and Statistics - Districtwise Average Yield Rates of Crops 2024-25,6
Tirupathur,Cowpea,Rabi,549.0,kg/ha,2024-25,Tamil Nadu Department of Economics and Statistics - Districtwise Average Yield Rates of Crops 2024-25,6
Tirupathur,Garlic,Combined,0.0,kg/ha,2024-25,Tamil Nadu Department of Economics and Statistics - Districtwise Average Yield Rates of Crops 2024-25,7
Tirupathur,Gingelly,Combined,484.0,kg/ha,2024-25,Tamil Nadu Department of Economics and Statistics - Districtwise Average Yield Rates of Crops 2024-25,11
Tirupathur,Gingelly,Kharif,487.0,kg/ha,2024-25,Tamil Nadu Department of Economics and Statistics - Districtwise Average Yield Rates of Crops 2024-25,11
Tirupathur,Gingelly,Rabi,414.0,kg/ha,2024-25,Tamil Nadu Department of Economics and Statistics - Districtwise Average Yield Rates of Crops 2024-25,11
Tirupathur,Ginger,Combined,5488.0,kg/ha,2024-25,Tamil Nadu Department of Economics and Statistics - Districtwise Average Yield Rates of Crops 2024-25,7
Tirupathur,Grapes,Combined,41573.0,kg/ha,2024-25,Tamil Nadu Department of Economics and Statistics - Districtwise Average Yield Rates of Crops 2024-25,11
Tirupathur,Green Gram,Combined,474.0,kg/ha,2024-25,Tamil Nadu Department of Economics and Statistics - Districtwise Average Yield Rates of Crops 2024-25,5
Tirupathur,Green Gram,Kharif,493.0,kg/ha,2024-25,Tamil Nadu Department of Economics and Statistics - Districtwise Average Yield Rates of Crops 2024-25,5
Tirupathur,Green Gram,Rabi,248.0,kg/ha,2024-25,Tamil Nadu Department of Economics and Statistics - Districtwise Average Yield Rates of Crops 2024-25,5
Tirupathur,Groundnut,Combined,1617.0,kg/ha,2024-25,Tamil Nadu Department of Economics and Statistics - Districtwise Average Yield Rates of Crops 2024-25,11
Tirupathur,Groundnut,Kharif,1570.0,kg/ha,2024-25,Tamil Nadu Department of Economics and Statistics - Districtwise Average Yield Rates of Crops 2024-25,11
Tirupathur,Groundnut,Rabi,3202.0,kg/ha,2024-25,Tamil Nadu Department of Economics and Statistics - Districtwise Average Yield Rates of Crops 2024-25,11
Tirupathur,Guava,Combined,969.0,kg/ha,2024-25,Tamil Nadu Department of Economics and Statistics - Districtwise Average Yield Rates of Crops 2024-25,11
Tirupathur,Horse Gram,Combined,699.0,kg/ha,2024-25,Tamil Nadu Department of Economics and Statistics - Districtwise Average Yield Rates of Crops 2024-25,5
Tirupathur,Horse Gram,Kharif,0.0,kg/ha,2024-25,Tamil Nadu Department of Economics and Statistics - Districtwise Average Yield Rates of Crops 2024-25,5
Tirupathur,Horse Gram,Rabi,699.0,kg/ha,2024-25,Tamil Nadu Department of Economics and Statistics - Districtwise Average Yield Rates of Crops 2024-25,5
Tirupathur,Jack Fruit,Combined,20056.0,kg/ha,2024-25,Tamil Nadu Department of Economics and Statistics - Districtwise Average Yield Rates of Crops 2024-25,10
Tirupathur,Jowar (Cholam),Combined,1317.0,kg/ha,2024-25,Tamil Nadu Department of Economics and Statistics - Districtwise Average Yield Rates of Crops 2024-25,1
Tirupathur,Jowar (Cholam),Kharif,1349.0,kg/ha,2024-25,Tamil Nadu Department of Economics and Statistics - Districtwise Average Yield Rates of Crops 2024-25,1
Tirupathur,Jowar (Cholam),Rabi,1147.0,kg/ha,2024-25,Tamil Nadu Department of Economics and Statistics - Districtwise Average Yield Rates of Crops 2024-25,1
Tirupathur,Korra,Combined,470.0,kg/ha,2024-25,Tamil Nadu Department of Economics and Statistics - Districtwise Average Yield Rates of Crops 2024-25,3
Tirupathur,Lady's Finger,Combined,5910.0,kg/ha,2024-25,Tamil Nadu Department of Economics and Statistics - Districtwise Average Yield Rates of Crops 2024-25,9
Tirupathur,Lemon,Combined,6533.0,kg/ha,2024-25,Tamil Nadu Department of Economics and Statistics - Districtwise Average Yield Rates of Crops 2024-25,10
Tirupathur,Maize,Combined,5838.0,kg/ha,2024-25,Tamil Nadu Department of Economics and Statistics - Districtwise Average Yield Rates of Crops 2024-25,3
Tirupathur,Maize,Kharif,5923.0,kg/ha,2024-25,Tamil Nadu Department of Economics and Statistics - Districtwise Average Yield Rates of Crops 2024-25,3
Tirupathur,Maize,Rabi,5084.0,kg/ha,2024-25,Tamil Nadu Department of Economics and Statistics - Districtwise Average Yield Rates of Crops 2024-25,3
Tirupathur,Mango,Combined,2313.0,kg/ha,2024-25,Tamil Nadu Department of Economics and Statistics - Districtwise Average Yield Rates of Crops 2024-25,10
Tirupathur,Onion,Combined,12797.0,kg/ha,2024-25,Tamil Nadu Department of Economics and Statistics - Districtwise Average Yield Rates of Crops 2024-25,9
Tirupathur,Onion,Kharif,10529.0,kg/ha,2024-25,Tamil Nadu Department of Economics and Statistics - Districtwise Average Yield Rates of Crops 2024-25,9
Tirupathur,Onion,Rabi,7307.0,kg/ha,2024-25,Tamil Nadu Department of Economics and Statistics - Districtwise Average Yield Rates of Crops 2024-25,9
Tirupathur,Orange,Combined,0.0,kg/ha,2024-25,Tamil Nadu Department of Economics and Statistics - Districtwise Average Yield Rates of Crops 2024-25,10
Tirupathur,Other Cereals,Combined,0.0,kg/ha,2024-25,Tamil Nadu Department of Economics and Statistics - Districtwise Average Yield Rates of Crops 2024-25,4
Tirupathur,Other Pulses,Combined,585.0,kg/ha,2024-25,Tamil Nadu Department of Economics and Statistics - Districtwise Average Yield Rates of Crops 2024-25,6
Tirupathur,Other Pulses,Kharif,585.0,kg/ha,2024-25,Tamil Nadu Department of Economics and Statistics - Districtwise Average Yield Rates of Crops 2024-25,6
Tirupathur,Other Pulses,Rabi,585.0,kg/ha,2024-25,Tamil Nadu Department of Economics and Statistics - Districtwise Average Yield Rates of Crops 2024-25,6
Tirupathur,Paddy,Combined,3949.0,kg/ha,2024-25,Tamil Nadu Department of Economics and Statistics - Districtwise Average Yield Rates of Crops 2024-25,1
Tirupathur,Paddy,Kar/Kuruvai/Sornavari,3689.0,kg/ha,2024-25,Tamil Nadu Department of Economics and Statistics - Districtwise Average Yield Rates of Crops 2024-25,1
Tirupathur,Paddy,Navarai/Kodai,3874.0,kg/ha,2024-25,Tamil Nadu Department of Economics and Statistics - Districtwise Average Yield Rates of Crops 2024-25,1
Tirupathur,Paddy,Samba/Thaladi/Pishanam,4153.0,kg/ha,2024-25,Tamil Nadu Department of Economics and Statistics - Districtwise Average Yield Rates of Crops 2024-25,1
Tirupathur,Pepper,Combined,207.0,kg/ha,2024-25,Tamil Nadu Department of Economics and Statistics - Districtwise Average Yield Rates of Crops 2024-25,7
Tirupathur,Pine Apple,Combined,0.0,kg/ha,2024-25,Tamil Nadu Department of Economics and Statistics - Districtwise Average Yield Rates of Crops 2024-25,10
Tirupathur,Potato,Combined,0.0,kg/ha,2024-25,Tamil Nadu Department of Economics and Statistics - Districtwise Average Yield Rates of Crops 2024-25,8
Tirupathur,Potato,Kharif,0.0,kg/ha,2024-25,Tamil Nadu Department of Economics and Statistics - Districtwise Average Yield Rates of Crops 2024-25,8
Tirupathur,Potato,Rabi,0.0,kg/ha,2024-25,Tamil Nadu Department of Economics and Statistics - Districtwise Average Yield Rates of Crops 2024-25,8
Tirupathur,Ragi,Combined,5970.0,kg/ha,2024-25,Tamil Nadu Department of Economics and Statistics - Districtwise Average Yield Rates of Crops 2024-25,2
Tirupathur,Ragi,Kharif,3822.0,kg/ha,2024-25,Tamil Nadu Department of Economics and Statistics - Districtwise Average Yield Rates of Crops 2024-25,2
Tirupathur,Ragi,Rabi,7376.0,kg/ha,2024-25,Tamil Nadu Department of Economics and Statistics - Districtwise Average Yield Rates of Crops 2024-25,2
Tirupathur,Rapeseed & Mustard,Combined,235.0,kg/ha,2024-25,Tamil Nadu Department of Economics and Statistics - Districtwise Average Yield Rates of Crops 2024-25,12
Tirupathur,Red Gram,Combined,1050.0,kg/ha,2024-25,Tamil Nadu Department of Economics and Statistics - Districtwise Average Yield Rates of Crops 2024-25,4
Tirupathur,Red Gram,Kharif,1050.0,kg/ha,2024-25,Tamil Nadu Department of Economics and Statistics - Districtwise Average Yield Rates of Crops 2024-25,4
Tirupathur,Red Gram,Rabi,1050.0,kg/ha,2024-25,Tamil Nadu Department of Economics and Statistics - Districtwise Average Yield Rates of Crops 2024-25,4
Tirupathur,Samai,Combined,1136.0,kg/ha,2024-25,Tamil Nadu Department of Economics and Statistics - Districtwise Average Yield Rates of Crops 2024-25,4
Tirupathur,Samai,Kharif,1136.0,kg/ha,2024-25,Tamil Nadu Department of Economics and Statistics - Districtwise Average Yield Rates of Crops 2024-25,4
Tirupathur,Samai,Rabi,0.0,kg/ha,2024-25,Tamil Nadu Department of Economics and Statistics - Districtwise Average Yield Rates of Crops 2024-25,4
Tirupathur,Sugar Cane,Combined,89.0,tonnes/ha,2024-25,Tamil Nadu Department of Economics and Statistics - Districtwise Average Yield Rates of Crops 2024-25,6
Tirupathur,Sun Flower,Combined,1935.0,kg/ha,2024-25,Tamil Nadu Department of Economics and Statistics - Districtwise Average Yield Rates of Crops 2024-25,12
Tirupathur,Sun Flower,Kharif,1935.0,kg/ha,2024-25,Tamil Nadu Department of Economics and Statistics - Districtwise Average Yield Rates of Crops 2024-25,12
Tirupathur,Sun Flower,Rabi,0.0,kg/ha,2024-25,Tamil Nadu Department of Economics and Statistics - Districtwise Average Yield Rates of Crops 2024-25,12
Tirupathur,Sweet Potato,Combined,19336.0,kg/ha,2024-25,Tamil Nadu Department of Economics and Statistics - Districtwise Average Yield Rates of Crops 2024-25,8
Tirupathur,Tamarind,Combined,3817.0,kg/ha,2024-25,Tamil Nadu Department of Economics and Statistics - Districtwise Average Yield Rates of Crops 2024-25,8
Tirupathur,Tapioca,Combined,40259.0,kg/ha,2024-25,Tamil Nadu Department of Economics and Statistics - Districtwise Average Yield Rates of Crops 2024-25,8
Tirupathur,Tobacco,Combined,0.0,kg/ha,2024-25,Tamil Nadu Department of Economics and Statistics - Districtwise Average Yield Rates of Crops 2024-25,13
Tirupathur,Tomato,Combined,21699.0,kg/ha,2024-25,Tamil Nadu Department of Economics and Statistics - Districtwise Average Yield Rates of Crops 2024-25,9
Tirupathur,Turmeric,Combined,46519.0,kg/ha,2024-25,Tamil Nadu Department of Economics and Statistics - Districtwise Average Yield Rates of Crops 2024-25,7
Tirupathur,Varagu,Combined,0.0,kg/ha,2024-25,Tamil Nadu Department of Economics and Statistics - Districtwise Average Yield Rates of Crops 2024-25,3
Tirupathur,Varagu,Kharif,0.0,kg/ha,2024-25,Tamil Nadu Department of Economics and Statistics - Districtwise Average Yield Rates of Crops 2024-25,3
Tirupathur,Varagu,Rabi,0.0,kg/ha,2024-25,Tamil Nadu Department of Economics and Statistics - Districtwise Average Yield Rates of Crops 2024-25,3
Tiruppur,Arecanut,Combined,1132.0,kg/ha,2024-25,Tamil Nadu Department of Economics and Statistics - Districtwise Average Yield Rates of Crops 2024-25,7
Tiruppur,Bajra (Cumbu),Combined,1928.0,kg/ha,2024-25,Tamil Nadu Department of Economics and Statistics - Districtwise Average Yield Rates of Crops 2024-25,2
Tiruppur,Bajra (Cumbu),Kharif,2652.0,kg/ha,2024-25,Tamil Nadu Department of Economics and Statistics - Districtwise Average Yield Rates of Crops 2024-25,2
Tiruppur,Bajra (Cumbu),Rabi,1597.0,kg/ha,2024-25,Tamil Nadu Department of Economics and Statistics - Districtwise Average Yield Rates of Crops 2024-25,2
Tiruppur,Banana,Combined,22906.0,kg/ha,2024-25,Tamil Nadu Department of Economics and Statistics - Districtwise Average Yield Rates of Crops 2024-25,10
Tiruppur,Bengal Gram,Combined,926.0,kg/ha,2024-25,Tamil Nadu Department of Economics and Statistics - Districtwise Average Yield Rates of Crops 2024-25,4
Tiruppur,Black Gram,Combined,461.0,kg/ha,2024-25,Tamil Nadu Department of Economics and Statistics - Districtwise Average Yield Rates of Crops 2024-25,5
Tiruppur,Black Gram,Kharif,531.0,kg/ha,2024-25,Tamil Nadu Department of Economics and Statistics - Districtwise Average Yield Rates of Crops 2024-25,5
Tiruppur,Black Gram,Rabi,456.0,kg/ha,2024-25,Tamil Nadu Department of Economics and Statistics - Districtwise Average Yield Rates of Crops 2024-25,5
Tiruppur,Brinjal,Combined,13225.0,kg/ha,2024-25,Tamil Nadu Department of Economics and Statistics - Districtwise Average Yield Rates of Crops 2024-25,9
Tiruppur,Cabbage,Combined,71595.0,kg/ha,2024-25,Tamil Nadu Department of Economics and Statistics - Districtwise Average Yield Rates of Crops 2024-25,9
Tiruppur,Cardamom,Combined,0.0,kg/ha,2024-25,Tamil Nadu Department of Economics and Statistics - Districtwise Average Yield Rates of Crops 2024-25,8
Tiruppur,Cashew Nut,Combined,364.0,kg/ha,2024-25,Tamil Nadu Department of Economics and Statistics - Districtwise Average Yield Rates of Crops 2024-25,10
Tiruppur,Castor,Combined,312.0,kg/ha,2024-25,Tamil Nadu Department of Economics and Statistics - Districtwise Average Yield Rates of Crops 2024-25,12
Tiruppur,Chillies,Combined,786.0,kg/ha,2024-25,Tamil Nadu Department of Economics and Statistics - Districtwise Average Yield Rates of Crops 2024-25,7
Tiruppur,Cloves,Combined,0.0,kg/ha,2024-25,Tamil Nadu Department of Economics and Statistics - Districtwise Average Yield Rates of Crops 2024-25,7
Tiruppur,Coconut,Combined,13522.0,nuts/ha,2024-25,Tamil Nadu Department of Economics and Statistics - Districtwise Average Yield Rates of Crops 2024-25,13
Tiruppur,Coriander,Combined,464.0,kg/ha,2024-25,Tamil Nadu Department of Economics and Statistics - Districtwise Average Yield Rates of Crops 2024-25,8
Tiruppur,Cotton,Combined,3145.0,kg/ha,2024-25,Tamil Nadu Department of Economics and Statistics - Districtwise Average Yield Rates of Crops 2024-25,13
Tiruppur,Cotton,Kharif,282.0,kg/ha,2024-25,Tamil Nadu Department of Economics and Statistics - Districtwise Average Yield Rates of Crops 2024-25,13
Tiruppur,Cotton,Rabi,611.0,kg/ha,2024-25,Tamil Nadu Department of Economics and Statistics - Districtwise Average Yield Rates of Crops 2024-25,13
Tiruppur,Cowpea,Combined,270.0,kg/ha,2024-25,Tamil Nadu Department of Economics and Statistics - Districtwise Average Yield Rates of Crops 2024-25,6
Tiruppur,Cowpea,Kharif,604.0,kg/ha,2024-25,Tamil Nadu Department of Economics and Statistics - Districtwise Average Yield Rates of Crops 2024-25,6
Tiruppur,Cowpea,Rabi,260.0,kg/ha,2024-25,Tamil Nadu Department of Economics and Statistics - Districtwise Average Yield Rates of Crops 2024-25,6
Tiruppur,Garlic,Combined,0.0,kg/ha,2024-25,Tamil Nadu Department of Economics and Statistics - Districtwise Average Yield Rates of Crops 2024-25,7
Tiruppur,Gingelly,Combined,416.0,kg/ha,2024-25,Tamil Nadu Department of Economics and Statistics - Districtwise Average Yield Rates of Crops 2024-25,11
Tiruppur,Gingelly,Kharif,487.0,kg/ha,2024-25,Tamil Nadu Department of Economics and Statistics - Districtwise Average Yield Rates of Crops 2024-25,11
Tiruppur,Gingelly,Rabi,414.0,kg/ha,2024-25,Tamil Nadu Department of Economics and Statistics - Districtwise Average Yield Rates of Crops 2024-25,11
Tiruppur,Ginger,Combined,5488.0,kg/ha,2024-25,Tamil Nadu Department of Economics and Statistics - Districtwise Average Yield Rates of Crops 2024-25,7
Tiruppur,Grapes,Combined,41573.0,kg/ha,2024-25,Tamil Nadu Department of Economics and Statistics - Districtwise Average Yield Rates of Crops 2024-25,11
Tiruppur,Green Gram,Combined,583.0,kg/ha,2024-25,Tamil Nadu Department of Economics and Statistics - Districtwise Average Yield Rates of Crops 2024-25,5
Tiruppur,Green Gram,Kharif,564.0,kg/ha,2024-25,Tamil Nadu Department of Economics and Statistics - Districtwise Average Yield Rates of Crops 2024-25,5
Tiruppur,Green Gram,Rabi,584.0,kg/ha,2024-25,Tamil Nadu Department of Economics and Statistics - Districtwise Average Yield Rates of Crops 2024-25,5
Tiruppur,Groundnut,Combined,2209.0,kg/ha,2024-25,Tamil Nadu Department of Economics and Statistics - Districtwise Average Yield Rates of Crops 2024-25,11
Tiruppur,Groundnut,Kharif,1887.0,kg/ha,2024-25,Tamil Nadu Department of Economics and Statistics - Districtwise Average Yield Rates of Crops 2024-25,11
Tiruppur,Groundnut,Rabi,3173.0,kg/ha,2024-25,Tamil Nadu Department of Economics and Statistics - Districtwise Average Yield Rates of Crops 2024-25,11
Tiruppur,Guava,Combined,7076.0,kg/ha,2024-25,Tamil Nadu Department of Economics and Statistics - Districtwise Average Yield Rates of Crops 2024-25,11
Tiruppur,Horse Gram,Combined,341.0,kg/ha,2024-25,Tamil Nadu Department of Economics and Statistics - Districtwise Average Yield Rates of Crops 2024-25,5
Tiruppur,Horse Gram,Kharif,341.0,kg/ha,2024-25,Tamil Nadu Department of Economics and Statistics - Districtwise Average Yield Rates of Crops 2024-25,5
Tiruppur,Horse Gram,Rabi,341.0,kg/ha,2024-25,Tamil Nadu Department of Economics and Statistics - Districtwise Average Yield Rates of Crops 2024-25,5
Tiruppur,Jack Fruit,Combined,20056.0,kg/ha,2024-25,Tamil Nadu Department of Economics and Statistics - Districtwise Average Yield Rates of Crops 2024-25,10
Tiruppur,Jowar (Cholam),Combined,580.0,kg/ha,2024-25,Tamil Nadu Department of Economics and Statistics - Districtwise Average Yield Rates of Crops 2024-25,1
Tiruppur,Jowar (Cholam),Kharif,579.0,kg/ha,2024-25,Tamil Nadu Department of Economics and Statistics - Districtwise Average Yield Rates of Crops 2024-25,1
Tiruppur,Jowar (Cholam),Rabi,580.0,kg/ha,2024-25,Tamil Nadu Department of Economics and Statistics - Districtwise Average Yield Rates of Crops 2024-25,1
Tiruppur,Korra,Combined,470.0,kg/ha,2024-25,Tamil Nadu Department of Economics and Statistics - Districtwise Average Yield Rates of Crops 2024-25,3
Tiruppur,Lady's Finger,Combined,11366.0,kg/ha,2024-25,Tamil Nadu Department of Economics and Statistics - Districtwise Average Yield Rates of Crops 2024-25,9
Tiruppur,Lemon,Combined,6533.0,kg/ha,2024-25,Tamil Nadu Department of Economics and Statistics - Districtwise Average Yield Rates of Crops 2024-25,10
Tiruppur,Maize,Combined,8059.0,kg/ha,2024-25,Tamil Nadu Department of Economics and Statistics - Districtwise Average Yield Rates of Crops 2024-25,3
Tiruppur,Maize,Kharif,8896.0,kg/ha,2024-25,Tamil Nadu Department of Economics and Statistics - Districtwise Average Yield Rates of Crops 2024-25,3
Tiruppur,Maize,Rabi,7953.0,kg/ha,2024-25,Tamil Nadu Department of Economics and Statistics - Districtwise Average Yield Rates of Crops 2024-25,3
Tiruppur,Mango,Combined,2956.0,kg/ha,2024-25,Tamil Nadu Department of Economics and Statistics - Districtwise Average Yield Rates of Crops 2024-25,10
Tiruppur,Onion,Combined,12797.0,kg/ha,2024-25,Tamil Nadu Department of Economics and Statistics - Districtwise Average Yield Rates of Crops 2024-25,9
Tiruppur,Onion,Kharif,12028.0,kg/ha,2024-25,Tamil Nadu Department of Economics and Statistics - Districtwise Average Yield Rates of Crops 2024-25,9
Tiruppur,Onion,Rabi,13543.0,kg/ha,2024-25,Tamil Nadu Department of Economics and Statistics - Districtwise Average Yield Rates of Crops 2024-25,9
Tiruppur,Orange,Combined,3912.0,kg/ha,2024-25,Tamil Nadu Department of Economics and Statistics - Districtwise Average Yield Rates of Crops 2024-25,10
Tiruppur,Other Cereals,Combined,0.0,kg/ha,2024-25,Tamil Nadu Department of Economics and Statistics - Districtwise Average Yield Rates of Crops 2024-25,4
Tiruppur,Other Pulses,Combined,585.0,kg/ha,2024-25,Tamil Nadu Department of Economics and Statistics - Districtwise Average Yield Rates of Crops 2024-25,6
Tiruppur,Other Pulses,Kharif,585.0,kg/ha,2024-25,Tamil Nadu Department of Economics and Statistics - Districtwise Average Yield Rates of Crops 2024-25,6
Tiruppur,Other Pulses,Rabi,585.0,kg/ha,2024-25,Tamil Nadu Department of Economics and Statistics - Districtwise Average Yield Rates of Crops 2024-25,6
Tiruppur,Paddy,Combined,4361.0,kg/ha,2024-25,Tamil Nadu Department of Economics and Statistics - Districtwise Average Yield Rates of Crops 2024-25,1
Tiruppur,Paddy,Kar/Kuruvai/Sornavari,3689.0,kg/ha,2024-25,Tamil Nadu Department of Economics and Statistics - Districtwise Average Yield Rates of Crops 2024-25,1
Tiruppur,Paddy,Navarai/Kodai,3874.0,kg/ha,2024-25,Tamil Nadu Department of Economics and Statistics - Districtwise Average Yield Rates of Crops 2024-25,1
Tiruppur,Paddy,Samba/Thaladi/Pishanam,4497.0,kg/ha,2024-25,Tamil Nadu Department of Economics and Statistics - Districtwise Average Yield Rates of Crops 2024-25,1
Tiruppur,Pepper,Combined,165.0,kg/ha,2024-25,Tamil Nadu Department of Economics and Statistics - Districtwise Average Yield Rates of Crops 2024-25,7
Tiruppur,Pine Apple,Combined,0.0,kg/ha,2024-25,Tamil Nadu Department of Economics and Statistics - Districtwise Average Yield Rates of Crops 2024-25,10
Tiruppur,Potato,Combined,0.0,kg/ha,2024-25,Tamil Nadu Department of Economics and Statistics - Districtwise Average Yield Rates of Crops 2024-25,8
Tiruppur,Potato,Kharif,0.0,kg/ha,2024-25,Tamil Nadu Department of Economics and Statistics - Districtwise Average Yield Rates of Crops 2024-25,8
Tiruppur,Potato,Rabi,0.0,kg/ha,2024-25,Tamil Nadu Department of Economics and Statistics - Districtwise Average Yield Rates of Crops 2024-25,8
Tiruppur,Ragi,Combined,6942.0,kg/ha,2024-25,Tamil Nadu Department of Economics and Statistics - Districtwise Average Yield Rates of Crops 2024-25,2
Tiruppur,Ragi,Kharif,3922.0,kg/ha,2024-25,Tamil Nadu Department of Economics and Statistics - Districtwise Average Yield Rates of Crops 2024-25,2
Tiruppur,Ragi,Rabi,6942.0,kg/ha,2024-25,Tamil Nadu Department of Economics and Statistics - Districtwise Average Yield Rates of Crops 2024-25,2
Tiruppur,Rapeseed & Mustard,Combined,0.0,kg/ha,2024-25,Tamil Nadu Department of Economics and Statistics - Districtwise Average Yield Rates of Crops 2024-25,12
Tiruppur,Red Gram,Combined,1025.0,kg/ha,2024-25,Tamil Nadu Department of Economics and Statistics - Districtwise Average Yield Rates of Crops 2024-25,4
Tiruppur,Red Gram,Kharif,1015.0,kg/ha,2024-25,Tamil Nadu Department of Economics and Statistics - Districtwise Average Yield Rates of Crops 2024-25,4
Tiruppur,Red Gram,Rabi,1026.0,kg/ha,2024-25,Tamil Nadu Department of Economics and Statistics - Districtwise Average Yield Rates of Crops 2024-25,4
Tiruppur,Samai,Combined,0.0,kg/ha,2024-25,Tamil Nadu Department of Economics and Statistics - Districtwise Average Yield Rates of Crops 2024-25,4
Tiruppur,Samai,Kharif,0.0,kg/ha,2024-25,Tamil Nadu Department of Economics and Statistics - Districtwise Average Yield Rates of Crops 2024-25,4
Tiruppur,Samai,Rabi,0.0,kg/ha,2024-25,Tamil Nadu Department of Economics and Statistics - Districtwise Average Yield Rates of Crops 2024-25,4
Tiruppur,Sugar Cane,Combined,108.0,tonnes/ha,2024-25,Tamil Nadu Department of Economics and Statistics - Districtwise Average Yield Rates of Crops 2024-25,6
Tiruppur,Sun Flower,Combined,1935.0,kg/ha,2024-25,Tamil Nadu Department of Economics and Statistics - Districtwise Average Yield Rates of Crops 2024-25,12
Tiruppur,Sun Flower,Kharif,1935.0,kg/ha,2024-25,Tamil Nadu Department of Economics and Statistics - Districtwise Average Yield Rates of Crops 2024-25,12
Tiruppur,Sun Flower,Rabi,0.0,kg/ha,2024-25,Tamil Nadu Department of Economics and Statistics - Districtwise Average Yield Rates of Crops 2024-25,12
Tiruppur,Sweet Potato,Combined,19336.0,kg/ha,2024-25,Tamil Nadu Department of Economics and Statistics - Districtwise Average Yield Rates of Crops 2024-25,8
Tiruppur,Tamarind,Combined,5029.0,kg/ha,2024-25,Tamil Nadu Department of Economics and Statistics - Districtwise Average Yield Rates of Crops 2024-25,8
Tiruppur,Tapioca,Combined,61324.0,kg/ha,2024-25,Tamil Nadu Department of Economics and Statistics - Districtwise Average Yield Rates of Crops 2024-25,8
Tiruppur,Tobacco,Combined,1525.0,kg/ha,2024-25,Tamil Nadu Department of Economics and Statistics - Districtwise Average Yield Rates of Crops 2024-25,13
Tiruppur,Tomato,Combined,17616.0,kg/ha,2024-25,Tamil Nadu Department of Economics and Statistics - Districtwise Average Yield Rates of Crops 2024-25,9
Tiruppur,Turmeric,Combined,0.0,kg/ha,2024-25,Tamil Nadu Department of Economics and Statistics - Districtwise Average Yield Rates of Crops 2024-25,7
Tiruppur,Varagu,Combined,0.0,kg/ha,2024-25,Tamil Nadu Department of Economics and Statistics - Districtwise Average Yield Rates of Crops 2024-25,3
Tiruppur,Varagu,Kharif,0.0,kg/ha,2024-25,Tamil Nadu Department of Economics and Statistics - Districtwise Average Yield Rates of Crops 2024-25,3
Tiruppur,Varagu,Rabi,0.0,kg/ha,2024-25,Tamil Nadu Department of Economics and Statistics - Districtwise Average Yield Rates of Crops 2024-25,3
Tiruvallur,Arecanut,Combined,2066.0,kg/ha,2024-25,Tamil Nadu Department of Economics and Statistics - Districtwise Average Yield Rates of Crops 2024-25,7
Tiruvallur,Bajra (Cumbu),Combined,2543.0,kg/ha,2024-25,Tamil Nadu Department of Economics and Statistics - Districtwise Average Yield Rates of Crops 2024-25,2
Tiruvallur,Bajra (Cumbu),Kharif,2652.0,kg/ha,2024-25,Tamil Nadu Department of Economics and Statistics - Districtwise Average Yield Rates of Crops 2024-25,2
Tiruvallur,Bajra (Cumbu),Rabi,1597.0,kg/ha,2024-25,Tamil Nadu Department of Economics and Statistics - Districtwise Average Yield Rates of Crops 2024-25,2
Tiruvallur,Banana,Combined,39691.0,kg/ha,2024-25,Tamil Nadu Department of Economics and Statistics - Districtwise Average Yield Rates of Crops 2024-25,10
Tiruvallur,Bengal Gram,Combined,0.0,kg/ha,2024-25,Tamil Nadu Department of Economics and Statistics - Districtwise Average Yield Rates of Crops 2024-25,4
Tiruvallur,Black Gram,Combined,467.0,kg/ha,2024-25,Tamil Nadu Department of Economics and Statistics - Districtwise Average Yield Rates of Crops 2024-25,5
Tiruvallur,Black Gram,Kharif,531.0,kg/ha,2024-25,Tamil Nadu Department of Economics and Statistics - Districtwise Average Yield Rates of Crops 2024-25,5
Tiruvallur,Black Gram,Rabi,456.0,kg/ha,2024-25,Tamil Nadu Department of Economics and Statistics - Districtwise Average Yield Rates of Crops 2024-25,5
Tiruvallur,Brinjal,Combined,9274.0,kg/ha,2024-25,Tamil Nadu Department of Economics and Statistics - Districtwise Average Yield Rates of Crops 2024-25,9
Tiruvallur,Cabbage,Combined,0.0,kg/ha,2024-25,Tamil Nadu Department of Economics and Statistics - Districtwise Average Yield Rates of Crops 2024-25,9
Tiruvallur,Cardamom,Combined,0.0,kg/ha,2024-25,Tamil Nadu Department of Economics and Statistics - Districtwise Average Yield Rates of Crops 2024-25,8
Tiruvallur,Cashew Nut,Combined,364.0,kg/ha,2024-25,Tamil Nadu Department of Economics and Statistics - Districtwise Average Yield Rates of Crops 2024-25,10
Tiruvallur,Castor,Combined,0.0,kg/ha,2024-25,Tamil Nadu Department of Economics and Statistics - Districtwise Average Yield Rates of Crops 2024-25,12
Tiruvallur,Chillies,Combined,1372.0,kg/ha,2024-25,Tamil Nadu Department of Economics and Statistics - Districtwise Average Yield Rates of Crops 2024-25,7
Tiruvallur,Cloves,Combined,0.0,kg/ha,2024-25,Tamil Nadu Department of Economics and Statistics - Districtwise Average Yield Rates of Crops 2024-25,7
Tiruvallur,Coconut,Combined,14525.0,nuts/ha,2024-25,Tamil Nadu Department of Economics and Statistics - Districtwise Average Yield Rates of Crops 2024-25,13
Tiruvallur,Coriander,Combined,444.0,kg/ha,2024-25,Tamil Nadu Department of Economics and Statistics - Districtwise Average Yield Rates of Crops 2024-25,8
Tiruvallur,Cotton,Combined,0.0,kg/ha,2024-25,Tamil Nadu Department of Economics and Statistics - Districtwise Average Yield Rates of Crops 2024-25,13
Tiruvallur,Cotton,Kharif,0.0,kg/ha,2024-25,Tamil Nadu Department of Economics and Statistics - Districtwise Average Yield Rates of Crops 2024-25,13
Tiruvallur,Cotton,Rabi,0.0,kg/ha,2024-25,Tamil Nadu Department of Economics and Statistics - Districtwise Average Yield Rates of Crops 2024-25,13
Tiruvallur,Cowpea,Combined,0.0,kg/ha,2024-25,Tamil Nadu Department of Economics and Statistics - Districtwise Average Yield Rates of Crops 2024-25,6
Tiruvallur,Cowpea,Kharif,0.0,kg/ha,2024-25,Tamil Nadu Department of Economics and Statistics - Districtwise Average Yield Rates of Crops 2024-25,6
Tiruvallur,Cowpea,Rabi,0.0,kg/ha,2024-25,Tamil Nadu Department of Economics and Statistics - Districtwise Average Yield Rates of Crops 2024-25,6
Tiruvallur,Garlic,Combined,0.0,kg/ha,2024-25,Tamil Nadu Department of Economics and Statistics - Districtwise Average Yield Rates of Crops 2024-25,7
Tiruvallur,Gingelly,Combined,415.0,kg/ha,2024-25,Tamil Nadu Department of Economics and Statistics - Districtwise Average Yield Rates of Crops 2024-25,11
Tiruvallur,Gingelly,Kharif,487.0,kg/ha,2024-25,Tamil Nadu Department of Economics and Statistics - Districtwise Average Yield Rates of Crops 2024-25,11
Tiruvallur,Gingelly,Rabi,414.0,kg/ha,2024-25,Tamil Nadu Department of Economics and Statistics - Districtwise Average Yield Rates of Crops 2024-25,11
Tiruvallur,Ginger,Combined,5488.0,kg/ha,2024-25,Tamil Nadu Department of Economics and Statistics - Districtwise Average Yield Rates of Crops 2024-25,7
Tiruvallur,Grapes,Combined,0.0,kg/ha,2024-25,Tamil Nadu Department of Economics and Statistics - Districtwise Average Yield Rates of Crops 2024-25,11
Tiruvallur,Green Gram,Combined,886.0,kg/ha,2024-25,Tamil Nadu Department of Economics and Statistics - Districtwise Average Yield Rates of Crops 2024-25,5
Tiruvallur,Green Gram,Kharif,564.0,kg/ha,2024-25,Tamil Nadu Department of Economics and Statistics - Districtwise Average Yield Rates of Crops 2024-25,5
Tiruvallur,Green Gram,Rabi,897.0,kg/ha,2024-25,Tamil Nadu Department of Economics and Statistics - Districtwise Average Yield Rates of Crops 2024-25,5
Tiruvallur,Groundnut,Combined,3607.0,kg/ha,2024-25,Tamil Nadu Department of Economics and Statistics - Districtwise Average Yield Rates of Crops 2024-25,11
Tiruvallur,Groundnut,Kharif,1970.0,kg/ha,2024-25,Tamil Nadu Department of Economics and Statistics - Districtwise Average Yield Rates of Crops 2024-25,11
Tiruvallur,Groundnut,Rabi,4057.0,kg/ha,2024-25,Tamil Nadu Department of Economics and Statistics - Districtwise Average Yield Rates of Crops 2024-25,11
Tiruvallur,Guava,Combined,2579.0,kg/ha,2024-25,Tamil Nadu Department of Economics and Statistics - Districtwise Average Yield Rates of Crops 2024-25,11
Tiruvallur,Horse Gram,Combined,694.0,kg/ha,2024-25,Tamil Nadu Department of Economics and Statistics - Districtwise Average Yield Rates of Crops 2024-25,5
Tiruvallur,Horse Gram,Kharif,0.0,kg/ha,2024-25,Tamil Nadu Department of Economics and Statistics - Districtwise Average Yield Rates of Crops 2024-25,5
Tiruvallur,Horse Gram,Rabi,710.0,kg/ha,2024-25,Tamil Nadu Department of Economics and Statistics - Districtwise Average Yield Rates of Crops 2024-25,5
Tiruvallur,Jack Fruit,Combined,20056.0,kg/ha,2024-25,Tamil Nadu Department of Economics and Statistics - Districtwise Average Yield Rates of Crops 2024-25,10
Tiruvallur,Jowar (Cholam),Combined,1147.0,kg/ha,2024-25,Tamil Nadu Department of Economics and Statistics - Districtwise Average Yield Rates of Crops 2024-25,1
Tiruvallur,Jowar (Cholam),Kharif,0.0,kg/ha,2024-25,Tamil Nadu Department of Economics and Statistics - Districtwise Average Yield Rates of Crops 2024-25,1
Tiruvallur,Jowar (Cholam),Rabi,1147.0,kg/ha,2024-25,Tamil Nadu Department of Economics and Statistics - Districtwise Average Yield Rates of Crops 2024-25,1
Tiruvallur,Korra,Combined,0.0,kg/ha,2024-25,Tamil Nadu Department of Economics and Statistics - Districtwise Average Yield Rates of Crops 2024-25,3
Tiruvallur,Lady's Finger,Combined,5318.0,kg/ha,2024-25,Tamil Nadu Department of Economics and Statistics - Districtwise Average Yield Rates of Crops 2024-25,9
Tiruvallur,Lemon,Combined,6533.0,kg/ha,2024-25,Tamil Nadu Department of Economics and Statistics - Districtwise Average Yield Rates of Crops 2024-25,10
Tiruvallur,Maize,Combined,5405.0,kg/ha,2024-25,Tamil Nadu Department of Economics and Statistics - Districtwise Average Yield Rates of Crops 2024-25,3
Tiruvallur,Maize,Kharif,5923.0,kg/ha,2024-25,Tamil Nadu Department of Economics and Statistics - Districtwise Average Yield Rates of Crops 2024-25,3
Tiruvallur,Maize,Rabi,5084.0,kg/ha,2024-25,Tamil Nadu Department of Economics and Statistics - Districtwise Average Yield Rates of Crops 2024-25,3
Tiruvallur,Mango,Combined,2863.0,kg/ha,2024-25,Tamil Nadu Department of Economics and Statistics - Districtwise Average Yield Rates of Crops 2024-25,10
Tiruvallur,Onion,Combined,7641.0,kg/ha,2024-25,Tamil Nadu Department of Economics and Statistics - Districtwise Average Yield Rates of Crops 2024-25,9
Tiruvallur,Onion,Kharif,10529.0,kg/ha,2024-25,Tamil Nadu Department of Economics and Statistics - Districtwise Average Yield Rates of Crops 2024-25,9
Tiruvallur,Onion,Rabi,7307.0,kg/ha,2024-25,Tamil Nadu Department of Economics and Statistics - Districtwise Average Yield Rates of Crops 2024-25,9
Tiruvallur,Orange,Combined,3912.0,kg/ha,2024-25,Tamil Nadu Department of Economics and Statistics - Districtwise Average Yield Rates of Crops 2024-25,10
Tiruvallur,Other Cereals,Combined,0.0,kg/ha,2024-25,Tamil Nadu Department of Economics and Statistics - Districtwise Average Yield Rates of Crops 2024-25,4
Tiruvallur,Other Pulses,Combined,0.0,kg/ha,2024-25,Tamil Nadu Department of Economics and Statistics - Districtwise Average Yield Rates of Crops 2024-25,6
Tiruvallur,Other Pulses,Kharif,0.0,kg/ha,2024-25,Tamil Nadu Department of Economics and Statistics - Districtwise Average Yield Rates of Crops 2024-25,6
Tiruvallur,Other Pulses,Rabi,0.0,kg/ha,2024-25,Tamil Nadu Department of Economics and Statistics - Districtwise Average Yield Rates of Crops 2024-25,6
Tiruvallur,Paddy,Combined,3562.0,kg/ha,2024-25,Tamil Nadu Department of Economics and Statistics - Districtwise Average Yield Rates of Crops 2024-25,1
Tiruvallur,Paddy,Kar/Kuruvai/Sornavari,3994.0,kg/ha,2024-25,Tamil Nadu Department of Economics and Statistics - Districtwise Average Yield Rates of Crops 2024-25,1
Tiruvallur,Paddy,Navarai/Kodai,3932.0,kg/ha,2024-25,Tamil Nadu Department of Economics and Statistics - Districtwise Average Yield Rates of Crops 2024-25,1
Tiruvallur,Paddy,Samba/Thaladi/Pishanam,3124.0,kg/ha,2024-25,Tamil Nadu Department of Economics and Statistics - Districtwise Average Yield Rates of Crops 2024-25,1
Tiruvallur,Pepper,Combined,0.0,kg/ha,2024-25,Tamil Nadu Department of Economics and Statistics - Districtwise Average Yield Rates of Crops 2024-25,7
Tiruvallur,Pine Apple,Combined,0.0,kg/ha,2024-25,Tamil Nadu Department of Economics and Statistics - Districtwise Average Yield Rates of Crops 2024-25,10
Tiruvallur,Potato,Combined,0.0,kg/ha,2024-25,Tamil Nadu Department of Economics and Statistics - Districtwise Average Yield Rates of Crops 2024-25,8
Tiruvallur,Potato,Kharif,0.0,kg/ha,2024-25,Tamil Nadu Department of Economics and Statistics - Districtwise Average Yield Rates of Crops 2024-25,8
Tiruvallur,Potato,Rabi,0.0,kg/ha,2024-25,Tamil Nadu Department of Economics and Statistics - Districtwise Average Yield Rates of Crops 2024-25,8
Tiruvallur,Ragi,Combined,6644.0,kg/ha,2024-25,Tamil Nadu Department of Economics and Statistics - Districtwise Average Yield Rates of Crops 2024-25,2
Tiruvallur,Ragi,Kharif,3922.0,kg/ha,2024-25,Tamil Nadu Department of Economics and Statistics - Districtwise Average Yield Rates of Crops 2024-25,2
Tiruvallur,Ragi,Rabi,6942.0,kg/ha,2024-25,Tamil Nadu Department of Economics and Statistics - Districtwise Average Yield Rates of Crops 2024-25,2
Tiruvallur,Rapeseed & Mustard,Combined,0.0,kg/ha,2024-25,Tamil Nadu Department of Economics and Statistics - Districtwise Average Yield Rates of Crops 2024-25,12
Tiruvallur,Red Gram,Combined,1023.0,kg/ha,2024-25,Tamil Nadu Department of Economics and Statistics - Districtwise Average Yield Rates of Crops 2024-25,4
Tiruvallur,Red Gram,Kharif,1015.0,kg/ha,2024-25,Tamil Nadu Department of Economics and Statistics - Districtwise Average Yield Rates of Crops 2024-25,4
Tiruvallur,Red Gram,Rabi,1026.0,kg/ha,2024-25,Tamil Nadu Department of Economics and Statistics - Districtwise Average Yield Rates of Crops 2024-25,4
Tiruvallur,Samai,Combined,0.0,kg/ha,2024-25,Tamil Nadu Department of Economics and Statistics - Districtwise Average Yield Rates of Crops 2024-25,4
Tiruvallur,Samai,Kharif,0.0,kg/ha,2024-25,Tamil Nadu Department of Economics and Statistics - Districtwise Average Yield Rates of Crops 2024-25,4
Tiruvallur,Samai,Rabi,0.0,kg/ha,2024-25,Tamil Nadu Department of Economics and Statistics - Districtwise Average Yield Rates of Crops 2024-25,4
Tiruvallur,Sugar Cane,Combined,92.0,tonnes/ha,2024-25,Tamil Nadu Department of Economics and Statistics - Districtwise Average Yield Rates of Crops 2024-25,6
Tiruvallur,Sun Flower,Combined,0.0,kg/ha,2024-25,Tamil Nadu Department of Economics and Statistics - Districtwise Average Yield Rates of Crops 2024-25,12
Tiruvallur,Sun Flower,Kharif,0.0,kg/ha,2024-25,Tamil Nadu Department of Economics and Statistics - Districtwise Average Yield Rates of Crops 2024-25,12
Tiruvallur,Sun Flower,Rabi,0.0,kg/ha,2024-25,Tamil Nadu Department of Economics and Statistics - Districtwise Average Yield Rates of Crops 2024-25,12
Tiruvallur,Sweet Potato,Combined,7694.0,kg/ha,2024-25,Tamil Nadu Department of Economics and Statistics - Districtwise Average Yield Rates of Crops 2024-25,8
Tiruvallur,Tamarind,Combined,3376.0,kg/ha,2024-25,Tamil Nadu Department of Economics and Statistics - Districtwise Average Yield Rates of Crops 2024-25,8
Tiruvallur,Tapioca,Combined,40259.0,kg/ha,2024-25,Tamil Nadu Department of Economics and Statistics - Districtwise Average Yield Rates of Crops 2024-25,8
Tiruvallur,Tobacco,Combined,0.0,kg/ha,2024-25,Tamil Nadu Department of Economics and Statistics - Districtwise Average Yield Rates of Crops 2024-25,13
Tiruvallur,Tomato,Combined,19663.0,kg/ha,2024-25,Tamil Nadu Department of Economics and Statistics - Districtwise Average Yield Rates of Crops 2024-25,9
Tiruvallur,Turmeric,Combined,46519.0,kg/ha,2024-25,Tamil Nadu Department of Economics and Statistics - Districtwise Average Yield Rates of Crops 2024-25,7
Tiruvallur,Varagu,Combined,0.0,kg/ha,2024-25,Tamil Nadu Department of Economics and Statistics - Districtwise Average Yield Rates of Crops 2024-25,3
Tiruvallur,Varagu,Kharif,0.0,kg/ha,2024-25,Tamil Nadu Department of Economics and Statistics - Districtwise Average Yield Rates of Crops 2024-25,3
Tiruvallur,Varagu,Rabi,0.0,kg/ha,2024-25,Tamil Nadu Department of Economics and Statistics - Districtwise Average Yield Rates of Crops 2024-25,3
Tiruvannamalai,Arecanut,Combined,1685.0,kg/ha,2024-25,Tamil Nadu Department of Economics and Statistics - Districtwise Average Yield Rates of Crops 2024-25,7
Tiruvannamalai,Bajra (Cumbu),Combined,2430.0,kg/ha,2024-25,Tamil Nadu Department of Economics and Statistics - Districtwise Average Yield Rates of Crops 2024-25,2
Tiruvannamalai,Bajra (Cumbu),Kharif,2459.0,kg/ha,2024-25,Tamil Nadu Department of Economics and Statistics - Districtwise Average Yield Rates of Crops 2024-25,2
Tiruvannamalai,Bajra (Cumbu),Rabi,1597.0,kg/ha,2024-25,Tamil Nadu Department of Economics and Statistics - Districtwise Average Yield Rates of Crops 2024-25,2
Tiruvannamalai,Banana,Combined,23823.0,kg/ha,2024-25,Tamil Nadu Department of Economics and Statistics - Districtwise Average Yield Rates of Crops 2024-25,10
Tiruvannamalai,Bengal Gram,Combined,0.0,kg/ha,2024-25,Tamil Nadu Department of Economics and Statistics - Districtwise Average Yield Rates of Crops 2024-25,4
Tiruvannamalai,Black Gram,Combined,659.0,kg/ha,2024-25,Tamil Nadu Department of Economics and Statistics - Districtwise Average Yield Rates of Crops 2024-25,5
Tiruvannamalai,Black Gram,Kharif,328.0,kg/ha,2024-25,Tamil Nadu Department of Economics and Statistics - Districtwise Average Yield Rates of Crops 2024-25,5
Tiruvannamalai,Black Gram,Rabi,803.0,kg/ha,2024-25,Tamil Nadu Department of Economics and Statistics - Districtwise Average Yield Rates of Crops 2024-25,5
Tiruvannamalai,Brinjal,Combined,10576.0,kg/ha,2024-25,Tamil Nadu Department of Economics and Statistics - Districtwise Average Yield Rates of Crops 2024-25,9
Tiruvannamalai,Cabbage,Combined,71595.0,kg/ha,2024-25,Tamil Nadu Department of Economics and Statistics - Districtwise Average Yield Rates of Crops 2024-25,9
Tiruvannamalai,Cardamom,Combined,91.0,kg/ha,2024-25,Tamil Nadu Department of Economics and Statistics - Districtwise Average Yield Rates of Crops 2024-25,8
Tiruvannamalai,Cashew Nut,Combined,364.0,kg/ha,2024-25,Tamil Nadu Department of Economics and Statistics - Districtwise Average Yield Rates of Crops 2024-25,10
Tiruvannamalai,Castor,Combined,0.0,kg/ha,2024-25,Tamil Nadu Department of Economics and Statistics - Districtwise Average Yield Rates of Crops 2024-25,12
Tiruvannamalai,Chillies,Combined,1487.0,kg/ha,2024-25,Tamil Nadu Department of Economics and Statistics - Districtwise Average Yield Rates of Crops 2024-25,7
Tiruvannamalai,Cloves,Combined,0.0,kg/ha,2024-25,Tamil Nadu Department of Economics and Statistics - Districtwise Average Yield Rates of Crops 2024-25,7
Tiruvannamalai,Coconut,Combined,15742.0,nuts/ha,2024-25,Tamil Nadu Department of Economics and Statistics - Districtwise Average Yield Rates of Crops 2024-25,13
Tiruvannamalai,Coriander,Combined,444.0,kg/ha,2024-25,Tamil Nadu Department of Economics and Statistics - Districtwise Average Yield Rates of Crops 2024-25,8
Tiruvannamalai,Cotton,Combined,2236.0,kg/ha,2024-25,Tamil Nadu Department of Economics and Statistics - Districtwise Average Yield Rates of Crops 2024-25,13
Tiruvannamalai,Cotton,Kharif,135.0,kg/ha,2024-25,Tamil Nadu Department of Economics and Statistics - Districtwise Average Yield Rates of Crops 2024-25,13
Tiruvannamalai,Cotton,Rabi,386.0,kg/ha,2024-25,Tamil Nadu Department of Economics and Statistics - Districtwise Average Yield Rates of Crops 2024-25,13
Tiruvannamalai,Cowpea,Combined,649.0,kg/ha,2024-25,Tamil Nadu Department of Economics and Statistics - Districtwise Average Yield Rates of Crops 2024-25,6
Tiruvannamalai,Cowpea,Kharif,604.0,kg/ha,2024-25,Tamil Nadu Department of Economics and Statistics - Districtwise Average Yield Rates of Crops 2024-25,6
Tiruvannamalai,Cowpea,Rabi,712.0,kg/ha,2024-25,Tamil Nadu Department of Economics and Statistics - Districtwise Average Yield Rates of Crops 2024-25,6
Tiruvannamalai,Garlic,Combined,0.0,kg/ha,2024-25,Tamil Nadu Department of Economics and Statistics - Districtwise Average Yield Rates of Crops 2024-25,7
Tiruvannamalai,Gingelly,Combined,759.0,kg/ha,2024-25,Tamil Nadu Department of Economics and Statistics - Districtwise Average Yield Rates of Crops 2024-25,11
Tiruvannamalai,Gingelly,Kharif,652.0,kg/ha,2024-25,Tamil Nadu Department of Economics and Statistics - Districtwise Average Yield Rates of Crops 2024-25,11
Tiruvannamalai,Gingelly,Rabi,776.0,kg/ha,2024-25,Tamil Nadu Department of Economics and Statistics - Districtwise Average Yield Rates of Crops 2024-25,11
Tiruvannamalai,Ginger,Combined,3609.0,kg/ha,2024-25,Tamil Nadu Department of Economics and Statistics - Districtwise Average Yield Rates of Crops 2024-25,7
Tiruvannamalai,Grapes,Combined,0.0,kg/ha,2024-25,Tamil Nadu Department of Economics and Statistics - Districtwise Average Yield Rates of Crops 2024-25,11
Tiruvannamalai,Green Gram,Combined,373.0,kg/ha,2024-25,Tamil Nadu Department of Economics and Statistics - Districtwise Average Yield Rates of Crops 2024-25,5
Tiruvannamalai,Green Gram,Kharif,564.0,kg/ha,2024-25,Tamil Nadu Department of Economics and Statistics - Districtwise Average Yield Rates of Crops 2024-25,5
Tiruvannamalai,Green Gram,Rabi,248.0,kg/ha,2024-25,Tamil Nadu Department of Economics and Statistics - Districtwise Average Yield Rates of Crops 2024-25,5
Tiruvannamalai,Groundnut,Combined,2006.0,kg/ha,2024-25,Tamil Nadu Department of Economics and Statistics - Districtwise Average Yield Rates of Crops 2024-25,11
Tiruvannamalai,Groundnut,Kharif,1811.0,kg/ha,2024-25,Tamil Nadu Department of Economics and Statistics - Districtwise Average Yield Rates of Crops 2024-25,11
Tiruvannamalai,Groundnut,Rabi,2233.0,kg/ha,2024-25,Tamil Nadu Department of Economics and Statistics - Districtwise Average Yield Rates of Crops 2024-25,11
Tiruvannamalai,Guava,Combined,7076.0,kg/ha,2024-25,Tamil Nadu Department of Economics and Statistics - Districtwise Average Yield Rates of Crops 2024-25,11
Tiruvannamalai,Horse Gram,Combined,556.0,kg/ha,2024-25,Tamil Nadu Department of Economics and Statistics - Districtwise Average Yield Rates of Crops 2024-25,5
Tiruvannamalai,Horse Gram,Kharif,556.0,kg/ha,2024-25,Tamil Nadu Department of Economics and Statistics - Districtwise Average Yield Rates of Crops 2024-25,5
Tiruvannamalai,Horse Gram,Rabi,556.0,kg/ha,2024-25,Tamil Nadu Department of Economics and Statistics - Districtwise Average Yield Rates of Crops 2024-25,5
Tiruvannamalai,Jack Fruit,Combined,20056.0,kg/ha,2024-25,Tamil Nadu Department of Economics and Statistics - Districtwise Average Yield Rates of Crops 2024-25,10
Tiruvannamalai,Jowar (Cholam),Combined,1293.0,kg/ha,2024-25,Tamil Nadu Department of Economics and Statistics - Districtwise Average Yield Rates of Crops 2024-25,1
Tiruvannamalai,Jowar (Cholam),Kharif,1293.0,kg/ha,2024-25,Tamil Nadu Department of Economics and Statistics - Districtwise Average Yield Rates of Crops 2024-25,1
Tiruvannamalai,Jowar (Cholam),Rabi,0.0,kg/ha,2024-25,Tamil Nadu Department of Economics and Statistics - Districtwise Average Yield Rates of Crops 2024-25,1
Tiruvannamalai,Korra,Combined,0.0,kg/ha,2024-25,Tamil Nadu Department of Economics and Statistics - Districtwise Average Yield Rates of Crops 2024-25,3
Tiruvannamalai,Lady's Finger,Combined,10203.0,kg/ha,2024-25,Tamil Nadu Department of Economics and Statistics - Districtwise Average Yield Rates of Crops 2024-25,9
Tiruvannamalai,Lemon,Combined,6533.0,kg/ha,2024-25,Tamil Nadu Department of Economics and Statistics - Districtwise Average Yield Rates of Crops 2024-25,10
Tiruvannamalai,Maize,Combined,5378.0,kg/ha,2024-25,Tamil Nadu Department of Economics and Statistics - Districtwise Average Yield Rates of Crops 2024-25,3
Tiruvannamalai,Maize,Kharif,5923.0,kg/ha,2024-25,Tamil Nadu Department of Economics and Statistics - Districtwise Average Yield Rates of Crops 2024-25,3
Tiruvannamalai,Maize,Rabi,5084.0,kg/ha,2024-25,Tamil Nadu Department of Economics and Statistics - Districtwise Average Yield Rates of Crops 2024-25,3
Tiruvannamalai,Mango,Combined,3727.0,kg/ha,2024-25,Tamil Nadu Department of Economics and Statistics - Districtwise Average Yield Rates of Crops 2024-25,10
Tiruvannamalai,Onion,Combined,7953.0,kg/ha,2024-25,Tamil Nadu Department of Economics and Statistics - Districtwise Average Yield Rates of Crops 2024-25,9
Tiruvannamalai,Onion,Kharif,10529.0,kg/ha,2024-25,Tamil Nadu Department of Economics and Statistics - Districtwise Average Yield Rates of Crops 2024-25,9
Tiruvannamalai,Onion,Rabi,7307.0,kg/ha,2024-25,Tamil Nadu Department of Economics and Statistics - Districtwise Average Yield Rates of Crops 2024-25,9
Tiruvannamalai,Orange,Combined,0.0,kg/ha,2024-25,Tamil Nadu Department of Economics and Statistics - Districtwise Average Yield Rates of Crops 2024-25,10
Tiruvannamalai,Other Cereals,Combined,0.0,kg/ha,2024-25,Tamil Nadu Department of Economics and Statistics - Districtwise Average Yield Rates of Crops 2024-25,4
Tiruvannamalai,Other Pulses,Combined,585.0,kg/ha,2024-25,Tamil Nadu Department of Economics and Statistics - Districtwise Average Yield Rates of Crops 2024-25,6
Tiruvannamalai,Other Pulses,Kharif,585.0,kg/ha,2024-25,Tamil Nadu Department of Economics and Statistics - Districtwise Average Yield Rates of Crops 2024-25,6
Tiruvannamalai,Other Pulses,Rabi,0.0,kg/ha,2024-25,Tamil Nadu Department of Economics and Statistics - Districtwise Average Yield Rates of Crops 2024-25,6
Tiruvannamalai,Paddy,Combined,3726.0,kg/ha,2024-25,Tamil Nadu Department of Economics and Statistics - Districtwise Average Yield Rates of Crops 2024-25,1
Tiruvannamalai,Paddy,Kar/Kuruvai/Sornavari,3829.0,kg/ha,2024-25,Tamil Nadu Department of Economics and Statistics - Districtwise Average Yield Rates of Crops 2024-25,1
Tiruvannamalai,Paddy,Navarai/Kodai,4312.0,kg/ha,2024-25,Tamil Nadu Department of Economics and Statistics - Districtwise Average Yield Rates of Crops 2024-25,1
Tiruvannamalai,Paddy,Samba/Thaladi/Pishanam,3094.0,kg/ha,2024-25,Tamil Nadu Department of Economics and Statistics - Districtwise Average Yield Rates of Crops 2024-25,1
Tiruvannamalai,Pepper,Combined,228.0,kg/ha,2024-25,Tamil Nadu Department of Economics and Statistics - Districtwise Average Yield Rates of Crops 2024-25,7
Tiruvannamalai,Pine Apple,Combined,0.0,kg/ha,2024-25,Tamil Nadu Department of Economics and Statistics - Districtwise Average Yield Rates of Crops 2024-25,10
Tiruvannamalai,Potato,Combined,0.0,kg/ha,2024-25,Tamil Nadu Department of Economics and Statistics - Districtwise Average Yield Rates of Crops 2024-25,8
Tiruvannamalai,Potato,Kharif,0.0,kg/ha,2024-25,Tamil Nadu Department of Economics and Statistics - Districtwise Average Yield Rates of Crops 2024-25,8
Tiruvannamalai,Potato,Rabi,0.0,kg/ha,2024-25,Tamil Nadu Department of Economics and Statistics - Districtwise Average Yield Rates of Crops 2024-25,8
Tiruvannamalai,Ragi,Combined,4226.0,kg/ha,2024-25,Tamil Nadu Department of Economics and Statistics - Districtwise Average Yield Rates of Crops 2024-25,2
Tiruvannamalai,Ragi,Kharif,3922.0,kg/ha,2024-25,Tamil Nadu Department of Economics and Statistics - Districtwise Average Yield Rates of Crops 2024-25,2
Tiruvannamalai,Ragi,Rabi,4261.0,kg/ha,2024-25,Tamil Nadu Department of Economics and Statistics - Districtwise Average Yield Rates of Crops 2024-25,2
Tiruvannamalai,Rapeseed & Mustard,Combined,0.0,kg/ha,2024-25,Tamil Nadu Department of Economics and Statistics - Districtwise Average Yield Rates of Crops 2024-25,12
Tiruvannamalai,Red Gram,Combined,1298.0,kg/ha,2024-25,Tamil Nadu Department of Economics and Statistics - Districtwise Average Yield Rates of Crops 2024-25,4
Tiruvannamalai,Red Gram,Kharif,1298.0,kg/ha,2024-25,Tamil Nadu Department of Economics and Statistics - Districtwise Average Yield Rates of Crops 2024-25,4
Tiruvannamalai,Red Gram,Rabi,1298.0,kg/ha,2024-25,Tamil Nadu Department of Economics and Statistics - Districtwise Average Yield Rates of Crops 2024-25,4
Tiruvannamalai,Samai,Combined,1254.0,kg/ha,2024-25,Tamil Nadu Department of Economics and Statistics - Districtwise Average Yield Rates of Crops 2024-25,4
Tiruvannamalai,Samai,Kharif,1254.0,kg/ha,2024-25,Tamil Nadu Department of Economics and Statistics - Districtwise Average Yield Rates of Crops 2024-25,4
Tiruvannamalai,Samai,Rabi,0.0,kg/ha,2024-25,Tamil Nadu Department of Economics and Statistics - Districtwise Average Yield Rates of Crops 2024-25,4
Tiruvannamalai,Sugar Cane,Combined,101.0,tonnes/ha,2024-25,Tamil Nadu Department of Economics and Statistics - Districtwise Average Yield Rates of Crops 2024-25,6
Tiruvannamalai,Sun Flower,Combined,0.0,kg/ha,2024-25,Tamil Nadu Department of Economics and Statistics - Districtwise Average Yield Rates of Crops 2024-25,12
Tiruvannamalai,Sun Flower,Kharif,0.0,kg/ha,2024-25,Tamil Nadu Department of Economics and Statistics - Districtwise Average Yield Rates of Crops 2024-25,12
Tiruvannamalai,Sun Flower,Rabi,0.0,kg/ha,2024-25,Tamil Nadu Department of Economics and Statistics - Districtwise Average Yield Rates of Crops 2024-25,12
Tiruvannamalai,Sweet Potato,Combined,14125.0,kg/ha,2024-25,Tamil Nadu Department of Economics and Statistics - Districtwise Average Yield Rates of Crops 2024-25,8
Tiruvannamalai,Tamarind,Combined,4731.0,kg/ha,2024-25,Tamil Nadu Department of Economics and Statistics - Districtwise Average Yield Rates of Crops 2024-25,8
Tiruvannamalai,Tapioca,Combined,45656.0,kg/ha,2024-25,Tamil Nadu Department of Economics and Statistics - Districtwise Average Yield Rates of Crops 2024-25,8
Tiruvannamalai,Tobacco,Combined,0.0,kg/ha,2024-25,Tamil Nadu Department of Economics and Statistics - Districtwise Average Yield Rates of Crops 2024-25,13
Tiruvannamalai,Tomato,Combined,19663.0,kg/ha,2024-25,Tamil Nadu Department of Economics and Statistics - Districtwise Average Yield Rates of Crops 2024-25,9
Tiruvannamalai,Turmeric,Combined,0.0,kg/ha,2024-25,Tamil Nadu Department of Economics and Statistics - Districtwise Average Yield Rates of Crops 2024-25,7
Tiruvannamalai,Varagu,Combined,0.0,kg/ha,2024-25,Tamil Nadu Department of Economics and Statistics - Districtwise Average Yield Rates of Crops 2024-25,3
Tiruvannamalai,Varagu,Kharif,0.0,kg/ha,2024-25,Tamil Nadu Department of Economics and Statistics - Districtwise Average Yield Rates of Crops 2024-25,3
Tiruvannamalai,Varagu,Rabi,0.0,kg/ha,2024-25,Tamil Nadu Department of Economics and Statistics - Districtwise Average Yield Rates of Crops 2024-25,3
Tiruvarur,Arecanut,Combined,1152.0,kg/ha,2024-25,Tamil Nadu Department of Economics and Statistics - Districtwise Average Yield Rates of Crops 2024-25,7
Tiruvarur,Bajra (Cumbu),Combined,0.0,kg/ha,2024-25,Tamil Nadu Department of Economics and Statistics - Districtwise Average Yield Rates of Crops 2024-25,2
Tiruvarur,Bajra (Cumbu),Kharif,0.0,kg/ha,2024-25,Tamil Nadu Department of Economics and Statistics - Districtwise Average Yield Rates of Crops 2024-25,2
Tiruvarur,Bajra (Cumbu),Rabi,0.0,kg/ha,2024-25,Tamil Nadu Department of Economics and Statistics - Districtwise Average Yield Rates of Crops 2024-25,2
Tiruvarur,Banana,Combined,39691.0,kg/ha,2024-25,Tamil Nadu Department of Economics and Statistics - Districtwise Average Yield Rates of Crops 2024-25,10
Tiruvarur,Bengal Gram,Combined,0.0,kg/ha,2024-25,Tamil Nadu Department of Economics and Statistics - Districtwise Average Yield Rates of Crops 2024-25,4
Tiruvarur,Black Gram,Combined,316.0,kg/ha,2024-25,Tamil Nadu Department of Economics and Statistics - Districtwise Average Yield Rates of Crops 2024-25,5
Tiruvarur,Black Gram,Kharif,531.0,kg/ha,2024-25,Tamil Nadu Department of Economics and Statistics - Districtwise Average Yield Rates of Crops 2024-25,5
Tiruvarur,Black Gram,Rabi,271.0,kg/ha,2024-25,Tamil Nadu Department of Economics and Statistics - Districtwise Average Yield Rates of Crops 2024-25,5
Tiruvarur,Brinjal,Combined,13225.0,kg/ha,2024-25,Tamil Nadu Department of Economics and Statistics - Districtwise Average Yield Rates of Crops 2024-25,9
Tiruvarur,Cabbage,Combined,0.0,kg/ha,2024-25,Tamil Nadu Department of Economics and Statistics - Districtwise Average Yield Rates of Crops 2024-25,9
Tiruvarur,Cardamom,Combined,0.0,kg/ha,2024-25,Tamil Nadu Department of Economics and Statistics - Districtwise Average Yield Rates of Crops 2024-25,8
Tiruvarur,Cashew Nut,Combined,364.0,kg/ha,2024-25,Tamil Nadu Department of Economics and Statistics - Districtwise Average Yield Rates of Crops 2024-25,10
Tiruvarur,Castor,Combined,0.0,kg/ha,2024-25,Tamil Nadu Department of Economics and Statistics - Districtwise Average Yield Rates of Crops 2024-25,12
Tiruvarur,Chillies,Combined,528.0,kg/ha,2024-25,Tamil Nadu Department of Economics and Statistics - Districtwise Average Yield Rates of Crops 2024-25,7
Tiruvarur,Cloves,Combined,0.0,kg/ha,2024-25,Tamil Nadu Department of Economics and Statistics - Districtwise Average Yield Rates of Crops 2024-25,7
Tiruvarur,Coconut,Combined,15409.0,nuts/ha,2024-25,Tamil Nadu Department of Economics and Statistics - Districtwise Average Yield Rates of Crops 2024-25,13
Tiruvarur,Coriander,Combined,0.0,kg/ha,2024-25,Tamil Nadu Department of Economics and Statistics - Districtwise Average Yield Rates of Crops 2024-25,8
Tiruvarur,Cotton,Combined,2648.0,kg/ha,2024-25,Tamil Nadu Department of Economics and Statistics - Districtwise Average Yield Rates of Crops 2024-25,13
Tiruvarur,Cotton,Kharif,282.0,kg/ha,2024-25,Tamil Nadu Department of Economics and Statistics - Districtwise Average Yield Rates of Crops 2024-25,13
Tiruvarur,Cotton,Rabi,450.0,kg/ha,2024-25,Tamil Nadu Department of Economics and Statistics - Districtwise Average Yield Rates of Crops 2024-25,13
Tiruvarur,Cowpea,Combined,0.0,kg/ha,2024-25,Tamil Nadu Department of Economics and Statistics - Districtwise Average Yield Rates of Crops 2024-25,6
Tiruvarur,Cowpea,Kharif,0.0,kg/ha,2024-25,Tamil Nadu Department of Economics and Statistics - Districtwise Average Yield Rates of Crops 2024-25,6
Tiruvarur,Cowpea,Rabi,0.0,kg/ha,2024-25,Tamil Nadu Department of Economics and Statistics - Districtwise Average Yield Rates of Crops 2024-25,6
Tiruvarur,Garlic,Combined,0.0,kg/ha,2024-25,Tamil Nadu Department of Economics and Statistics - Districtwise Average Yield Rates of Crops 2024-25,7
Tiruvarur,Gingelly,Combined,68.0,kg/ha,2024-25,Tamil Nadu Department of Economics and Statistics - Districtwise Average Yield Rates of Crops 2024-25,11
Tiruvarur,Gingelly,Kharif,487.0,kg/ha,2024-25,Tamil Nadu Department of Economics and Statistics - Districtwise Average Yield Rates of Crops 2024-25,11
Tiruvarur,Gingelly,Rabi,59.0,kg/ha,2024-25,Tamil Nadu Department of Economics and Statistics - Districtwise Average Yield Rates of Crops 2024-25,11
Tiruvarur,Ginger,Combined,5488.0,kg/ha,2024-25,Tamil Nadu Department of Economics and Statistics - Districtwise Average Yield Rates of Crops 2024-25,7
Tiruvarur,Grapes,Combined,0.0,kg/ha,2024-25,Tamil Nadu Department of Economics and Statistics - Districtwise Average Yield Rates of Crops 2024-25,11
Tiruvarur,Green Gram,Combined,175.0,kg/ha,2024-25,Tamil Nadu Department of Economics and Statistics - Districtwise Average Yield Rates of Crops 2024-25,5
Tiruvarur,Green Gram,Kharif,564.0,kg/ha,2024-25,Tamil Nadu Department of Economics and Statistics - Districtwise Average Yield Rates of Crops 2024-25,5
Tiruvarur,Green Gram,Rabi,175.0,kg/ha,2024-25,Tamil Nadu Department of Economics and Statistics - Districtwise Average Yield Rates of Crops 2024-25,5
Tiruvarur,Groundnut,Combined,4009.0,kg/ha,2024-25,Tamil Nadu Department of Economics and Statistics - Districtwise Average Yield Rates of Crops 2024-25,11
Tiruvarur,Groundnut,Kharif,1970.0,kg/ha,2024-25,Tamil Nadu Department of Economics and Statistics - Districtwise Average Yield Rates of Crops 2024-25,11
Tiruvarur,Groundnut,Rabi,4312.0,kg/ha,2024-25,Tamil Nadu Department of Economics and Statistics - Districtwise Average Yield Rates of Crops 2024-25,11
Tiruvarur,Guava,Combined,7076.0,kg/ha,2024-25,Tamil Nadu Department of Economics and Statistics - Districtwise Average Yield Rates of Crops 2024-25,11
Tiruvarur,Horse Gram,Combined,0.0,kg/ha,2024-25,Tamil Nadu Department of Economics and Statistics - Districtwise Average Yield Rates of Crops 2024-25,5
Tiruvarur,Horse Gram,Kharif,0.0,kg/ha,2024-25,Tamil Nadu Department of Economics and Statistics - Districtwise Average Yield Rates of Crops 2024-25,5
Tiruvarur,Horse Gram,Rabi,0.0,kg/ha,2024-25,Tamil Nadu Department of Economics and Statistics - Districtwise Average Yield Rates of Crops 2024-25,5
Tiruvarur,Jack Fruit,Combined,20056.0,kg/ha,2024-25,Tamil Nadu Department of Economics and Statistics - Districtwise Average Yield Rates of Crops 2024-25,10
Tiruvarur,Jowar (Cholam),Combined,0.0,kg/ha,2024-25,Tamil Nadu Department of Economics and Statistics - Districtwise Average Yield Rates of Crops 2024-25,1
Tiruvarur,Jowar (Cholam),Kharif,0.0,kg/ha,2024-25,Tamil Nadu Department of Economics and Statistics - Districtwise Average Yield Rates of Crops 2024-25,1
Tiruvarur,Jowar (Cholam),Rabi,0.0,kg/ha,2024-25,Tamil Nadu Department of Economics and Statistics - Districtwise Average Yield Rates of Crops 2024-25,1
Tiruvarur,Korra,Combined,0.0,kg/ha,2024-25,Tamil Nadu Department of Economics and Statistics - Districtwise Average Yield Rates of Crops 2024-25,3
Tiruvarur,Lady's Finger,Combined,11366.0,kg/ha,2024-25,Tamil Nadu Department of Economics and Statistics - Districtwise Average Yield Rates of Crops 2024-25,9
Tiruvarur,Lemon,Combined,6533.0,kg/ha,2024-25,Tamil Nadu Department of Economics and Statistics - Districtwise Average Yield Rates of Crops 2024-25,10
Tiruvarur,Maize,Combined,5084.0,kg/ha,2024-25,Tamil Nadu Department of Economics and Statistics - Districtwise Average Yield Rates of Crops 2024-25,3
Tiruvarur,Maize,Kharif,0.0,kg/ha,2024-25,Tamil Nadu Department of Economics and Statistics - Districtwise Average Yield Rates of Crops 2024-25,3
Tiruvarur,Maize,Rabi,5084.0,kg/ha,2024-25,Tamil Nadu Department of Economics and Statistics - Districtwise Average Yield Rates of Crops 2024-25,3
Tiruvarur,Mango,Combined,5855.0,kg/ha,2024-25,Tamil Nadu Department of Economics and Statistics - Districtwise Average Yield Rates of Crops 2024-25,10
Tiruvarur,Onion,Combined,0.0,kg/ha,2024-25,Tamil Nadu Department of Economics and Statistics - Districtwise Average Yield Rates of Crops 2024-25,9
Tiruvarur,Onion,Kharif,0.0,kg/ha,2024-25,Tamil Nadu Department of Economics and Statistics - Districtwise Average Yield Rates of Crops 2024-25,9
Tiruvarur,Onion,Rabi,0.0,kg/ha,2024-25,Tamil Nadu Department of Economics and Statistics - Districtwise Average Yield Rates of Crops 2024-25,9
Tiruvarur,Orange,Combined,0.0,kg/ha,2024-25,Tamil Nadu Department of Economics and Statistics - Districtwise Average Yield Rates of Crops 2024-25,10
Tiruvarur,Other Cereals,Combined,0.0,kg/ha,2024-25,Tamil Nadu Department of Economics and Statistics - Districtwise Average Yield Rates of Crops 2024-25,4
Tiruvarur,Other Pulses,Combined,0.0,kg/ha,2024-25,Tamil Nadu Department of Economics and Statistics - Districtwise Average Yield Rates of Crops 2024-25,6
Tiruvarur,Other Pulses,Kharif,0.0,kg/ha,2024-25,Tamil Nadu Department of Economics and Statistics - Districtwise Average Yield Rates of Crops 2024-25,6
Tiruvarur,Other Pulses,Rabi,0.0,kg/ha,2024-25,Tamil Nadu Department of Economics and Statistics - Districtwise Average Yield Rates of Crops 2024-25,6
Tiruvarur,Paddy,Combined,3153.0,kg/ha,2024-25,Tamil Nadu Department of Economics and Statistics - Districtwise Average Yield Rates of Crops 2024-25,1
Tiruvarur,Paddy,Kar/Kuruvai/Sornavari,3182.0,kg/ha,2024-25,Tamil Nadu Department of Economics and Statistics - Districtwise Average Yield Rates of Crops 2024-25,1
Tiruvarur,Paddy,Navarai/Kodai,3780.0,kg/ha,2024-25,Tamil Nadu Department of Economics and Statistics - Districtwise Average Yield Rates of Crops 2024-25,1
Tiruvarur,Paddy,Samba/Thaladi/Pishanam,3092.0,kg/ha,2024-25,Tamil Nadu Department of Economics and Statistics - Districtwise Average Yield Rates of Crops 2024-25,1
Tiruvarur,Pepper,Combined,220.0,kg/ha,2024-25,Tamil Nadu Department of Economics and Statistics - Districtwise Average Yield Rates of Crops 2024-25,7
Tiruvarur,Pine Apple,Combined,41249.0,kg/ha,2024-25,Tamil Nadu Department of Economics and Statistics - Districtwise Average Yield Rates of Crops 2024-25,10
Tiruvarur,Potato,Combined,0.0,kg/ha,2024-25,Tamil Nadu Department of Economics and Statistics - Districtwise Average Yield Rates of Crops 2024-25,8
Tiruvarur,Potato,Kharif,0.0,kg/ha,2024-25,Tamil Nadu Department of Economics and Statistics - Districtwise Average Yield Rates of Crops 2024-25,8
Tiruvarur,Potato,Rabi,0.0,kg/ha,2024-25,Tamil Nadu Department of Economics and Statistics - Districtwise Average Yield Rates of Crops 2024-25,8
Tiruvarur,Ragi,Combined,0.0,kg/ha,2024-25,Tamil Nadu Department of Economics and Statistics - Districtwise Average Yield Rates of Crops 2024-25,2
Tiruvarur,Ragi,Kharif,0.0,kg/ha,2024-25,Tamil Nadu Department of Economics and Statistics - Districtwise Average Yield Rates of Crops 2024-25,2
Tiruvarur,Ragi,Rabi,0.0,kg/ha,2024-25,Tamil Nadu Department of Economics and Statistics - Districtwise Average Yield Rates of Crops 2024-25,2
Tiruvarur,Rapeseed & Mustard,Combined,0.0,kg/ha,2024-25,Tamil Nadu Department of Economics and Statistics - Districtwise Average Yield Rates of Crops 2024-25,12
Tiruvarur,Red Gram,Combined,0.0,kg/ha,2024-25,Tamil Nadu Department of Economics and Statistics - Districtwise Average Yield Rates of Crops 2024-25,4
Tiruvarur,Red Gram,Kharif,0.0,kg/ha,2024-25,Tamil Nadu Department of Economics and Statistics - Districtwise Average Yield Rates of Crops 2024-25,4
Tiruvarur,Red Gram,Rabi,0.0,kg/ha,2024-25,Tamil Nadu Department of Economics and Statistics - Districtwise Average Yield Rates of Crops 2024-25,4
Tiruvarur,Samai,Combined,0.0,kg/ha,2024-25,Tamil Nadu Department of Economics and Statistics - Districtwise Average Yield Rates of Crops 2024-25,4
Tiruvarur,Samai,Kharif,0.0,kg/ha,2024-25,Tamil Nadu Department of Economics and Statistics - Districtwise Average Yield Rates of Crops 2024-25,4
Tiruvarur,Samai,Rabi,0.0,kg/ha,2024-25,Tamil Nadu Department of Economics and Statistics - Districtwise Average Yield Rates of Crops 2024-25,4
Tiruvarur,Sugar Cane,Combined,101.0,tonnes/ha,2024-25,Tamil Nadu Department of Economics and Statistics - Districtwise Average Yield Rates of Crops 2024-25,6
Tiruvarur,Sun Flower,Combined,0.0,kg/ha,2024-25,Tamil Nadu Department of Economics and Statistics - Districtwise Average Yield Rates of Crops 2024-25,12
Tiruvarur,Sun Flower,Kharif,0.0,kg/ha,2024-25,Tamil Nadu Department of Economics and Statistics - Districtwise Average Yield Rates of Crops 2024-25,12
Tiruvarur,Sun Flower,Rabi,0.0,kg/ha,2024-25,Tamil Nadu Department of Economics and Statistics - Districtwise Average Yield Rates of Crops 2024-25,12
Tiruvarur,Sweet Potato,Combined,19336.0,kg/ha,2024-25,Tamil Nadu Department of Economics and Statistics - Districtwise Average Yield Rates of Crops 2024-25,8
Tiruvarur,Tamarind,Combined,2562.0,kg/ha,2024-25,Tamil Nadu Department of Economics and Statistics - Districtwise Average Yield Rates of Crops 2024-25,8
Tiruvarur,Tapioca,Combined,40259.0,kg/ha,2024-25,Tamil Nadu Department of Economics and Statistics - Districtwise Average Yield Rates of Crops 2024-25,8
Tiruvarur,Tobacco,Combined,0.0,kg/ha,2024-25,Tamil Nadu Department of Economics and Statistics - Districtwise Average Yield Rates of Crops 2024-25,13
Tiruvarur,Tomato,Combined,0.0,kg/ha,2024-25,Tamil Nadu Department of Economics and Statistics - Districtwise Average Yield Rates of Crops 2024-25,9
Tiruvarur,Turmeric,Combined,0.0,kg/ha,2024-25,Tamil Nadu Department of Economics and Statistics - Districtwise Average Yield Rates of Crops 2024-25,7
Tiruvarur,Varagu,Combined,0.0,kg/ha,2024-25,Tamil Nadu Department of Economics and Statistics - Districtwise Average Yield Rates of Crops 2024-25,3
Tiruvarur,Varagu,Kharif,0.0,kg/ha,2024-25,Tamil Nadu Department of Economics and Statistics - Districtwise Average Yield Rates of Crops 2024-25,3
Tiruvarur,Varagu,Rabi,0.0,kg/ha,2024-25,Tamil Nadu Department of Economics and Statistics - Districtwise Average Yield Rates of Crops 2024-25,3
Vellore,Arecanut,Combined,1141.0,kg/ha,2024-25,Tamil Nadu Department of Economics and Statistics - Districtwise Average Yield Rates of Crops 2024-25,7
Vellore,Bajra (Cumbu),Combined,3045.0,kg/ha,2024-25,Tamil Nadu Department of Economics and Statistics - Districtwise Average Yield Rates of Crops 2024-25,2
Vellore,Bajra (Cumbu),Kharif,3045.0,kg/ha,2024-25,Tamil Nadu Department of Economics and Statistics - Districtwise Average Yield Rates of Crops 2024-25,2
Vellore,Bajra (Cumbu),Rabi,0.0,kg/ha,2024-25,Tamil Nadu Department of Economics and Statistics - Districtwise Average Yield Rates of Crops 2024-25,2
Vellore,Banana,Combined,43800.0,kg/ha,2024-25,Tamil Nadu Department of Economics and Statistics - Districtwise Average Yield Rates of Crops 2024-25,10
Vellore,Bengal Gram,Combined,0.0,kg/ha,2024-25,Tamil Nadu Department of Economics and Statistics - Districtwise Average Yield Rates of Crops 2024-25,4
Vellore,Black Gram,Combined,631.0,kg/ha,2024-25,Tamil Nadu Department of Economics and Statistics - Districtwise Average Yield Rates of Crops 2024-25,5
Vellore,Black Gram,Kharif,769.0,kg/ha,2024-25,Tamil Nadu Department of Economics and Statistics - Districtwise Average Yield Rates of Crops 2024-25,5
Vellore,Black Gram,Rabi,456.0,kg/ha,2024-25,Tamil Nadu Department of Economics and Statistics - Districtwise Average Yield Rates of Crops 2024-25,5
Vellore,Brinjal,Combined,9743.0,kg/ha,2024-25,Tamil Nadu Department of Economics and Statistics - Districtwise Average Yield Rates of Crops 2024-25,9
Vellore,Cabbage,Combined,0.0,kg/ha,2024-25,Tamil Nadu Department of Economics and Statistics - Districtwise Average Yield Rates of Crops 2024-25,9
Vellore,Cardamom,Combined,0.0,kg/ha,2024-25,Tamil Nadu Department of Economics and Statistics - Districtwise Average Yield Rates of Crops 2024-25,8
Vellore,Cashew Nut,Combined,364.0,kg/ha,2024-25,Tamil Nadu Department of Economics and Statistics - Districtwise Average Yield Rates of Crops 2024-25,10
Vellore,Castor,Combined,312.0,kg/ha,2024-25,Tamil Nadu Department of Economics and Statistics - Districtwise Average Yield Rates of Crops 2024-25,12
Vellore,Chillies,Combined,402.0,kg/ha,2024-25,Tamil Nadu Department of Economics and Statistics - Districtwise Average Yield Rates of Crops 2024-25,7
Vellore,Cloves,Combined,0.0,kg/ha,2024-25,Tamil Nadu Department of Economics and Statistics - Districtwise Average Yield Rates of Crops 2024-25,7
Vellore,Coconut,Combined,15491.0,nuts/ha,2024-25,Tamil Nadu Department of Economics and Statistics - Districtwise Average Yield Rates of Crops 2024-25,13
Vellore,Coriander,Combined,0.0,kg/ha,2024-25,Tamil Nadu Department of Economics and Statistics - Districtwise Average Yield Rates of Crops 2024-25,8
Vellore,Cotton,Combined,3091.0,kg/ha,2024-25,Tamil Nadu Department of Economics and Statistics - Districtwise Average Yield Rates of Crops 2024-25,13
Vellore,Cotton,Kharif,530.0,kg/ha,2024-25,Tamil Nadu Department of Economics and Statistics - Districtwise Average Yield Rates of Crops 2024-25,13
Vellore,Cotton,Rabi,386.0,kg/ha,2024-25,Tamil Nadu Department of Economics and Statistics - Districtwise Average Yield Rates of Crops 2024-25,13
Vellore,Cowpea,Combined,349.0,kg/ha,2024-25,Tamil Nadu Department of Economics and Statistics - Districtwise Average Yield Rates of Crops 2024-25,6
Vellore,Cowpea,Kharif,345.0,kg/ha,2024-25,Tamil Nadu Department of Economics and Statistics - Districtwise Average Yield Rates of Crops 2024-25,6
Vellore,Cowpea,Rabi,549.0,kg/ha,2024-25,Tamil Nadu Department of Economics and Statistics - Districtwise Average Yield Rates of Crops 2024-25,6
Vellore,Garlic,Combined,0.0,kg/ha,2024-25,Tamil Nadu Department of Economics and Statistics - Districtwise Average Yield Rates of Crops 2024-25,7
Vellore,Gingelly,Combined,472.0,kg/ha,2024-25,Tamil Nadu Department of Economics and Statistics - Districtwise Average Yield Rates of Crops 2024-25,11
Vellore,Gingelly,Kharif,487.0,kg/ha,2024-25,Tamil Nadu Department of Economics and Statistics - Districtwise Average Yield Rates of Crops 2024-25,11
Vellore,Gingelly,Rabi,414.0,kg/ha,2024-25,Tamil Nadu Department of Economics and Statistics - Districtwise Average Yield Rates of Crops 2024-25,11
Vellore,Ginger,Combined,5488.0,kg/ha,2024-25,Tamil Nadu Department of Economics and Statistics - Districtwise Average Yield Rates of Crops 2024-25,7
Vellore,Grapes,Combined,0.0,kg/ha,2024-25,Tamil Nadu Department of Economics and Statistics - Districtwise Average Yield Rates of Crops 2024-25,11
Vellore,Green Gram,Combined,416.0,kg/ha,2024-25,Tamil Nadu Department of Economics and Statistics - Districtwise Average Yield Rates of Crops 2024-25,5
Vellore,Green Gram,Kharif,418.0,kg/ha,2024-25,Tamil Nadu Department of Economics and Statistics - Districtwise Average Yield Rates of Crops 2024-25,5
Vellore,Green Gram,Rabi,248.0,kg/ha,2024-25,Tamil Nadu Department of Economics and Statistics - Districtwise Average Yield Rates of Crops 2024-25,5
Vellore,Groundnut,Combined,2230.0,kg/ha,2024-25,Tamil Nadu Department of Economics and Statistics - Districtwise Average Yield Rates of Crops 2024-25,11
Vellore,Groundnut,Kharif,2124.0,kg/ha,2024-25,Tamil Nadu Department of Economics and Statistics - Districtwise Average Yield Rates of Crops 2024-25,11
Vellore,Groundnut,Rabi,3202.0,kg/ha,2024-25,Tamil Nadu Department of Economics and Statistics - Districtwise Average Yield Rates of Crops 2024-25,11
Vellore,Guava,Combined,1177.0,kg/ha,2024-25,Tamil Nadu Department of Economics and Statistics - Districtwise Average Yield Rates of Crops 2024-25,11
Vellore,Horse Gram,Combined,761.0,kg/ha,2024-25,Tamil Nadu Department of Economics and Statistics - Districtwise Average Yield Rates of Crops 2024-25,5
Vellore,Horse Gram,Kharif,0.0,kg/ha,2024-25,Tamil Nadu Department of Economics and Statistics - Districtwise Average Yield Rates of Crops 2024-25,5
Vellore,Horse Gram,Rabi,761.0,kg/ha,2024-25,Tamil Nadu Department of Economics and Statistics - Districtwise Average Yield Rates of Crops 2024-25,5
Vellore,Jack Fruit,Combined,20056.0,kg/ha,2024-25,Tamil Nadu Department of Economics and Statistics - Districtwise Average Yield Rates of Crops 2024-25,10
Vellore,Jowar (Cholam),Combined,1710.0,kg/ha,2024-25,Tamil Nadu Department of Economics and Statistics - Districtwise Average Yield Rates of Crops 2024-25,1
Vellore,Jowar (Cholam),Kharif,1717.0,kg/ha,2024-25,Tamil Nadu Department of Economics and Statistics - Districtwise Average Yield Rates of Crops 2024-25,1
Vellore,Jowar (Cholam),Rabi,1147.0,kg/ha,2024-25,Tamil Nadu Department of Economics and Statistics - Districtwise Average Yield Rates of Crops 2024-25,1
Vellore,Korra,Combined,0.0,kg/ha,2024-25,Tamil Nadu Department of Economics and Statistics - Districtwise Average Yield Rates of Crops 2024-25,3
Vellore,Lady's Finger,Combined,5199.0,kg/ha,2024-25,Tamil Nadu Department of Economics and Statistics - Districtwise Average Yield Rates of Crops 2024-25,9
Vellore,Lemon,Combined,6533.0,kg/ha,2024-25,Tamil Nadu Department of Economics and Statistics - Districtwise Average Yield Rates of Crops 2024-25,10
Vellore,Maize,Combined,5600.0,kg/ha,2024-25,Tamil Nadu Department of Economics and Statistics - Districtwise Average Yield Rates of Crops 2024-25,3
Vellore,Maize,Kharif,5923.0,kg/ha,2024-25,Tamil Nadu Department of Economics and Statistics - Districtwise Average Yield Rates of Crops 2024-25,3
Vellore,Maize,Rabi,5084.0,kg/ha,2024-25,Tamil Nadu Department of Economics and Statistics - Districtwise Average Yield Rates of Crops 2024-25,3
Vellore,Mango,Combined,4000.0,kg/ha,2024-25,Tamil Nadu Department of Economics and Statistics - Districtwise Average Yield Rates of Crops 2024-25,10
Vellore,Onion,Combined,7394.0,kg/ha,2024-25,Tamil Nadu Department of Economics and Statistics - Districtwise Average Yield Rates of Crops 2024-25,9
Vellore,Onion,Kharif,10529.0,kg/ha,2024-25,Tamil Nadu Department of Economics and Statistics - Districtwise Average Yield Rates of Crops 2024-25,9
Vellore,Onion,Rabi,7307.0,kg/ha,2024-25,Tamil Nadu Department of Economics and Statistics - Districtwise Average Yield Rates of Crops 2024-25,9
Vellore,Orange,Combined,0.0,kg/ha,2024-25,Tamil Nadu Department of Economics and Statistics - Districtwise Average Yield Rates of Crops 2024-25,10
Vellore,Other Cereals,Combined,0.0,kg/ha,2024-25,Tamil Nadu Department of Economics and Statistics - Districtwise Average Yield Rates of Crops 2024-25,4
Vellore,Other Pulses,Combined,585.0,kg/ha,2024-25,Tamil Nadu Department of Economics and Statistics - Districtwise Average Yield Rates of Crops 2024-25,6
Vellore,Other Pulses,Kharif,0.0,kg/ha,2024-25,Tamil Nadu Department of Economics and Statistics - Districtwise Average Yield Rates of Crops 2024-25,6
Vellore,Other Pulses,Rabi,585.0,kg/ha,2024-25,Tamil Nadu Department of Economics and Statistics - Districtwise Average Yield Rates of Crops 2024-25,6
Vellore,Paddy,Combined,3267.0,kg/ha,2024-25,Tamil Nadu Department of Economics and Statistics - Districtwise Average Yield Rates of Crops 2024-25,1
Vellore,Paddy,Kar/Kuruvai/Sornavari,3689.0,kg/ha,2024-25,Tamil Nadu Department of Economics and Statistics - Districtwise Average Yield Rates of Crops 2024-25,1
Vellore,Paddy,Navarai/Kodai,3185.0,kg/ha,2024-25,Tamil Nadu Department of Economics and Statistics - Districtwise Average Yield Rates of Crops 2024-25,1
Vellore,Paddy,Samba/Thaladi/Pishanam,3008.0,kg/ha,2024-25,Tamil Nadu Department of Economics and Statistics - Districtwise Average Yield Rates of Crops 2024-25,1
Vellore,Pepper,Combined,207.0,kg/ha,2024-25,Tamil Nadu Department of Economics and Statistics - Districtwise Average Yield Rates of Crops 2024-25,7
Vellore,Pine Apple,Combined,0.0,kg/ha,2024-25,Tamil Nadu Department of Economics and Statistics - Districtwise Average Yield Rates of Crops 2024-25,10
Vellore,Potato,Combined,0.0,kg/ha,2024-25,Tamil Nadu Department of Economics and Statistics - Districtwise Average Yield Rates of Crops 2024-25,8
Vellore,Potato,Kharif,0.0,kg/ha,2024-25,Tamil Nadu Department of Economics and Statistics - Districtwise Average Yield Rates of Crops 2024-25,8
Vellore,Potato,Rabi,0.0,kg/ha,2024-25,Tamil Nadu Department of Economics and Statistics - Districtwise Average Yield Rates of Crops 2024-25,8
Vellore,Ragi,Combined,7059.0,kg/ha,2024-25,Tamil Nadu Department of Economics and Statistics - Districtwise Average Yield Rates of Crops 2024-25,2
Vellore,Ragi,Kharif,3922.0,kg/ha,2024-25,Tamil Nadu Department of Economics and Statistics - Districtwise Average Yield Rates of Crops 2024-25,2
Vellore,Ragi,Rabi,7221.0,kg/ha,2024-25,Tamil Nadu Department of Economics and Statistics - Districtwise Average Yield Rates of Crops 2024-25,2
Vellore,Rapeseed & Mustard,Combined,0.0,kg/ha,2024-25,Tamil Nadu Department of Economics and Statistics - Districtwise Average Yield Rates of Crops 2024-25,12
Vellore,Red Gram,Combined,992.0,kg/ha,2024-25,Tamil Nadu Department of Economics and Statistics - Districtwise Average Yield Rates of Crops 2024-25,4
Vellore,Red Gram,Kharif,992.0,kg/ha,2024-25,Tamil Nadu Department of Economics and Statistics - Districtwise Average Yield Rates of Crops 2024-25,4
Vellore,Red Gram,Rabi,0.0,kg/ha,2024-25,Tamil Nadu Department of Economics and Statistics - Districtwise Average Yield Rates of Crops 2024-25,4
Vellore,Samai,Combined,1434.0,kg/ha,2024-25,Tamil Nadu Department of Economics and Statistics - Districtwise Average Yield Rates of Crops 2024-25,4
Vellore,Samai,Kharif,1434.0,kg/ha,2024-25,Tamil Nadu Department of Economics and Statistics - Districtwise Average Yield Rates of Crops 2024-25,4
Vellore,Samai,Rabi,0.0,kg/ha,2024-25,Tamil Nadu Department of Economics and Statistics - Districtwise Average Yield Rates of Crops 2024-25,4
Vellore,Sugar Cane,Combined,90.0,tonnes/ha,2024-25,Tamil Nadu Department of Economics and Statistics - Districtwise Average Yield Rates of Crops 2024-25,6
Vellore,Sun Flower,Combined,0.0,kg/ha,2024-25,Tamil Nadu Department of Economics and Statistics - Districtwise Average Yield Rates of Crops 2024-25,12
Vellore,Sun Flower,Kharif,0.0,kg/ha,2024-25,Tamil Nadu Department of Economics and Statistics - Districtwise Average Yield Rates of Crops 2024-25,12
Vellore,Sun Flower,Rabi,0.0,kg/ha,2024-25,Tamil Nadu Department of Economics and Statistics - Districtwise Average Yield Rates of Crops 2024-25,12
Vellore,Sweet Potato,Combined,0.0,kg/ha,2024-25,Tamil Nadu Department of Economics and Statistics - Districtwise Average Yield Rates of Crops 2024-25,8
Vellore,Tamarind,Combined,5041.0,kg/ha,2024-25,Tamil Nadu Department of Economics and Statistics - Districtwise Average Yield Rates of Crops 2024-25,8
Vellore,Tapioca,Combined,40259.0,kg/ha,2024-25,Tamil Nadu Department of Economics and Statistics - Districtwise Average Yield Rates of Crops 2024-25,8
Vellore,Tobacco,Combined,0.0,kg/ha,2024-25,Tamil Nadu Department of Economics and Statistics - Districtwise Average Yield Rates of Crops 2024-25,13
Vellore,Tomato,Combined,19663.0,kg/ha,2024-25,Tamil Nadu Department of Economics and Statistics - Districtwise Average Yield Rates of Crops 2024-25,9
Vellore,Turmeric,Combined,0.0,kg/ha,2024-25,Tamil Nadu Department of Economics and Statistics - Districtwise Average Yield Rates of Crops 2024-25,7
Vellore,Varagu,Combined,0.0,kg/ha,2024-25,Tamil Nadu Department of Economics and Statistics - Districtwise Average Yield Rates of Crops 2024-25,3
Vellore,Varagu,Kharif,0.0,kg/ha,2024-25,Tamil Nadu Department of Economics and Statistics - Districtwise Average Yield Rates of Crops 2024-25,3
Vellore,Varagu,Rabi,0.0,kg/ha,2024-25,Tamil Nadu Department of Economics and Statistics - Districtwise Average Yield Rates of Crops 2024-25,3
Villupuram,Arecanut,Combined,0.0,kg/ha,2024-25,Tamil Nadu Department of Economics and Statistics - Districtwise Average Yield Rates of Crops 2024-25,7
Villupuram,Bajra (Cumbu),Combined,2948.0,kg/ha,2024-25,Tamil Nadu Department of Economics and Statistics - Districtwise Average Yield Rates of Crops 2024-25,2
Villupuram,Bajra (Cumbu),Kharif,3031.0,kg/ha,2024-25,Tamil Nadu Department of Economics and Statistics - Districtwise Average Yield Rates of Crops 2024-25,2
Villupuram,Bajra (Cumbu),Rabi,1597.0,kg/ha,2024-25,Tamil Nadu Department of Economics and Statistics - Districtwise Average Yield Rates of Crops 2024-25,2
Villupuram,Banana,Combined,17241.0,kg/ha,2024-25,Tamil Nadu Department of Economics and Statistics - Districtwise Average Yield Rates of Crops 2024-25,10
Villupuram,Bengal Gram,Combined,0.0,kg/ha,2024-25,Tamil Nadu Department of Economics and Statistics - Districtwise Average Yield Rates of Crops 2024-25,4
Villupuram,Black Gram,Combined,832.0,kg/ha,2024-25,Tamil Nadu Department of Economics and Statistics - Districtwise Average Yield Rates of Crops 2024-25,5
Villupuram,Black Gram,Kharif,766.0,kg/ha,2024-25,Tamil Nadu Department of Economics and Statistics - Districtwise Average Yield Rates of Crops 2024-25,5
Villupuram,Black Gram,Rabi,835.0,kg/ha,2024-25,Tamil Nadu Department of Economics and Statistics - Districtwise Average Yield Rates of Crops 2024-25,5
Villupuram,Brinjal,Combined,17910.0,kg/ha,2024-25,Tamil Nadu Department of Economics and Statistics - Districtwise Average Yield Rates of Crops 2024-25,9
Villupuram,Cabbage,Combined,0.0,kg/ha,2024-25,Tamil Nadu Department of Economics and Statistics - Districtwise Average Yield Rates of Crops 2024-25,9
Villupuram,Cardamom,Combined,0.0,kg/ha,2024-25,Tamil Nadu Department of Economics and Statistics - Districtwise Average Yield Rates of Crops 2024-25,8
Villupuram,Cashew Nut,Combined,597.0,kg/ha,2024-25,Tamil Nadu Department of Economics and Statistics - Districtwise Average Yield Rates of Crops 2024-25,10
Villupuram,Castor,Combined,0.0,kg/ha,2024-25,Tamil Nadu Department of Economics and Statistics - Districtwise Average Yield Rates of Crops 2024-25,12
Villupuram,Chillies,Combined,1648.0,kg/ha,2024-25,Tamil Nadu Department of Economics and Statistics - Districtwise Average Yield Rates of Crops 2024-25,7
Villupuram,Cloves,Combined,0.0,kg/ha,2024-25,Tamil Nadu Department of Economics and Statistics - Districtwise Average Yield Rates of Crops 2024-25,7
Villupuram,Coconut,Combined,11617.0,nuts/ha,2024-25,Tamil Nadu Department of Economics and Statistics - Districtwise Average Yield Rates of Crops 2024-25,13
Villupuram,Coriander,Combined,0.0,kg/ha,2024-25,Tamil Nadu Department of Economics and Statistics - Districtwise Average Yield Rates of Crops 2024-25,8
Villupuram,Cotton,Combined,2099.0,kg/ha,2024-25,Tamil Nadu Department of Economics and Statistics - Districtwise Average Yield Rates of Crops 2024-25,13
Villupuram,Cotton,Kharif,282.0,kg/ha,2024-25,Tamil Nadu Department of Economics and Statistics - Districtwise Average Yield Rates of Crops 2024-25,13
Villupuram,Cotton,Rabi,386.0,kg/ha,2024-25,Tamil Nadu Department of Economics and Statistics - Districtwise Average Yield Rates of Crops 2024-25,13
Villupuram,Cowpea,Combined,0.0,kg/ha,2024-25,Tamil Nadu Department of Economics and Statistics - Districtwise Average Yield Rates of Crops 2024-25,6
Villupuram,Cowpea,Kharif,0.0,kg/ha,2024-25,Tamil Nadu Department of Economics and Statistics - Districtwise Average Yield Rates of Crops 2024-25,6
Villupuram,Cowpea,Rabi,0.0,kg/ha,2024-25,Tamil Nadu Department of Economics and Statistics - Districtwise Average Yield Rates of Crops 2024-25,6
Villupuram,Garlic,Combined,0.0,kg/ha,2024-25,Tamil Nadu Department of Economics and Statistics - Districtwise Average Yield Rates of Crops 2024-25,7
Villupuram,Gingelly,Combined,660.0,kg/ha,2024-25,Tamil Nadu Department of Economics and Statistics - Districtwise Average Yield Rates of Crops 2024-25,11
Villupuram,Gingelly,Kharif,487.0,kg/ha,2024-25,Tamil Nadu Department of Economics and Statistics - Districtwise Average Yield Rates of Crops 2024-25,11
Villupuram,Gingelly,Rabi,727.0,kg/ha,2024-25,Tamil Nadu Department of Economics and Statistics - Districtwise Average Yield Rates of Crops 2024-25,11
Villupuram,Ginger,Combined,5488.0,kg/ha,2024-25,Tamil Nadu Department of Economics and Statistics - Districtwise Average Yield Rates of Crops 2024-25,7
Villupuram,Grapes,Combined,0.0,kg/ha,2024-25,Tamil Nadu Department of Economics and Statistics - Districtwise Average Yield Rates of Crops 2024-25,11
Villupuram,Green Gram,Combined,306.0,kg/ha,2024-25,Tamil Nadu Department of Economics and Statistics - Districtwise Average Yield Rates of Crops 2024-25,5
Villupuram,Green Gram,Kharif,564.0,kg/ha,2024-25,Tamil Nadu Department of Economics and Statistics - Districtwise Average Yield Rates of Crops 2024-25,5
Villupuram,Green Gram,Rabi,248.0,kg/ha,2024-25,Tamil Nadu Department of Economics and Statistics - Districtwise Average Yield Rates of Crops 2024-25,5
Villupuram,Groundnut,Combined,2763.0,kg/ha,2024-25,Tamil Nadu Department of Economics and Statistics - Districtwise Average Yield Rates of Crops 2024-25,11
Villupuram,Groundnut,Kharif,2080.0,kg/ha,2024-25,Tamil Nadu Department of Economics and Statistics - Districtwise Average Yield Rates of Crops 2024-25,11
Villupuram,Groundnut,Rabi,3491.0,kg/ha,2024-25,Tamil Nadu Department of Economics and Statistics - Districtwise Average Yield Rates of Crops 2024-25,11
Villupuram,Guava,Combined,5616.0,kg/ha,2024-25,Tamil Nadu Department of Economics and Statistics - Districtwise Average Yield Rates of Crops 2024-25,11
Villupuram,Horse Gram,Combined,604.0,kg/ha,2024-25,Tamil Nadu Department of Economics and Statistics - Districtwise Average Yield Rates of Crops 2024-25,5
Villupuram,Horse Gram,Kharif,604.0,kg/ha,2024-25,Tamil Nadu Department of Economics and Statistics - Districtwise Average Yield Rates of Crops 2024-25,5
Villupuram,Horse Gram,Rabi,0.0,kg/ha,2024-25,Tamil Nadu Department of Economics and Statistics - Districtwise Average Yield Rates of Crops 2024-25,5
Villupuram,Jack Fruit,Combined,20056.0,kg/ha,2024-25,Tamil Nadu Department of Economics and Statistics - Districtwise Average Yield Rates of Crops 2024-25,10
Villupuram,Jowar (Cholam),Combined,1227.0,kg/ha,2024-25,Tamil Nadu Department of Economics and Statistics - Districtwise Average Yield Rates of Crops 2024-25,1
Villupuram,Jowar (Cholam),Kharif,1293.0,kg/ha,2024-25,Tamil Nadu Department of Economics and Statistics - Districtwise Average Yield Rates of Crops 2024-25,1
Villupuram,Jowar (Cholam),Rabi,1147.0,kg/ha,2024-25,Tamil Nadu Department of Economics and Statistics - Districtwise Average Yield Rates of Crops 2024-25,1
Villupuram,Korra,Combined,470.0,kg/ha,2024-25,Tamil Nadu Department of Economics and Statistics - Districtwise Average Yield Rates of Crops 2024-25,3
Villupuram,Lady's Finger,Combined,13937.0,kg/ha,2024-25,Tamil Nadu Department of Economics and Statistics - Districtwise Average Yield Rates of Crops 2024-25,9
Villupuram,Lemon,Combined,6533.0,kg/ha,2024-25,Tamil Nadu Department of Economics and Statistics - Districtwise Average Yield Rates of Crops 2024-25,10
Villupuram,Maize,Combined,5542.0,kg/ha,2024-25,Tamil Nadu Department of Economics and Statistics - Districtwise Average Yield Rates of Crops 2024-25,3
Villupuram,Maize,Kharif,5923.0,kg/ha,2024-25,Tamil Nadu Department of Economics and Statistics - Districtwise Average Yield Rates of Crops 2024-25,3
Villupuram,Maize,Rabi,5084.0,kg/ha,2024-25,Tamil Nadu Department of Economics and Statistics - Districtwise Average Yield Rates of Crops 2024-25,3
Villupuram,Mango,Combined,1834.0,kg/ha,2024-25,Tamil Nadu Department of Economics and Statistics - Districtwise Average Yield Rates of Crops 2024-25,10
Villupuram,Onion,Combined,8065.0,kg/ha,2024-25,Tamil Nadu Department of Economics and Statistics - Districtwise Average Yield Rates of Crops 2024-25,9
Villupuram,Onion,Kharif,10529.0,kg/ha,2024-25,Tamil Nadu Department of Economics and Statistics - Districtwise Average Yield Rates of Crops 2024-25,9
Villupuram,Onion,Rabi,7307.0,kg/ha,2024-25,Tamil Nadu Department of Economics and Statistics - Districtwise Average Yield Rates of Crops 2024-25,9
Villupuram,Orange,Combined,0.0,kg/ha,2024-25,Tamil Nadu Department of Economics and Statistics - Districtwise Average Yield Rates of Crops 2024-25,10
Villupuram,Other Cereals,Combined,0.0,kg/ha,2024-25,Tamil Nadu Department of Economics and Statistics - Districtwise Average Yield Rates of Crops 2024-25,4
Villupuram,Other Pulses,Combined,585.0,kg/ha,2024-25,Tamil Nadu Department of Economics and Statistics - Districtwise Average Yield Rates of Crops 2024-25,6
Villupuram,Other Pulses,Kharif,585.0,kg/ha,2024-25,Tamil Nadu Department of Economics and Statistics - Districtwise Average Yield Rates of Crops 2024-25,6
Villupuram,Other Pulses,Rabi,585.0,kg/ha,2024-25,Tamil Nadu Department of Economics and Statistics - Districtwise Average Yield Rates of Crops 2024-25,6
Villupuram,Paddy,Combined,3135.0,kg/ha,2024-25,Tamil Nadu Department of Economics and Statistics - Districtwise Average Yield Rates of Crops 2024-25,1
Villupuram,Paddy,Kar/Kuruvai/Sornavari,3534.0,kg/ha,2024-25,Tamil Nadu Department of Economics and Statistics - Districtwise Average Yield Rates of Crops 2024-25,1
Villupuram,Paddy,Navarai/Kodai,3406.0,kg/ha,2024-25,Tamil Nadu Department of Economics and Statistics - Districtwise Average Yield Rates of Crops 2024-25,1
Villupuram,Paddy,Samba/Thaladi/Pishanam,2978.0,kg/ha,2024-25,Tamil Nadu Department of Economics and Statistics - Districtwise Average Yield Rates of Crops 2024-25,1
Villupuram,Pepper,Combined,184.0,kg/ha,2024-25,Tamil Nadu Department of Economics and Statistics - Districtwise Average Yield Rates of Crops 2024-25,7
Villupuram,Pine Apple,Combined,0.0,kg/ha,2024-25,Tamil Nadu Department of Economics and Statistics - Districtwise Average Yield Rates of Crops 2024-25,10
Villupuram,Potato,Combined,0.0,kg/ha,2024-25,Tamil Nadu Department of Economics and Statistics - Districtwise Average Yield Rates of Crops 2024-25,8
Villupuram,Potato,Kharif,0.0,kg/ha,2024-25,Tamil Nadu Department of Economics and Statistics - Districtwise Average Yield Rates of Crops 2024-25,8
Villupuram,Potato,Rabi,0.0,kg/ha,2024-25,Tamil Nadu Department of Economics and Statistics - Districtwise Average Yield Rates of Crops 2024-25,8
Villupuram,Ragi,Combined,4416.0,kg/ha,2024-25,Tamil Nadu Department of Economics and Statistics - Districtwise Average Yield Rates of Crops 2024-25,2
Villupuram,Ragi,Kharif,3922.0,kg/ha,2024-25,Tamil Nadu Department of Economics and Statistics - Districtwise Average Yield Rates of Crops 2024-25,2
Villupuram,Ragi,Rabi,5103.0,kg/ha,2024-25,Tamil Nadu Department of Economics and Statistics - Districtwise Average Yield Rates of Crops 2024-25,2
Villupuram,Rapeseed & Mustard,Combined,0.0,kg/ha,2024-25,Tamil Nadu Department of Economics and Statistics - Districtwise Average Yield Rates of Crops 2024-25,12
Villupuram,Red Gram,Combined,0.0,kg/ha,2024-25,Tamil Nadu Department of Economics and Statistics - Districtwise Average Yield Rates of Crops 2024-25,4
Villupuram,Red Gram,Kharif,0.0,kg/ha,2024-25,Tamil Nadu Department of Economics and Statistics - Districtwise Average Yield Rates of Crops 2024-25,4
Villupuram,Red Gram,Rabi,0.0,kg/ha,2024-25,Tamil Nadu Department of Economics and Statistics - Districtwise Average Yield Rates of Crops 2024-25,4
Villupuram,Samai,Combined,0.0,kg/ha,2024-25,Tamil Nadu Department of Economics and Statistics - Districtwise Average Yield Rates of Crops 2024-25,4
Villupuram,Samai,Kharif,0.0,kg/ha,2024-25,Tamil Nadu Department of Economics and Statistics - Districtwise Average Yield Rates of Crops 2024-25,4
Villupuram,Samai,Rabi,0.0,kg/ha,2024-25,Tamil Nadu Department of Economics and Statistics - Districtwise Average Yield Rates of Crops 2024-25,4
Villupuram,Sugar Cane,Combined,87.0,tonnes/ha,2024-25,Tamil Nadu Department of Economics and Statistics - Districtwise Average Yield Rates of Crops 2024-25,6
Villupuram,Sun Flower,Combined,0.0,kg/ha,2024-25,Tamil Nadu Department of Economics and Statistics - Districtwise Average Yield Rates of Crops 2024-25,12
Villupuram,Sun Flower,Kharif,0.0,kg/ha,2024-25,Tamil Nadu Department of Economics and Statistics - Districtwise Average Yield Rates of Crops 2024-25,12
Villupuram,Sun Flower,Rabi,0.0,kg/ha,2024-25,Tamil Nadu Department of Economics and Statistics - Districtwise Average Yield Rates of Crops 2024-25,12
Villupuram,Sweet Potato,Combined,19336.0,kg/ha,2024-25,Tamil Nadu Department of Economics and Statistics - Districtwise Average Yield Rates of Crops 2024-25,8
Villupuram,Tamarind,Combined,4095.0,kg/ha,2024-25,Tamil Nadu Department of Economics and Statistics - Districtwise Average Yield Rates of Crops 2024-25,8
Villupuram,Tapioca,Combined,28875.0,kg/ha,2024-25,Tamil Nadu Department of Economics and Statistics - Districtwise Average Yield Rates of Crops 2024-25,8
Villupuram,Tobacco,Combined,0.0,kg/ha,2024-25,Tamil Nadu Department of Economics and Statistics - Districtwise Average Yield Rates of Crops 2024-25,13
Villupuram,Tomato,Combined,19663.0,kg/ha,2024-25,Tamil Nadu Department of Economics and Statistics - Districtwise Average Yield Rates of Crops 2024-25,9
Villupuram,Turmeric,Combined,0.0,kg/ha,2024-25,Tamil Nadu Department of Economics and Statistics - Districtwise Average Yield Rates of Crops 2024-25,7
Villupuram,Varagu,Combined,1323.0,kg/ha,2024-25,Tamil Nadu Department of Economics and Statistics - Districtwise Average Yield Rates of Crops 2024-25,3
Villupuram,Varagu,Kharif,1323.0,kg/ha,2024-25,Tamil Nadu Department of Economics and Statistics - Districtwise Average Yield Rates of Crops 2024-25,3
Villupuram,Varagu,Rabi,0.0,kg/ha,2024-25,Tamil Nadu Department of Economics and Statistics - Districtwise Average Yield Rates of Crops 2024-25,3
Virudhunagar,Arecanut,Combined,1377.0,kg/ha,2024-25,Tamil Nadu Department of Economics and Statistics - Districtwise Average Yield Rates of Crops 2024-25,7
Virudhunagar,Bajra (Cumbu),Combined,2190.0,kg/ha,2024-25,Tamil Nadu Department of Economics and Statistics - Districtwise Average Yield Rates of Crops 2024-25,2
Virudhunagar,Bajra (Cumbu),Kharif,2652.0,kg/ha,2024-25,Tamil Nadu Department of Economics and Statistics - Districtwise Average Yield Rates of Crops 2024-25,2
Virudhunagar,Bajra (Cumbu),Rabi,2185.0,kg/ha,2024-25,Tamil Nadu Department of Economics and Statistics - Districtwise Average Yield Rates of Crops 2024-25,2
Virudhunagar,Banana,Combined,32726.0,kg/ha,2024-25,Tamil Nadu Department of Economics and Statistics - Districtwise Average Yield Rates of Crops 2024-25,10
Virudhunagar,Bengal Gram,Combined,926.0,kg/ha,2024-25,Tamil Nadu Department of Economics and Statistics - Districtwise Average Yield Rates of Crops 2024-25,4
Virudhunagar,Black Gram,Combined,465.0,kg/ha,2024-25,Tamil Nadu Department of Economics and Statistics - Districtwise Average Yield Rates of Crops 2024-25,5
Virudhunagar,Black Gram,Kharif,531.0,kg/ha,2024-25,Tamil Nadu Department of Economics and Statistics - Districtwise Average Yield Rates of Crops 2024-25,5
Virudhunagar,Black Gram,Rabi,456.0,kg/ha,2024-25,Tamil Nadu Department of Economics and Statistics - Districtwise Average Yield Rates of Crops 2024-25,5
Virudhunagar,Brinjal,Combined,13225.0,kg/ha,2024-25,Tamil Nadu Department of Economics and Statistics - Districtwise Average Yield Rates of Crops 2024-25,9
Virudhunagar,Cabbage,Combined,71595.0,kg/ha,2024-25,Tamil Nadu Department of Economics and Statistics - Districtwise Average Yield Rates of Crops 2024-25,9
Virudhunagar,Cardamom,Combined,87.0,kg/ha,2024-25,Tamil Nadu Department of Economics and Statistics - Districtwise Average Yield Rates of Crops 2024-25,8
Virudhunagar,Cashew Nut,Combined,364.0,kg/ha,2024-25,Tamil Nadu Department of Economics and Statistics - Districtwise Average Yield Rates of Crops 2024-25,10
Virudhunagar,Castor,Combined,312.0,kg/ha,2024-25,Tamil Nadu Department of Economics and Statistics - Districtwise Average Yield Rates of Crops 2024-25,12
Virudhunagar,Chillies,Combined,772.0,kg/ha,2024-25,Tamil Nadu Department of Economics and Statistics - Districtwise Average Yield Rates of Crops 2024-25,7
Virudhunagar,Cloves,Combined,874.0,kg/ha,2024-25,Tamil Nadu Department of Economics and Statistics - Districtwise Average Yield Rates of Crops 2024-25,7
Virudhunagar,Coconut,Combined,9634.0,nuts/ha,2024-25,Tamil Nadu Department of Economics and Statistics - Districtwise Average Yield Rates of Crops 2024-25,13
Virudhunagar,Coriander,Combined,543.0,kg/ha,2024-25,Tamil Nadu Department of Economics and Statistics - Districtwise Average Yield Rates of Crops 2024-25,8
Virudhunagar,Cotton,Combined,1769.0,kg/ha,2024-25,Tamil Nadu Department of Economics and Statistics - Districtwise Average Yield Rates of Crops 2024-25,13
Virudhunagar,Cotton,Kharif,205.0,kg/ha,2024-25,Tamil Nadu Department of Economics and Statistics - Districtwise Average Yield Rates of Crops 2024-25,13
Virudhunagar,Cotton,Rabi,318.0,kg/ha,2024-25,Tamil Nadu Department of Economics and Statistics - Districtwise Average Yield Rates of Crops 2024-25,13
Virudhunagar,Cowpea,Combined,554.0,kg/ha,2024-25,Tamil Nadu Department of Economics and Statistics - Districtwise Average Yield Rates of Crops 2024-25,6
Virudhunagar,Cowpea,Kharif,604.0,kg/ha,2024-25,Tamil Nadu Department of Economics and Statistics - Districtwise Average Yield Rates of Crops 2024-25,6
Virudhunagar,Cowpea,Rabi,549.0,kg/ha,2024-25,Tamil Nadu Department of Economics and Statistics - Districtwise Average Yield Rates of Crops 2024-25,6
Virudhunagar,Garlic,Combined,0.0,kg/ha,2024-25,Tamil Nadu Department of Economics and Statistics - Districtwise Average Yield Rates of Crops 2024-25,7
Virudhunagar,Gingelly,Combined,373.0,kg/ha,2024-25,Tamil Nadu Department of Economics and Statistics - Districtwise Average Yield Rates of Crops 2024-25,11
Virudhunagar,Gingelly,Kharif,289.0,kg/ha,2024-25,Tamil Nadu Department of Economics and Statistics - Districtwise Average Yield Rates of Crops 2024-25,11
Virudhunagar,Gingelly,Rabi,399.0,kg/ha,2024-25,Tamil Nadu Department of Economics and Statistics - Districtwise Average Yield Rates of Crops 2024-25,11
Virudhunagar,Ginger,Combined,5488.0,kg/ha,2024-25,Tamil Nadu Department of Economics and Statistics - Districtwise Average Yield Rates of Crops 2024-25,7
Virudhunagar,Grapes,Combined,41573.0,kg/ha,2024-25,Tamil Nadu Department of Economics and Statistics - Districtwise Average Yield Rates of Crops 2024-25,11
Virudhunagar,Green Gram,Combined,315.0,kg/ha,2024-25,Tamil Nadu Department of Economics and Statistics - Districtwise Average Yield Rates of Crops 2024-25,5
Virudhunagar,Green Gram,Kharif,239.0,kg/ha,2024-25,Tamil Nadu Department of Economics and Statistics - Districtwise Average Yield Rates of Crops 2024-25,5
Virudhunagar,Green Gram,Rabi,349.0,kg/ha,2024-25,Tamil Nadu Department of Economics and Statistics - Districtwise Average Yield Rates of Crops 2024-25,5
Virudhunagar,Groundnut,Combined,1586.0,kg/ha,2024-25,Tamil Nadu Department of Economics and Statistics - Districtwise Average Yield Rates of Crops 2024-25,11
Virudhunagar,Groundnut,Kharif,1463.0,kg/ha,2024-25,Tamil Nadu Department of Economics and Statistics - Districtwise Average Yield Rates of Crops 2024-25,11
Virudhunagar,Groundnut,Rabi,1624.0,kg/ha,2024-25,Tamil Nadu Department of Economics and Statistics - Districtwise Average Yield Rates of Crops 2024-25,11
Virudhunagar,Guava,Combined,4369.0,kg/ha,2024-25,Tamil Nadu Department of Economics and Statistics - Districtwise Average Yield Rates of Crops 2024-25,11
Virudhunagar,Horse Gram,Combined,710.0,kg/ha,2024-25,Tamil Nadu Department of Economics and Statistics - Districtwise Average Yield Rates of Crops 2024-25,5
Virudhunagar,Horse Gram,Kharif,0.0,kg/ha,2024-25,Tamil Nadu Department of Economics and Statistics - Districtwise Average Yield Rates of Crops 2024-25,5
Virudhunagar,Horse Gram,Rabi,710.0,kg/ha,2024-25,Tamil Nadu Department of Economics and Statistics - Districtwise Average Yield Rates of Crops 2024-25,5
Virudhunagar,Jack Fruit,Combined,20056.0,kg/ha,2024-25,Tamil Nadu Department of Economics and Statistics - Districtwise Average Yield Rates of Crops 2024-25,10
Virudhunagar,Jowar (Cholam),Combined,1737.0,kg/ha,2024-25,Tamil Nadu Department of Economics and Statistics - Districtwise Average Yield Rates of Crops 2024-25,1
Virudhunagar,Jowar (Cholam),Kharif,2019.0,kg/ha,2024-25,Tamil Nadu Department of Economics and Statistics - Districtwise Average Yield Rates of Crops 2024-25,1
Virudhunagar,Jowar (Cholam),Rabi,1683.0,kg/ha,2024-25,Tamil Nadu Department of Economics and Statistics - Districtwise Average Yield Rates of Crops 2024-25,1
Virudhunagar,Korra,Combined,470.0,kg/ha,2024-25,Tamil Nadu Department of Economics and Statistics - Districtwise Average Yield Rates of Crops 2024-25,3
Virudhunagar,Lady's Finger,Combined,11366.0,kg/ha,2024-25,Tamil Nadu Department of Economics and Statistics - Districtwise Average Yield Rates of Crops 2024-25,9
Virudhunagar,Lemon,Combined,2100.0,kg/ha,2024-25,Tamil Nadu Department of Economics and Statistics - Districtwise Average Yield Rates of Crops 2024-25,10
Virudhunagar,Maize,Combined,4349.0,kg/ha,2024-25,Tamil Nadu Department of Economics and Statistics - Districtwise Average Yield Rates of Crops 2024-25,3
Virudhunagar,Maize,Kharif,4857.0,kg/ha,2024-25,Tamil Nadu Department of Economics and Statistics - Districtwise Average Yield Rates of Crops 2024-25,3
Virudhunagar,Maize,Rabi,4344.0,kg/ha,2024-25,Tamil Nadu Department of Economics and Statistics - Districtwise Average Yield Rates of Crops 2024-25,3
Virudhunagar,Mango,Combined,6069.0,kg/ha,2024-25,Tamil Nadu Department of Economics and Statistics - Districtwise Average Yield Rates of Crops 2024-25,10
Virudhunagar,Onion,Combined,6161.0,kg/ha,2024-25,Tamil Nadu Department of Economics and Statistics - Districtwise Average Yield Rates of Crops 2024-25,9
Virudhunagar,Onion,Kharif,10529.0,kg/ha,2024-25,Tamil Nadu Department of Economics and Statistics - Districtwise Average Yield Rates of Crops 2024-25,9
Virudhunagar,Onion,Rabi,5432.0,kg/ha,2024-25,Tamil Nadu Department of Economics and Statistics - Districtwise Average Yield Rates of Crops 2024-25,9
Virudhunagar,Orange,Combined,3912.0,kg/ha,2024-25,Tamil Nadu Department of Economics and Statistics - Districtwise Average Yield Rates of Crops 2024-25,10
Virudhunagar,Other Cereals,Combined,1415.0,kg/ha,2024-25,Tamil Nadu Department of Economics and Statistics - Districtwise Average Yield Rates of Crops 2024-25,4
Virudhunagar,Other Pulses,Combined,585.0,kg/ha,2024-25,Tamil Nadu Department of Economics and Statistics - Districtwise Average Yield Rates of Crops 2024-25,6
Virudhunagar,Other Pulses,Kharif,585.0,kg/ha,2024-25,Tamil Nadu Department of Economics and Statistics - Districtwise Average Yield Rates of Crops 2024-25,6
Virudhunagar,Other Pulses,Rabi,585.0,kg/ha,2024-25,Tamil Nadu Department of Economics and Statistics - Districtwise Average Yield Rates of Crops 2024-25,6
Virudhunagar,Paddy,Combined,2789.0,kg/ha,2024-25,Tamil Nadu Department of Economics and Statistics - Districtwise Average Yield Rates of Crops 2024-25,1
Virudhunagar,Paddy,Kar/Kuruvai/Sornavari,3689.0,kg/ha,2024-25,Tamil Nadu Department of Economics and Statistics - Districtwise Average Yield Rates of Crops 2024-25,1
Virudhunagar,Paddy,Navarai/Kodai,3108.0,kg/ha,2024-25,Tamil Nadu Department of Economics and Statistics - Districtwise Average Yield Rates of Crops 2024-25,1
Virudhunagar,Paddy,Samba/Thaladi/Pishanam,2653.0,kg/ha,2024-25,Tamil Nadu Department of Economics and Statistics - Districtwise Average Yield Rates of Crops 2024-25,1
Virudhunagar,Pepper,Combined,0.0,kg/ha,2024-25,Tamil Nadu Department of Economics and Statistics - Districtwise Average Yield Rates of Crops 2024-25,7
Virudhunagar,Pine Apple,Combined,0.0,kg/ha,2024-25,Tamil Nadu Department of Economics and Statistics - Districtwise Average Yield Rates of Crops 2024-25,10
Virudhunagar,Potato,Combined,0.0,kg/ha,2024-25,Tamil Nadu Department of Economics and Statistics - Districtwise Average Yield Rates of Crops 2024-25,8
Virudhunagar,Potato,Kharif,0.0,kg/ha,2024-25,Tamil Nadu Department of Economics and Statistics - Districtwise Average Yield Rates of Crops 2024-25,8
Virudhunagar,Potato,Rabi,0.0,kg/ha,2024-25,Tamil Nadu Department of Economics and Statistics - Districtwise Average Yield Rates of Crops 2024-25,8
Virudhunagar,Ragi,Combined,6845.0,kg/ha,2024-25,Tamil Nadu Department of Economics and Statistics - Districtwise Average Yield Rates of Crops 2024-25,2
Virudhunagar,Ragi,Kharif,3922.0,kg/ha,2024-25,Tamil Nadu Department of Economics and Statistics - Districtwise Average Yield Rates of Crops 2024-25,2
Virudhunagar,Ragi,Rabi,6942.0,kg/ha,2024-25,Tamil Nadu Department of Economics and Statistics - Districtwise Average Yield Rates of Crops 2024-25,2
Virudhunagar,Rapeseed & Mustard,Combined,0.0,kg/ha,2024-25,Tamil Nadu Department of Economics and Statistics - Districtwise Average Yield Rates of Crops 2024-25,12
Virudhunagar,Red Gram,Combined,1021.0,kg/ha,2024-25,Tamil Nadu Department of Economics and Statistics - Districtwise Average Yield Rates of Crops 2024-25,4
Virudhunagar,Red Gram,Kharif,1015.0,kg/ha,2024-25,Tamil Nadu Department of Economics and Statistics - Districtwise Average Yield Rates of Crops 2024-25,4
Virudhunagar,Red Gram,Rabi,1026.0,kg/ha,2024-25,Tamil Nadu Department of Economics and Statistics - Districtwise Average Yield Rates of Crops 2024-25,4
Virudhunagar,Samai,Combined,0.0,kg/ha,2024-25,Tamil Nadu Department of Economics and Statistics - Districtwise Average Yield Rates of Crops 2024-25,4
Virudhunagar,Samai,Kharif,0.0,kg/ha,2024-25,Tamil Nadu Department of Economics and Statistics - Districtwise Average Yield Rates of Crops 2024-25,4
Virudhunagar,Samai,Rabi,0.0,kg/ha,2024-25,Tamil Nadu Department of Economics and Statistics - Districtwise Average Yield Rates of Crops 2024-25,4
Virudhunagar,Sugar Cane,Combined,96.0,tonnes/ha,2024-25,Tamil Nadu Department of Economics and Statistics - Districtwise Average Yield Rates of Crops 2024-25,6
Virudhunagar,Sun Flower,Combined,1088.0,kg/ha,2024-25,Tamil Nadu Department of Economics and Statistics - Districtwise Average Yield Rates of Crops 2024-25,12
Virudhunagar,Sun Flower,Kharif,1935.0,kg/ha,2024-25,Tamil Nadu Department of Economics and Statistics - Districtwise Average Yield Rates of Crops 2024-25,12
Virudhunagar,Sun Flower,Rabi,1088.0,kg/ha,2024-25,Tamil Nadu Department of Economics and Statistics - Districtwise Average Yield Rates of Crops 2024-25,12
Virudhunagar,Sweet Potato,Combined,19336.0,kg/ha,2024-25,Tamil Nadu Department of Economics and Statistics - Districtwise Average Yield Rates of Crops 2024-25,8
Virudhunagar,Tamarind,Combined,3123.0,kg/ha,2024-25,Tamil Nadu Department of Economics and Statistics - Districtwise Average Yield Rates of Crops 2024-25,8
Virudhunagar,Tapioca,Combined,40259.0,kg/ha,2024-25,Tamil Nadu Department of Economics and Statistics - Districtwise Average Yield Rates of Crops 2024-25,8
Virudhunagar,Tobacco,Combined,0.0,kg/ha,2024-25,Tamil Nadu Department of Economics and Statistics - Districtwise Average Yield Rates of Crops 2024-25,13
Virudhunagar,Tomato,Combined,19663.0,kg/ha,2024-25,Tamil Nadu Department of Economics and Statistics - Districtwise Average Yield Rates of Crops 2024-25,9
Virudhunagar,Turmeric,Combined,0.0,kg/ha,2024-25,Tamil Nadu Department of Economics and Statistics - Districtwise Average Yield Rates of Crops 2024-25,7
Virudhunagar,Varagu,Combined,1411.0,kg/ha,2024-25,Tamil Nadu Department of Economics and Statistics - Districtwise Average Yield Rates of Crops 2024-25,3
Virudhunagar,Varagu,Kharif,1323.0,kg/ha,2024-25,Tamil Nadu Department of Economics and Statistics - Districtwise Average Yield Rates of Crops 2024-25,3
Virudhunagar,Varagu,Rabi,1415.0,kg/ha,2024-25,Tamil Nadu Department of Economics and Statistics - Districtwise Average Yield Rates of Crops 2024-25,3
